<application>
  <component name="CodeInsightSettings">
    <option name="AUTO_POPUP_JAVADOC_INFO" value="true" />
  </component>
  <component name="EditorSettings">
    <option name="USE_SOFT_WRAPS" value="" />
  </component>
  <component name="TodoConfiguration">
    <pattern pattern="\bNotImplementedException\b" />
    <pattern case-sensitive="true" pattern="(?&lt;=\W|^)(?&lt;TAG&gt;BUG:)(\W|$)(.*)" />
    <pattern pattern="(?&lt;=\W|^)(?&lt;TAG&gt;TODO)(\W|$)(.*)" />
  </component>
</application>