<application>
  <component name="NodeJsLocalInterpreterManager">
    <local-interpreter path="/bin/node">
      <version-cache version="13.7.0" last-modified="1579624574000" />
    </local-interpreter>
    <local-interpreter path="$USER_HOME$/.nvm/versions/node/v18.18.0/bin/node" />
    <local-interpreter path="$USER_HOME$/.nvm/versions/node/v17.3.0/bin/node" />
    <local-interpreter path="$USER_HOME$/.nvm/versions/node/v16.20.2/bin/node" />
    <local-interpreter path="$USER_HOME$/.nvm/versions/node/v16.13.1/bin/node" />
    <local-interpreter path="$USER_HOME$/.nvm/versions/node/v14.18.1/bin/node" />
    <local-interpreter path="$USER_HOME$/.nvm/versions/node/v13.7.0/bin/node" />
    <local-interpreter path="$USER_HOME$/.nvm/versions/node/v12.14.0/bin/node" />
    <local-interpreter path="$USER_HOME$/.nvm/versions/node/v12.10.0/bin/node" />
    <local-interpreter path="$USER_HOME$/.nvm/versions/node/v10.16.0/bin/node" />
    <local-interpreter path="$USER_HOME$/.nvm/versions/node/v8.16.1/bin/node" />
  </component>
</application>