<application>
  <component name="DimensionService">
    <size key="GridCell.Tab.0.left.3840.0.3840.2160" width="3758" height="654" />
    <size key="GridCell.Tab.0.center.3840.0.3840.2160" width="3758" height="654" />
    <size key="GridCell.Tab.0.right.3840.0.3840.2160" width="3758" height="654" />
    <size key="GridCell.Tab.0.bottom.3840.0.3840.2160" width="3758" height="654" />
    <size key="GridCell.Tab.1.left.3840.0.3840.2160" width="3758" height="654" />
    <size key="GridCell.Tab.1.center.3840.0.3840.2160" width="3758" height="654" />
    <size key="GridCell.Tab.1.right.3840.0.3840.2160" width="3758" height="654" />
    <size key="GridCell.Tab.1.bottom.3840.0.3840.2160" width="3758" height="654" />
    <size key="GridCell.Tab.2.left.3840.0.3840.2160" width="3758" height="654" />
    <size key="GridCell.Tab.2.center.3840.0.3840.2160" width="3758" height="654" />
    <size key="GridCell.Tab.2.right.3840.0.3840.2160" width="3758" height="654" />
    <size key="GridCell.Tab.2.bottom.3840.0.3840.2160" width="3758" height="654" />
    <size key="GridCell.Tab.3.left.3840.0.3840.2160" width="3758" height="654" />
    <size key="GridCell.Tab.3.center.3840.0.3840.2160" width="3758" height="654" />
    <size key="GridCell.Tab.3.right.3840.0.3840.2160" width="3758" height="654" />
    <size key="GridCell.Tab.3.bottom.3840.0.3840.2160" width="3758" height="654" />
  </component>
  <component name="WindowManager">
    <frame x="5060" y="580" width="1400" height="1000" extendedState="6" />
  </component>
  <component name="WindowStateApplicationService">
    <state width="343" height="111" key="ShowUsagesActions.dimensionServiceKey" timestamp="1735364626869">
      <screen x="3840" y="25" width="3840" height="2110" />
    </state>
    <state width="343" height="111" key="ShowUsagesActions.dimensionServiceKey/3840.25.3840.2110/0.0.3840.2160" timestamp="1735364626869" />
  </component>
</application>