<application>
  <component name="FindSettings">
    <option name="customScope" value="Project Files" />
    <option name="defaultScopeName" value="Project Files" />
    <option name="localRegularExpressions" value="true" />
    <option name="regularExpressions" value="true" />
    <option name="REGULAR_EXPRESSIONS" value="true" />
    <option name="LOCAL_REGULAR_EXPRESSIONS" value="true" />
    <option name="SEARCH_SCOPE" value="Project Files" />
    <mask>*.js</mask>
    <mask>*.as</mask>
    <mask>*.mxml</mask>
    <mask>*.tsx</mask>
    <mask>*.ts*</mask>
    <mask>*.json</mask>
    <mask>*.ts</mask>
    <mask>*.css</mask>
    <mask>*.html</mask>
    <mask>*.xml</mask>
    <mask>*.jsp</mask>
    <mask>*.properties</mask>
    <mask>*.java</mask>
    <mask>URL.js</mask>
    <mask>*.yml</mask>
    <mask>package.json</mask>
  </component>
</application>