<application>
  <component name="GeneralSettings">
    <option name="showTipsOnStartup" value="false" />
    <option name="searchInBackground" value="true" />
    <option name="confirmExit" value="false" />
    <option name="confirmOpenNewProject2" value="0" />
    <option name="processCloseConfirmation" value="TERMINATE" />
  </component>
  <component name="Registry">
    <entry key="ide.firstStartup" value="false" source="SYSTEM" />
    <entry key="ide.editor.tabs.open.at.the.end" value="true" source="SYSTEM" />
    <entry key="analyze.exceptions.on.the.fly" value="true" source="SYSTEM" />
    <entry key="debugger.valueTooltipAutoShow" value="false" source="SYSTEM" />
    <entry key="ide.tooltip.initialDelay" value="1197" source="SYSTEM" />
    <entry key="SBT.system.in.process" value="true" source="SYSTEM" />
    <entry key="ide.balloon.shadow.size" value="0" source="SYSTEM" />
    <entry key="win.editor.thumb.default.alpha.base" value="0" source="SYSTEM" />
    <entry key="win.editor.thumb.default.alpha.delta" value="102" source="SYSTEM" />
    <entry key="win.editor.thumb.darcula.alpha.base" value="0" source="SYSTEM" />
    <entry key="win.editor.thumb.darcula.alpha.delta" value="102" source="SYSTEM" />
    <entry key="win.editor.thumb.default.fill.min" value="102" source="SYSTEM" />
    <entry key="win.editor.thumb.default.fill.max" value="150" source="SYSTEM" />
    <entry key="win.editor.thumb.darcula.fill.min" value="102" source="SYSTEM" />
    <entry key="ide.tree.ui.experimental" value="false" source="SYSTEM" />
    <entry key="js.debugger.webconsole" value="false" source="SYSTEM" />
    <entry key="eslint.additional.file.extensions" value="svelte" source="SYSTEM" />
    <entry key="org.toml.json.schema" value="false" source="SYSTEM" />
    <entry key="moved.to.new.ui" value="true" source="SYSTEM" />
    <entry key="vcs.log.index.enable" value="true" source="SYSTEM" />
    <entry key="jvm.dfa.analysis.ui.security.analysis.window.was.shown" value="true" source="SYSTEM" />
  </component>
  <component name="StatusBar">
    <option name="widgets">
      <map>
        <entry key="Memory" value="true" />
        <entry key="ReadOnlyAttribute" value="false" />
        <entry key="github.copilot.statusBarWidgetFactory" value="false" />
      </map>
    </option>
  </component>
</application>