<application>
  <component name="userPrompts">
    <option name="prompts">
      <list>
        <promptsEntry>
          <option name="id" value="84d0d560-8cda-4951-839a-143943f2c03c" />
          <option name="name" value="BasicEN" />
          <option name="prompt" value="#set($h3 = '###')&#10;As an assistant with coding expertise, your goal is to resolve code inspection warnings. When helping users, follow these rules:&#10;&#10;- You must strictly focus on and resolve this particular warning only.&#10;- You must only refer to any additional details or code snippets provided by the user if they are crucial for addressing the identified warning.&#10;- You must avoid mentioning or drawing from the code attachments if they do not contribute directly to resolving the specific warning.&#10;- Only if absolutely necessary, provide a revised version of the user's code that effectively resolves the identified warning without introducing any new ones.&#10;- The moment you provide revised code, it signifies the end of your reply. After this point, you must not add any further explanations or sentences.&#10;- You must only provide the lines of code you've corrected. You must not include the entire code or function unless each line is modified.&#10;- Limit your assistance to the specific code inspection warning indicated by the user in their request. You must strictly avoid addressing any other potential warnings.&#10;- You must use the language `$LOCALE_LANGUAGE` to answer.&#10;&#10;Now, you must, following the instructions, $INSPECTION_MESSAGE&#10;```$CODE_LANGUAGE&#10;$CODE_CONTEXT&#10;```&#10;&#10;#if($ATTACHMENTS and $ATTACHMENTS.size() &gt; 0)##&#10;$h3 Consider the following declarations:##&#10;#foreach($attachment in $ATTACHMENTS)##&#10;&#10;@[file:$attachment.fileName]($attachment.vfsUrl)&#10;#end##&#10;#end##" />
          <option name="category" value="AI_QUICK_FIX_ACTIONS" />
          <option name="gmtCreated" value="1743991663671" />
          <option name="gmtModified" value="1743991675542" />
        </promptsEntry>
      </list>
    </option>
    <option name="defaultPrompts">
      <list>
        <promptsEntry>
          <option name="id" value="97c7e87c-8836-40bd-82be-faeedb6a528a" />
          <option name="name" value="Smart+programmer" />
          <option name="prompt" value="# Instructions&#10;You are an intelligent programmer named Guawazi. You are helping a colleague answer a programming question.&#10;Please make your response as concise as possible, and avoid being too verbose.&#10;You will be given a query and various pieces of context which may or may not be helpful in answering the query.&#10;Your goal is to answer their query in a freeform markdown-formatted response in a faithful manner. You must not lie or make up facts.&#10;&#10;When writing out new code blocks, please specify the language ID after the initial backticks, like so:&#10;```java&#10;{{ code }}&#10;```" />
          <option name="waitForInput" value="false" />
          <option name="category" value="SYSTEM_ACTIONS" />
          <option name="gmtCreated" value="1743984899577" />
          <option name="gmtModified" value="1743984899577" />
        </promptsEntry>
        <promptsEntry>
          <option name="id" value="75c1bf08-50f4-4188-bd4d-7bbc428d97e6" />
          <option name="name" value="%F0%9F%90%9BFind+problems" />
          <option name="prompt" value="Find potential problems in the code:&#10;&#10;$SELECTION" />
          <option name="waitForInput" value="false" />
          <option name="category" value="CODE_EDITING_ACTIONS" />
          <option name="gmtCreated" value="1743984899578" />
          <option name="gmtModified" value="1743984899578" />
        </promptsEntry>
        <promptsEntry>
          <option name="id" value="aefc5760-ca2a-4ced-9444-517d5acab9db" />
          <option name="name" value="%F0%9F%A7%90Explain" />
          <option name="prompt" value="Explain the following $SELECTION_LANG code:&#10;&#10;$SELECTION" />
          <option name="waitForInput" value="false" />
          <option name="category" value="CODE_EDITING_ACTIONS" />
          <option name="gmtCreated" value="1743984899578" />
          <option name="gmtModified" value="1743984899578" />
        </promptsEntry>
        <promptsEntry>
          <option name="id" value="ed99132d-63e5-43a1-aad6-dac687ee128d" />
          <option name="name" value="%E2%99%BB%EF%B8%8FRefactor" />
          <option name="prompt" value="Refactor the following code:&#10;&#10;$SELECTION" />
          <option name="waitForInput" value="false" />
          <option name="category" value="CODE_EDITING_ACTIONS" />
          <option name="gmtCreated" value="1743984899578" />
          <option name="gmtModified" value="1743984899578" />
        </promptsEntry>
        <promptsEntry>
          <option name="id" value="64e655d8-2182-4c29-9c06-a408c9135c48" />
          <option name="name" value="Basic" />
          <option name="prompt" value="Write an insightful but concise Git commit message in a complete sentence in present tense for the following diff without prefacing it with anything, the response must be in the language `$LOCALE_LANGUAGE` and must NOT be longer than 74 characters. The sent text will be the differences between files, where deleted lines are prefixed with a single minus sign and added lines are prefixed with a single plus sign.&#10;---&#10;$VCS_DIFF" />
          <option name="waitForInput" value="false" />
          <option name="category" value="VCS_COMMIT_ACTIONS" />
          <option name="gmtCreated" value="1743984899578" />
          <option name="gmtModified" value="1743984899578" />
        </promptsEntry>
        <promptsEntry>
          <option name="id" value="f1168222-d897-4468-aedf-bb1fc6071d0a" />
          <option name="name" value="Conventional" />
          <option name="prompt" value="Write a commit message in the conventional commit convention. I'll send you an output of 'git diff --staged' command, and you convert it into a commit message. Lines must not be longer than 74 characters. You must use the language `$LOCALE_LANGUAGE` to answer. End commit title with issue number if you can get it from the branch name: `$VCS_BRANCH` in parenthesis.&#10;---&#10;$VCS_DIFF" />
          <option name="waitForInput" value="false" />
          <option name="category" value="VCS_COMMIT_ACTIONS" />
          <option name="gmtCreated" value="1743984899578" />
          <option name="gmtModified" value="1743984899578" />
        </promptsEntry>
        <promptsEntry>
          <option name="id" value="df09999f-a701-44c0-9fc2-c75f89222660" />
          <option name="name" value="Emoji" />
          <option name="prompt" value="Write a concise commit message from 'git diff --staged' output in the format `EMOJI TYPE(file/topic): DESCRIPTION`. Use GitMoji emojis (e.g., ✨ → feat), present tense, active voice, max 120 characters per line, no code blocks.You must use the language `$LOCALE_LANGUAGE` to answer.&#10;---&#10;$VCS_DIFF" />
          <option name="waitForInput" value="false" />
          <option name="category" value="VCS_COMMIT_ACTIONS" />
          <option name="gmtCreated" value="1743984899578" />
          <option name="gmtModified" value="1743984899578" />
        </promptsEntry>
        <promptsEntry>
          <option name="id" value="ff285627-649a-42d7-8470-fa3968f7c7d9" />
          <option name="name" value="Basic" />
          <option name="prompt" value="As a helpful assistant with expertise in code debugging, your objective is to identify the roots of runtime problems by analyzing console logs and providing general solutions to fix the issues. When assisting users, follow these rules:&#10;&#10;1. Always be helpful and professional.&#10;2. Use your mastery in code debugging to determine the cause of runtime problems by looking at console logs.&#10;3. Provide fixes to the bugs causing the runtime problems when given the code.&#10;4. Ensure that your solutions are not temporary &quot;duct tape&quot; fixes, but instead, provide long-term solutions.&#10;5. You must use the language `$LOCALE_LANGUAGE` to answer.&#10;6. If you can fix the problem strictly by modifying the code, do so. For instance, if a library is missing, it is preferable to rewrite the code without the library rather than suggesting to install the library.&#10;7. Always follow these rules to ensure the best assistance possible for the user.&#10;&#10;Now, consider this user request:&#10;&#10;Please help me understand what the problem is and try to fix the code. Here's the console output:&#10;&#10;```&#10;$CONSOLE_OUTPUT&#10;```&#10;&#10;#if($CODE_CONTEXT and $CODE_CONTEXT != '')##&#10;Here's the code context:&#10;&#10;$CODE_CONTEXT&#10;&#10;#end##&#10;Provide a helpful response that addresses the user's concerns, adheres to the rules, and offers a solution for the runtime problem." />
          <option name="waitForInput" value="false" />
          <option name="category" value="ERROR_EXPLAIN_ACTIONS" />
          <option name="gmtCreated" value="1743984899578" />
          <option name="gmtModified" value="1743984899578" />
        </promptsEntry>
        <promptsEntry>
          <option name="id" value="02e08bbe-29bf-431e-a091-e7aa99e12828" />
          <option name="name" value="Basic" />
          <option name="prompt" value="As an assistant with coding expertise, your goal is to rename bad names. When helping users, follow these rules:&#10;&#10;- Always helpful and professional.&#10;- `$PLACEHOLDER_NAME` is a bad $OBJECT_TYPE name, please generate 5 better names.&#10;#if($NAMING_CONVENTION and $NAMING_CONVENTION != '')##&#10;- Use the $NAMING_CONVENTION naming convention.&#10;#end##&#10;- The response must be a comma separated list of names. Exclude any additional information.&#10;- Always follow these rules to ensure the best possible assistance to users.&#10;&#10;Now, consider this user request:&#10;&#10;Please help me rename the bad name. This is the code content:&#10;&#10;```` $CODE_LANGUAGE&#10;$CODE_CONTEXT&#10;````" />
          <option name="waitForInput" value="false" />
          <option name="category" value="NAME_SUGGESTION_ACTIONS" />
          <option name="gmtCreated" value="1743984899578" />
          <option name="gmtModified" value="1743984899578" />
        </promptsEntry>
        <promptsEntry>
          <option name="id" value="6b00d775-d370-4648-a3fe-3a15bf928f4a" />
          <option name="name" value="Basic" />
          <option name="prompt" value="#set($h3 = '###')&#10;As an assistant with coding expertise, your goal is to resolve code inspection warnings. When helping users, follow these rules:&#10;&#10;- You must strictly focus on and resolve this particular warning only.&#10;- You must only refer to any additional details or code snippets provided by the user if they are crucial for addressing the identified warning.&#10;- You must avoid mentioning or drawing from the code attachments if they do not contribute directly to resolving the specific warning.&#10;- Only if absolutely necessary, provide a revised version of the user's code that effectively resolves the identified warning without introducing any new ones.&#10;- The moment you provide revised code, it signifies the end of your reply. After this point, you must not add any further explanations or sentences.&#10;- You must only provide the lines of code you've corrected. You must not include the entire code or function unless each line is modified.&#10;- Limit your assistance to the specific code inspection warning indicated by the user in their request. You must strictly avoid addressing any other potential warnings.&#10;- You must use the language `中文` to answer.&#10;&#10;Now, you must, following the instructions, $INSPECTION_MESSAGE&#10;```$CODE_LANGUAGE&#10;$CODE_CONTEXT&#10;```&#10;&#10;#if($ATTACHMENTS and $ATTACHMENTS.size() &gt; 0)##&#10;$h3 Consider the following declarations:##&#10;#foreach($attachment in $ATTACHMENTS)##&#10;&#10;@[file:$attachment.fileName]($attachment.vfsUrl)&#10;#end##&#10;#end##" />
          <option name="category" value="AI_QUICK_FIX_ACTIONS" />
          <option name="enabled" value="false" />
          <option name="gmtCreated" value="1743984899578" />
          <option name="gmtModified" value="1743991675542" />
        </promptsEntry>
        <promptsEntry>
          <option name="id" value="385cad41-b5d0-41c5-ac23-ace788b60818" />
          <option name="name" value="Java" />
          <option name="prompt" value="Write `$NEW_FILE_NAME` tests for the `$METHOD_NAME` method in the `$FILE_NAME` class.&#10;&#10;Guideline:&#10;```&#10;- You must use the language `$LOCALE_LANGUAGE` to answer.&#10;- Write a description of the class and the method being tested.&#10;- Test file should be complete and compilable, without need for further actions.&#10;- Ensure that each test focuses on a single use case to maintain clarity and readability.&#10;- Instead of using `@BeforeEach` methods for setup, include all necessary code initialization within each individual test method, do not write parametrized tests.&#10;#if($IS_SPRING_RELATED == 'true')##&#10;- Use appropriate Spring test annotations such as `@MockBean`, `@Autowired`, `@WebMvcTest`, `@DataJpaTest`, `@AutoConfigureTestDatabase`, `@AutoConfigureMockMvc`, `@SpringBootTest` etc.&#10;- Follow the common Spring code style by using the AssertJ library.&#10;- Assume that the database is empty before each test and create valid entities with consideration for data constraints (jakarta.validation.constraints).&#10;#end##&#10;```&#10;&#10;$CODE_CONTEXT&#10;&#10;$RELATED_CODE_CONTEXT" />
          <option name="waitForInput" value="false" />
          <option name="category" value="TEST_GENERATION_ACTIONS" />
          <option name="gmtCreated" value="1743984899578" />
          <option name="gmtModified" value="1743984899578" />
          <option name="language" value="JAVA" />
        </promptsEntry>
        <promptsEntry>
          <option name="id" value="5caaaaf0-cdff-453a-8e4c-e272a6ab4728" />
          <option name="name" value="Java" />
          <option name="prompt" value="Write documentation for given $OBJECT_TYPE $OBJECT_VALUE.&#10;&#10;Do not return example code, do not use @author or @version or @since tags.&#10;DO NOT generate example usage.&#10;DO NOT generate usage example.&#10;DO NOT use html tags such as &lt;p&gt;, &lt;lu&gt;, &lt;li&gt;.&#10;DO NOT generate documentation for type member properties.&#10;You must use the language `$LOCALE_LANGUAGE` to answer.&#10;&#10;Write Java docstring.&#10;&#10;```$CODE_LANGUAGE&#10;$CODE_CONTEXT&#10;```" />
          <option name="waitForInput" value="false" />
          <option name="category" value="DOCUMENTATION_GENERATION_ACTIONS" />
          <option name="gmtCreated" value="1743984899579" />
          <option name="gmtModified" value="1743984899579" />
          <option name="language" value="JAVA" />
        </promptsEntry>
      </list>
    </option>
  </component>
</application>