<application>
  <component name="TaskSettings">
    <option name="ALWAYS_DISPLAY_COMBO" value="true" />
  </component>
  <component name="TaskStorage">
    <tasks>
      <task priority="Normal" completed="false" estimated="0" created="1501642484006" actual="0" highlighted="false" highlightingtype="Red" title="@radic/console" description="">
        <task priority="Normal" completed="false" estimated="0" created="1501669660248" actual="0" highlighted="false" highlightingtype="Red" title="Improvements to HelpHelper" description="">
          <task priority="Normal" completed="true" estimated="0" created="1501692780244" actual="0" highlighted="false" highlightingtype="Red" title="implement overrides" description="" />
          <task priority="Normal" completed="false" estimated="0" created="1501692848606" actual="0" highlighted="false" highlightingtype="Red" title="update / improve styles " description="" />
          <task priority="Normal" completed="true" estimated="0" created="1501692879372" actual="0" highlighted="false" highlightingtype="Red" title="implement all templates" description="" />
          <task priority="Normal" completed="true" estimated="0" created="1501692934288" actual="0" highlighted="false" highlightingtype="Red" title="print commands and command groups seperately (printSubCommands)" description="" />
          <task priority="Normal" completed="true" estimated="0" created="1501692959804" actual="0" highlighted="false" highlightingtype="Red" title="create print structure tree" description="" />
        </task>
        <task priority="Normal" completed="false" estimated="0" created="1501693169359" actual="0" highlighted="false" highlightingtype="Red" title="improve / add cli start possibilities" description="">
          <task priority="Normal" completed="true" estimated="0" created="1501693252833" actual="0" highlighted="false" highlightingtype="Red" title="[declined] add alternative to decorator-class based command definitions. " description="" />
          <task priority="Normal" completed="false" estimated="0" created="1501693285276" actual="0" highlighted="false" highlightingtype="Red" title="[next version] add support for single-file single-class command handling" description="" />
        </task>
        <task priority="Normal" completed="false" estimated="0" created="1501694475150" actual="0" highlighted="false" highlightingtype="Red" title="Clean up and improve Cli.parse and Cli.executeCommand. Also clean up messy Events fired by Cli" description="" />
        <task priority="Normal" completed="false" estimated="0" created="1501694500926" actual="0" highlighted="false" highlightingtype="Red" title="Plugins" description="" />
        <task priority="Normal" completed="false" estimated="0" created="1503467059172" actual="0" highlighted="false" highlightingtype="Red" title="[Clean Promise Mess] get rid of unhandled promise rejection warning and make it sensible what's going on" description="" />
      </task>
      <task priority="Normal" completed="false" estimated="0" created="1501642489474" actual="0" highlighted="false" highlightingtype="Red" title="@radic/cli" description="" />
      <task priority="Normal" completed="false" estimated="0" created="1501642495829" actual="0" highlighted="false" highlightingtype="Red" title="@radic/util" description="" />
      <task priority="Normal" completed="false" estimated="0" created="1501642512453" actual="0" highlighted="false" highlightingtype="Red" title="@radic/console-colors" description="" />
      <task priority="Normal" completed="false" estimated="0" created="1501642551345" actual="0" highlighted="false" highlightingtype="Red" title="@radic/os / radic-term / bin" description="" />
      <task priority="Normal" completed="false" estimated="0" created="1501642568397" actual="0" highlighted="false" highlightingtype="Red" title="codex/core" description="" />
      <task priority="Normal" completed="false" estimated="0" created="1501642578922" actual="0" highlighted="false" highlightingtype="Red" title="server" description="" />
      <task priority="Normal" completed="false" estimated="0" created="1502492925697" actual="0" highlighted="false" highlightingtype="Red" title="codex/theme" description="">
        <task priority="Normal" completed="false" estimated="0" created="1502492953856" actual="0" highlighted="false" highlightingtype="Red" title="[bug] sidebar folding animation" description="" />
        <task priority="Normal" completed="false" estimated="0" created="1502493020514" actual="0" highlighted="false" highlightingtype="Red" title="[improvement] closed sidebar hover navigation" description="behaves cracky, this should be improved&#10;" />
        <task priority="Normal" completed="false" estimated="0" created="1503537925286" actual="0" highlighted="false" highlightingtype="Red" title="[header] responsive" description="" />
        <task priority="Normal" completed="false" estimated="0" created="1503578086300" actual="0" highlighted="false" highlightingtype="Red" title="[welcome] overview" description="">
          <task priority="Normal" completed="false" estimated="0" created="1503578254753" actual="0" highlighted="false" highlightingtype="Red" title="[welcome] [overview] add sensible and informative information" description="" />
          <task priority="Normal" completed="false" estimated="0" created="1503578286347" actual="0" highlighted="false" highlightingtype="Red" title="[welcome] [overview] repair carousel / add images" description="" />
        </task>
        <task priority="Normal" completed="false" estimated="0" created="1503578126119" actual="0" highlighted="false" highlightingtype="Red" title="social media" description="">
          <task priority="Normal" completed="false" estimated="0" created="1503578137057" actual="0" highlighted="false" highlightingtype="Red" title="[welcome] social button links" description="" />
        </task>
        <task priority="Normal" completed="false" estimated="0" created="1503578196025" actual="0" highlighted="false" highlightingtype="Red" title="[welcome] add 2 more features" description="" />
      </task>
      <task priority="Normal" completed="false" estimated="0" created="1503334111738" actual="0" highlighted="false" highlightingtype="Red" title="robin.radic.nl" description="">
        <task priority="Normal" completed="false" estimated="0" created="1503334126102" actual="0" highlighted="false" highlightingtype="Red" title="welcome page" description="">
          <task priority="Normal" completed="false" estimated="0" created="1503334137074" actual="0" highlighted="false" highlightingtype="Red" title="recent blog posts" description="" />
          <task priority="Normal" completed="false" estimated="0" created="1503334141375" actual="0" highlighted="false" highlightingtype="Red" title="categories" description="" />
          <task priority="Normal" completed="false" estimated="0" created="1503334156707" actual="0" highlighted="false" highlightingtype="Red" title="highlighted projects/repos" description="" />
        </task>
        <task priority="Normal" completed="false" estimated="0" created="1503334172106" actual="0" highlighted="false" highlightingtype="Red" title="pages" description="">
          <task priority="Normal" completed="false" estimated="0" created="1503334167194" actual="0" highlighted="false" highlightingtype="Red" title="blog post page" description="" />
        </task>
      </task>
    </tasks>
  </component>
</application>