<application>
  <component name="AdvancedSettings">
    <option name="settings">
      <map>
        <entry key="confirm.rerun.with.termination" value="false" />
        <entry key="docker.connect.automatically" value="false" />
        <entry key="documentation.components.enable.highlighting.of.links" value="true" />
        <entry key="documentation.components.enable.inline.code.highlighting" value="SEMANTIC_HIGHLIGHTING" />
        <entry key="floating.codeToolbar.hide" value="true" />
        <entry key="ide.show.fileType.icon.in.titleBar" value="true" />
        <entry key="terminal.show.application.title" value="true" />
      </map>
    </option>
  </component>
</application>