<application>
  <component name="LanguageInjectionConfiguration">
    <injection language="http-url-reference" injector-id="java">
      <display-name>Android Volley (com.android.volley)</display-name>
      <single-file value="true" />
      <place><![CDATA[psiParameter().ofMethod(0, psiMethod().withName("ImageRequest").definedInClass("com.android.volley.toolbox.ImageRequest"))]]></place>
      <place><![CDATA[psiParameter().ofMethod(0, psiMethod().withName("JsonArrayRequest").definedInClass("com.android.volley.toolbox.JsonArrayRequest"))]]></place>
      <place><![CDATA[psiParameter().ofMethod(0, psiMethod().withName("JsonObjectRequest").withParameterCount(4).definedInClass("com.android.volley.toolbox.JsonObjectRequest"))]]></place>
      <place><![CDATA[psiParameter().ofMethod(0, psiMethod().withName("StringRequest").withParameterCount(3).definedInClass("com.android.volley.toolbox.StringRequest"))]]></place>
      <place><![CDATA[psiParameter().ofMethod(1, psiMethod().withName("JsonObjectRequest").withParameterCount(5).definedInClass("com.android.volley.toolbox.JsonObjectRequest"))]]></place>
      <place><![CDATA[psiParameter().ofMethod(1, psiMethod().withName("StringRequest").withParameterCount(4).definedInClass("com.android.volley.toolbox.StringRequest"))]]></place>
    </injection>
    <injection language="encoding-reference" injector-id="java">
      <display-name>Charset Name</display-name>
      <single-file value="true" />
      <place><![CDATA[psiParameter().ofMethod(0, psiMethod().withName("forName").withParameters("java.lang.String").definedInClass("java.nio.charset.Charset"))]]></place>
      <place><![CDATA[psiParameter().ofMethod(0, psiMethod().withName("getBytes").withParameters("java.lang.String").definedInClass("java.lang.String"))]]></place>
      <place><![CDATA[psiParameter().ofMethod(0, psiMethod().withName("isSupported").withParameters("java.lang.String").definedInClass("java.nio.charset.Charset"))]]></place>
      <place><![CDATA[psiParameter().ofMethod(0, psiMethod().withName("setCharacterEncoding").withParameters("java.lang.String").definedInClass(psiClass().withQualifiedName(string().oneOf("javax.servlet.ServletResponse", "jakarta.servlet.ServletResponse"))))]]></place>
      <place><![CDATA[psiParameter().ofMethod(0, psiMethod().withName("toString").withParameters("java.lang.String").definedInClass("java.io.ByteArrayOutputStream"))]]></place>
      <place><![CDATA[psiParameter().ofMethod(1, psiMethod().withName("InputStreamReader").withParameters("java.io.InputStream", "java.lang.String").definedInClass("java.io.InputStreamReader"))]]></place>
      <place><![CDATA[psiParameter().ofMethod(1, psiMethod().withName("OutputStreamWriter").withParameters("java.io.OutputStream", "java.lang.String").definedInClass("java.io.OutputStreamWriter"))]]></place>
      <place><![CDATA[psiParameter().ofMethod(1, psiMethod().withName("PrintStream").withParameters("java.io.File", "java.lang.String").definedInClass("java.io.PrintStream"))]]></place>
      <place><![CDATA[psiParameter().ofMethod(1, psiMethod().withName("PrintStream").withParameters("java.lang.String", "java.lang.String").definedInClass("java.io.PrintStream"))]]></place>
      <place><![CDATA[psiParameter().ofMethod(1, psiMethod().withName("String").withParameters("byte[]", "java.lang.String").definedInClass("java.lang.String"))]]></place>
      <place><![CDATA[psiParameter().ofMethod(1, psiMethod().withName("createXMLEventReader").withParameters("java.io.InputStream", "java.lang.String").definedInClass("javax.xml.stream.XMLInputFactory"))]]></place>
      <place><![CDATA[psiParameter().ofMethod(1, psiMethod().withName("createXMLEventWriter").withParameters("java.io.OutputStream", "java.lang.String").definedInClass("javax.xml.stream.XMLInputFactory"))]]></place>
      <place><![CDATA[psiParameter().ofMethod(1, psiMethod().withName("createXMLStreamReader").withParameters("java.io.InputStream", "java.lang.String").definedInClass("javax.xml.stream.XMLInputFactory"))]]></place>
      <place><![CDATA[psiParameter().ofMethod(1, psiMethod().withName("createXMLStreamWriter").withParameters("java.io.OutputStream", "java.lang.String").definedInClass("javax.xml.stream.XMLInputFactory"))]]></place>
      <place><![CDATA[psiParameter().ofMethod(1, psiMethod().withName("decode").withParameters("java.lang.String", "java.lang.String").definedInClass("java.net.URLDecoder"))]]></place>
      <place><![CDATA[psiParameter().ofMethod(1, psiMethod().withName("encode").withParameters("java.lang.String", "java.lang.String").definedInClass("java.net.URLEncoder"))]]></place>
      <place><![CDATA[psiParameter().ofMethod(1, psiMethod().withName("newReader").withParameters("java.nio.channels.ReadableByteChannel", "java.lang.String").definedInClass("java.nio.channels.Channels"))]]></place>
      <place><![CDATA[psiParameter().ofMethod(1, psiMethod().withName("newWriter").withParameters("java.nio.channels.WritableByteChannel", "java.lang.String").definedInClass("java.nio.channels.Channels"))]]></place>
      <place><![CDATA[psiParameter().ofMethod(2, psiMethod().withName("PrintStream").withParameters("java.io.OutputStream", "boolean", "java.lang.String").definedInClass("java.io.PrintStream"))]]></place>
      <place><![CDATA[psiParameter().ofMethod(3, psiMethod().withName("String").withParameters("byte[]", "int", "int", "java.lang.String").definedInClass("java.lang.String"))]]></place>
    </injection>
    <injection language="JSONPath" injector-id="java">
      <display-name>JsonAsserter (com.jayway.jsonpath)</display-name>
      <single-file value="true" />
      <place><![CDATA[psiParameter().ofMethod(0, psiMethod().withName("assertEquals").definedInClass("com.jayway.jsonassert.JsonAsserter"))]]></place>
      <place><![CDATA[psiParameter().ofMethod(0, psiMethod().withName("assertNotDefined").definedInClass("com.jayway.jsonassert.JsonAsserter"))]]></place>
      <place><![CDATA[psiParameter().ofMethod(0, psiMethod().withName("assertNotNull").definedInClass("com.jayway.jsonassert.JsonAsserter"))]]></place>
      <place><![CDATA[psiParameter().ofMethod(0, psiMethod().withName("assertNull").definedInClass("com.jayway.jsonassert.JsonAsserter"))]]></place>
      <place><![CDATA[psiParameter().ofMethod(0, psiMethod().withName("assertThat").definedInClass("com.jayway.jsonassert.JsonAsserter"))]]></place>
    </injection>
    <injection language="http-header-reference" injector-id="java">
      <display-name>MockServer Header (org.mockserver)</display-name>
      <single-file value="true" />
      <place><![CDATA[psiParameter().ofMethod(0, psiMethod().withName("header").definedInClass("org.mockserver.model.Header"))]]></place>
      <place><![CDATA[psiParameter().ofMethod(0, psiMethod().withName("withHeader").definedInClass("org.mockserver.model.HttpRequest"))]]></place>
      <place><![CDATA[psiParameter().ofMethod(0, psiMethod().withName("withHeader", "getHeader", "getFirstHeader", "containsHeader", "removeHeader").definedInClass("org.mockserver.model.HttpResponse"))]]></place>
    </injection>
    <injection language="http-url-reference" injector-id="java">
      <display-name>OkHttp (okhttp3)</display-name>
      <single-file value="true" />
      <place><![CDATA[psiParameter().ofMethod(0, psiMethod().withName("parse", "get", "newBuilder").withParameters("java.lang.String").definedInClass("okhttp3.HttpUrl"))]]></place>
      <place><![CDATA[psiParameter().ofMethod(0, psiMethod().withName("url").withParameters("java.lang.String").definedInClass("okhttp3.Request.Builder"))]]></place>
    </injection>
    <injection language="http-header-reference" injector-id="java">
      <display-name>RestAssured HTTP Header (io.restassured)</display-name>
      <single-file value="true" />
      <place><![CDATA[psiParameter().ofMethod(0, psiMethod().withName("addHeader").definedInClass("io.restassured.builder.RequestSpecBuilder"))]]></place>
      <place><![CDATA[psiParameter().ofMethod(0, psiMethod().withName("header", "getHeader", "headers").definedInClass("io.restassured.response.ResponseOptions"))]]></place>
      <place><![CDATA[psiParameter().ofMethod(0, psiMethod().withName("header", "getHeader", "headers").definedInClass("io.restassured.response.ValidatableResponseOptions"))]]></place>
      <place><![CDATA[psiParameter().ofMethod(0, psiMethod().withName("header", "headers").definedInClass("io.restassured.specification.RequestSpecification"))]]></place>
    </injection>
    <injection language="RegExp" injector-id="java">
      <display-name>Scanner (java.util)</display-name>
      <single-file value="true" />
      <place><![CDATA[psiParameter().ofMethod(0, psiMethod().withName("findInLine").withParameters("java.lang.String").definedInClass("java.util.Scanner"))]]></place>
      <place><![CDATA[psiParameter().ofMethod(0, psiMethod().withName("findWithinHorizon").withParameters("java.lang.String", "int").definedInClass("java.util.Scanner"))]]></place>
      <place><![CDATA[psiParameter().ofMethod(0, psiMethod().withName("hasNext").withParameters("java.lang.String").definedInClass("java.util.Scanner"))]]></place>
      <place><![CDATA[psiParameter().ofMethod(0, psiMethod().withName("next").withParameters("java.lang.String").definedInClass("java.util.Scanner"))]]></place>
      <place><![CDATA[psiParameter().ofMethod(0, psiMethod().withName("skip").withParameters("java.lang.String").definedInClass("java.util.Scanner"))]]></place>
      <place><![CDATA[psiParameter().ofMethod(0, psiMethod().withName("useDelimiter").withParameters("java.lang.String").definedInClass("java.util.Scanner"))]]></place>
    </injection>
    <injection language="RegExp" injector-id="java">
      <display-name>String (java.lang)</display-name>
      <single-file value="true" />
      <place><![CDATA[psiParameter().ofMethod(0, psiMethod().withName("matches").withParameters("java.lang.String").definedInClass("java.lang.String"))]]></place>
      <place><![CDATA[psiParameter().ofMethod(0, psiMethod().withName("replaceAll").withParameters("java.lang.String", "java.lang.String").definedInClass("java.lang.String"))]]></place>
      <place><![CDATA[psiParameter().ofMethod(0, psiMethod().withName("replaceFirst").withParameters("java.lang.String", "java.lang.String").definedInClass("java.lang.String"))]]></place>
      <place><![CDATA[psiParameter().ofMethod(0, psiMethod().withName("split").withParameters("java.lang.String").definedInClass("java.lang.String"))]]></place>
      <place><![CDATA[psiParameter().ofMethod(0, psiMethod().withName("split").withParameters("java.lang.String", "int").definedInClass("java.lang.String"))]]></place>
    </injection>
    <injection language="RegExp" injector-id="java">
      <display-name>StringSubject (com.google.common.truth)</display-name>
      <single-file value="true" />
      <place><![CDATA[psiParameter().ofMethod(0, psiMethod().withName("containsMatch").definedInClass("com.google.common.truth.StringSubject"))]]></place>
      <place><![CDATA[psiParameter().ofMethod(0, psiMethod().withName("doesNotContainMatch").definedInClass("com.google.common.truth.StringSubject"))]]></place>
      <place><![CDATA[psiParameter().ofMethod(0, psiMethod().withName("doesNotMatch").definedInClass("com.google.common.truth.StringSubject"))]]></place>
      <place><![CDATA[psiParameter().ofMethod(0, psiMethod().withName("matches").definedInClass("com.google.common.truth.StringSubject"))]]></place>
    </injection>
    <injection language="JSON" injector-id="java">
      <display-name>WireMock (com.github.tomakehurst.wiremock.client)</display-name>
      <single-file value="false" />
      <place><![CDATA[psiParameter().ofMethod(0, psiMethod().withName("equalToJson").withParameters("java.lang.String").definedInClass("com.github.tomakehurst.wiremock.client.WireMock"))]]></place>
      <place><![CDATA[psiParameter().ofMethod(0, psiMethod().withName("equalToJson").withParameters("java.lang.String", "boolean", "boolean").definedInClass("com.github.tomakehurst.wiremock.client.WireMock"))]]></place>
      <place><![CDATA[psiParameter().ofMethod(0, psiMethod().withName("jsonResponse").withParameters("java.lang.String", "int").definedInClass("com.github.tomakehurst.wiremock.client.WireMock"))]]></place>
      <place><![CDATA[psiParameter().ofMethod(0, psiMethod().withName("okJson").withParameters("java.lang.String").definedInClass("com.github.tomakehurst.wiremock.client.WireMock"))]]></place>
    </injection>
    <injection language="XML" injector-id="java">
      <display-name>WireMock (com.github.tomakehurst.wiremock.client)</display-name>
      <single-file value="false" />
      <place><![CDATA[psiParameter().ofMethod(0, psiMethod().withName("equalToXml").withParameters("java.lang.String").definedInClass("com.github.tomakehurst.wiremock.client.WireMock"))]]></place>
      <place><![CDATA[psiParameter().ofMethod(0, psiMethod().withName("okTextXml").withParameters("java.lang.String").definedInClass("com.github.tomakehurst.wiremock.client.WireMock"))]]></place>
      <place><![CDATA[psiParameter().ofMethod(0, psiMethod().withName("okXml").withParameters("java.lang.String").definedInClass("com.github.tomakehurst.wiremock.client.WireMock"))]]></place>
    </injection>
    <injection language="RegExp" injector-id="java">
      <display-name>WireMock (com.github.tomakehurst.wiremock.client)</display-name>
      <single-file value="false" />
      <place><![CDATA[psiParameter().ofMethod(0, psiMethod().withName("matching").withParameters("java.lang.String").definedInClass("com.github.tomakehurst.wiremock.client.WireMock"))]]></place>
      <place><![CDATA[psiParameter().ofMethod(0, psiMethod().withName("notMatching").withParameters("java.lang.String").definedInClass("com.github.tomakehurst.wiremock.client.WireMock"))]]></place>
      <place><![CDATA[psiParameter().ofMethod(0, psiMethod().withName("urlMatching").withParameters("java.lang.String").definedInClass("com.github.tomakehurst.wiremock.client.WireMock"))]]></place>
      <place><![CDATA[psiParameter().ofMethod(0, psiMethod().withName("urlPathMatching").withParameters("java.lang.String").definedInClass("com.github.tomakehurst.wiremock.client.WireMock"))]]></place>
    </injection>
    <injection language="JSONPath" injector-id="java">
      <display-name>WriteContext (com.jayway.jsonpath)</display-name>
      <single-file value="true" />
      <place><![CDATA[psiParameter().ofMethod(0, psiMethod().withName("add").definedInClass("com.jayway.jsonpath.WriteContext"))]]></place>
      <place><![CDATA[psiParameter().ofMethod(0, psiMethod().withName("delete").definedInClass("com.jayway.jsonpath.WriteContext"))]]></place>
      <place><![CDATA[psiParameter().ofMethod(0, psiMethod().withName("map").definedInClass("com.jayway.jsonpath.WriteContext"))]]></place>
      <place><![CDATA[psiParameter().ofMethod(0, psiMethod().withName("put").definedInClass("com.jayway.jsonpath.WriteContext"))]]></place>
      <place><![CDATA[psiParameter().ofMethod(0, psiMethod().withName("renameKey").definedInClass("com.jayway.jsonpath.WriteContext"))]]></place>
      <place><![CDATA[psiParameter().ofMethod(0, psiMethod().withName("set").definedInClass("com.jayway.jsonpath.WriteContext"))]]></place>
    </injection>
    <injection language="SQL" injector-id="js">
      <display-name>SQL select/delete</display-name>
      <single-file value="true" />
      <place disabled="true"><![CDATA[jsLiteral().withStringValue(string().matchesBrics(" *(SELECT|DELETE) .*FROM .*"))]]></place>
    </injection>
    <injection language="SQLite" injector-id="js">
      <display-name>flash.data (SQLite)</display-name>
      <single-file value="true" />
      <place><![CDATA[jsLiteral().and(asAssignedValue("text", "*", "dbStatement"))]]></place>
      <place><![CDATA[jsLiteral().and(asAssignedValue("text", "flash.data.SQLStatement"))]]></place>
    </injection>
    <injection language="JSON" injector-id="sql">
      <display-name>ClickHouse JSON</display-name>
      <single-file value="true" />
      <place><![CDATA[sqlElement().forDialects("ClickHouse").functionArgument(0, sqlFunctionCall().name("visitParamHas", "visitParamExtractUInt", "visitParamExtractInt", "visitParamExtractFloat", "visitParamExtractBool", "visitParamExtractRaw", "visitParamExtractString").params(sqlExpressions().count(2)))]]></place>
      <place><![CDATA[sqlElement().forDialects("ClickHouse").insertWithFormatInput("JSON")]]></place>
    </injection>
    <injection language="JSON" injector-id="sql">
      <display-name>Oracle JSON</display-name>
      <single-file value="true" />
      <place><![CDATA[sqlElement().forDialects("Oracle").functionArgument(0, -1, 1, sqlFunctionCall().name("json_array"))]]></place>
      <place><![CDATA[sqlElement().forDialects("Oracle").functionArgument(0, sqlFunctionCall().name("json_query", "json_value", "json_array_agg"))]]></place>
      <place><![CDATA[sqlElement().forDialects("Oracle").functionArgument(0, sqlFunctionCall().name("json_table"))]]></place>
      <place><![CDATA[sqlElement().forDialects("Oracle").functionArgument(1, -1, 2, sqlFunctionCall().name("json_object"))]]></place>
      <place><![CDATA[sqlElement().forDialects("Oracle").functionArgument(1, sqlFunctionCall().name("json_object_agg"))]]></place>
      <place><![CDATA[sqlExpression().forDialects("Oracle").functionArgument(0, -1, 1, sqlFunctionCall().name("json_object")).withNextMeaningfulSibling(leafTokens("format"), 0).withNextMeaningfulSibling(leafTokens("json"), 1)]]></place>
    </injection>
    <injection language="RegExp" injector-id="sql">
      <display-name>Oracle RegExp</display-name>
      <single-file value="true" />
      <place><![CDATA[sqlElement().forDialects("Oracle").functionArgument(1, sqlFunctionCall().name("regexp_count").params(sqlExpressions().count(2, 4)))]]></place>
      <place><![CDATA[sqlElement().forDialects("Oracle").functionArgument(1, sqlFunctionCall().name("regexp_instr").params(sqlExpressions().count(2, 7)))]]></place>
      <place><![CDATA[sqlElement().forDialects("Oracle").functionArgument(1, sqlFunctionCall().name("regexp_like").params(sqlExpressions().count(2, 3)))]]></place>
      <place><![CDATA[sqlElement().forDialects("Oracle").functionArgument(1, sqlFunctionCall().name("regexp_replace", "regexp_substr").params(sqlExpressions().count(2, 6)))]]></place>
    </injection>
    <injection language="XPath2" injector-id="sql">
      <display-name>Oracle XPath</display-name>
      <single-file value="true" />
      <place><![CDATA[sqlElement().forDialects("Oracle").functionArgument(0, sqlFunctionCall().name("xmlquery", "xmlexists"))]]></place>
      <place><![CDATA[sqlElement().forDialects("Oracle").functionArgument(0, sqlFunctionCall().name("xmltable"))]]></place>
      <place><![CDATA[sqlElement().forDialects("Oracle").functionArgument(1, -2, 2, sqlFunctionCall().name("updatexml"))]]></place>
      <place><![CDATA[sqlElement().forDialects("Oracle").functionArgument(1, sqlFunctionCall().name("appendchildxml", "insertxmlafter", "insertxmlbefore").params(sqlExpressions().count(3, 4)))]]></place>
      <place><![CDATA[sqlElement().forDialects("Oracle").functionArgument(1, sqlFunctionCall().name("extract", "extractvalue", "deletexml", "existsnode").params(sqlExpressions().count(2, 3)))]]></place>
      <place><![CDATA[sqlElement().forDialects("Oracle").functionArgument(1, sqlFunctionCall().name("insertchildxml", "insertchildxmlafter", "insertchildxmlbefore").params(sqlExpressions().count(4, 5)))]]></place>
    </injection>
    <injection language="RegExp" injector-id="sql">
      <display-name>PostgreSQL RegExp</display-name>
      <single-file value="true" />
      <place><![CDATA[sqlElement().forDialects("PostgreSQL").binaryExpressionArgument(1, sqlBinaryExpression().left(sqlExpression().withType("text")).operationNames("~", "~*", "!~", "!~*"))]]></place>
      <place><![CDATA[sqlElement().forDialects("PostgreSQL").functionArgument(1, sqlFunctionCall().name("regexp_replace").params(sqlExpressions().count(3, 4)))]]></place>
      <place><![CDATA[sqlElement().forDialects("PostgreSQL").functionArgument(1, sqlFunctionCall().name("substr", "substring", "regexp_match", "regexp_matches", "regexp_split_to_array", "regexp_split_to_table").params(sqlExpressions().count(2, 3)))]]></place>
    </injection>
    <injection language="XPath2" injector-id="sql">
      <display-name>PostgreSQL XPath</display-name>
      <single-file value="true" />
      <place><![CDATA[sqlElement().forDialects("PostgreSQL").functionArgument(0, sqlFunctionCall().name("xmlexists", "xmltable").params(sqlExpressions().count(2)))]]></place>
      <place><![CDATA[sqlElement().forDialects("PostgreSQL").functionArgument(0, sqlFunctionCall().name("xpath", "xpath_exists").params(sqlExpressions().count(2, 3)))]]></place>
    </injection>
    <injection language="PostgreSQL" injector-id="sql">
      <display-name>PostgreSQL dblink</display-name>
      <single-file value="true" />
      <place><![CDATA[sqlElement().forDialects("PostgreSQL").functionArgument(0, sqlFunctionCall().name("dblink", "dblink_exec").params(sqlExpressions().count(1, 2).atOpt(1, sqlExpression().withType("boolean"))))]]></place>
      <place><![CDATA[sqlElement().forDialects("PostgreSQL").functionArgument(1, sqlFunctionCall().name("dblink", "dblink_exec").params(sqlExpressions().count(2, 3)))]]></place>
      <place><![CDATA[sqlElement().forDialects("PostgreSQL").functionArgument(1, sqlFunctionCall().name("dblink_open").params(sqlExpressions().count(2, 3).atOpt(2, sqlExpression().withType("boolean"))))]]></place>
      <place><![CDATA[sqlElement().forDialects("PostgreSQL").functionArgument(1, sqlFunctionCall().name("dblink_send_query").params(sqlExpressions().count(2)))]]></place>
      <place><![CDATA[sqlElement().forDialects("PostgreSQL").functionArgument(2, sqlFunctionCall().name("dblink_open").params(sqlExpressions().count(3, 4)))]]></place>
    </injection>
    <injection language="XML" injector-id="sql">
      <display-name>Sybase XML</display-name>
      <single-file value="true" />
      <place><![CDATA[sqlElement().forDialects("Sybase").binaryExpressionArgument(1, sqlBinaryExpression().operation(leafTokens("xmltest").or("not", "xmltest")))]]></place>
      <place><![CDATA[sqlElement().forDialects("Sybase").functionArgument(0, sqlFunctionCall().name("xmlparse", "xmlvalidate"))]]></place>
      <place><![CDATA[sqlElement().forDialects("Sybase").functionArgument(1, sqlFunctionCall().name("xmlextract"))]]></place>
    </injection>
    <injection language="XPath2" injector-id="sql">
      <display-name>Sybase XPath</display-name>
      <single-file value="true" />
      <place><![CDATA[sqlElement().forDialects("Sybase").binaryExpressionArgument(0, sqlBinaryExpression().operation(leafTokens("xmltest").or("not", "xmltest")))]]></place>
      <place><![CDATA[sqlElement().forDialects("Sybase").functionArgument(0, sqlFunctionCall().name("xmlextract"))]]></place>
    </injection>
    <injection language="SCSS" injector-id="xml">
      <display-name>*/@style</display-name>
      <prefix>dummy_selector {</prefix>
      <suffix>}</suffix>
      <single-file value="true" />
      <place><![CDATA[xmlAttribute().withLocalName(string().equalTo("style")).inside(xmlTag().withNamespace(string().equalTo("http://www.w3.org/1999/xhtml")))]]></place>
      <apply-to-subtags />
    </injection>
    <injection language="ECMAScript 6" injector-id="xml">
      <display-name>a/@@click</display-name>
      <single-file value="true" />
      <place><![CDATA[xmlAttribute().withLocalName(string().matches("@click")).withParent(xmlTag().withLocalName(string().equalTo("a")).withNamespace(string().equalTo("http://www.w3.org/1999/html")))]]></place>
    </injection>
    <injection language="ECMAScript 6" injector-id="xml">
      <display-name>a/@v-show</display-name>
      <single-file value="true" />
      <place><![CDATA[xmlAttribute().withLocalName(string().equalTo("v-show")).withParent(xmlTag().withLocalName(string().equalTo("a")).withNamespace(string().equalTo("http://www.w3.org/1999/html")))]]></place>
    </injection>
    <injection language="ECMAScript 6" injector-id="xml">
      <display-name>c-side-nav/@draggable</display-name>
      <single-file value="true" />
      <place><![CDATA[xmlAttribute().withLocalName(string().equalTo("draggable")).withParent(xmlTag().withLocalName(string().equalTo("c-side-nav")).withNamespace(string().equalTo("http://www.w3.org/1999/html")))]]></place>
    </injection>
    <injection language="ECMAScript 6" injector-id="xml">
      <display-name>c-side-nav/@v-if</display-name>
      <single-file value="true" />
      <place><![CDATA[xmlAttribute().withLocalName(string().equalTo("v-if")).withParent(xmlTag().withLocalName(string().equalTo("c-side-nav")).withNamespace(string().equalTo("http://www.w3.org/1999/html")))]]></place>
    </injection>
    <injection language="ECMAScript 6" injector-id="xml">
      <display-name>div/@@click</display-name>
      <single-file value="true" />
      <place><![CDATA[xmlAttribute().withLocalName(string().matches("@click")).withParent(xmlTag().withLocalName(string().equalTo("div")).withNamespace(string().equalTo("http://www.w3.org/1999/html")))]]></place>
    </injection>
    <injection language="ECMAScript 6" injector-id="xml">
      <display-name>div/@repeat.for</display-name>
      <single-file value="true" />
      <place><![CDATA[xmlAttribute().withLocalName(string().matches("repeat.for")).withParent(xmlTag().withLocalName(string().equalTo("div")).withNamespace(string().equalTo("http://www.w3.org/1999/html")))]]></place>
    </injection>
    <injection language="ECMAScript 6" injector-id="xml">
      <display-name>div/@v-if</display-name>
      <single-file value="true" />
      <place><![CDATA[xmlAttribute().withLocalName(string().equalTo("v-if")).withParent(xmlTag().withLocalName(string().equalTo("div")).withNamespace(string().equalTo("http://www.w3.org/1999/html")))]]></place>
    </injection>
    <injection language="ECMAScript 6" injector-id="xml">
      <display-name>h1/@@click</display-name>
      <single-file value="true" />
      <place><![CDATA[xmlAttribute().withLocalName(string().matches("@click")).withParent(xmlTag().withLocalName(string().equalTo("h1")).withNamespace(string().equalTo("http://www.w3.org/1999/html")))]]></place>
    </injection>
    <injection language="Markdown" injector-id="xml">
      <display-name>markdown</display-name>
      <single-file value="true" />
      <place><![CDATA[xmlTag().withLocalName(string().equalTo("markdown")).withNamespace(string().equalTo("http://www.w3.org/1999/html"))]]></place>
    </injection>
    <injection language="ECMAScript 6" injector-id="xml">
      <display-name>nav/@v-if</display-name>
      <single-file value="true" />
      <place><![CDATA[xmlAttribute().withLocalName(string().equalTo("v-if")).withParent(xmlTag().withLocalName(string().equalTo("nav")).withNamespace(string().equalTo("http://www.w3.org/1999/html")))]]></place>
    </injection>
    <injection language="ECMAScript 6" injector-id="xml">
      <display-name>router-link/@to</display-name>
      <single-file value="true" />
      <place><![CDATA[xmlAttribute().withLocalName(string().equalTo("to")).withParent(xmlTag().withLocalName(string().equalTo("router-link")).withNamespace(string().equalTo("http://www.w3.org/1999/html")))]]></place>
    </injection>
    <injection language="ECMAScript 6" injector-id="xml">
      <display-name>slot/@v-if</display-name>
      <single-file value="true" />
      <place><![CDATA[xmlAttribute().withLocalName(string().equalTo("v-if")).withParent(xmlTag().withLocalName(string().equalTo("slot")).withNamespace(string().equalTo("http://www.w3.org/1999/html")))]]></place>
    </injection>
    <injection language="SCSS" injector-id="xml">
      <display-name>style</display-name>
      <single-file value="true" />
      <place><![CDATA[xmlTag().withLocalName(string().equalTo("style")).withNamespace(string().equalTo("http://www.w3.org/1999/xhtml"))]]></place>
      <xpath-condition>lower-case(@type)='text/css'</xpath-condition>
    </injection>
    <injection language="SCSS" injector-id="xml">
      <display-name>style lang</display-name>
      <single-file value="true" />
      <place><![CDATA[xmlAttribute().withLocalName(string().equalTo("lang")).withParent(xmlTag().withLocalName(string().equalTo("style")))]]></place>
    </injection>
    <injection language="SCSS" injector-id="xml">
      <display-name>style/@lang</display-name>
      <single-file value="true" />
      <place><![CDATA[xmlTag().withLocalName(string().equalTo("style")).withNamespace(string().equalTo("http://www.w3.org/1999/xhtml"))]]></place>
      <xpath-condition>lower-case(@lang)='sass'</xpath-condition>
    </injection>
    <injection language="ECMAScript 6" injector-id="xml">
      <display-name>ui-button/@v-if</display-name>
      <single-file value="true" />
      <place><![CDATA[xmlAttribute().withLocalName(string().equalTo("v-if")).withParent(xmlTag().withLocalName(string().equalTo("ui-button")).withNamespace(string().equalTo("http://www.w3.org/1999/html")))]]></place>
    </injection>
    <injection language="ECMAScript 6" injector-id="xml">
      <display-name>ul/@v-if</display-name>
      <single-file value="true" />
      <place><![CDATA[xmlAttribute().withLocalName(string().equalTo("v-if")).withParent(xmlTag().withLocalName(string().equalTo("ul")).withNamespace(string().equalTo("http://www.w3.org/1999/html")))]]></place>
    </injection>
  </component>
</application>