<application>
  <component name="NodeJsLocalInterpreterManager">
    <local-interpreter path="$USER_HOME$/projects/js.radic.dev/node_modules/.bin/tsx">
      <version-cache last-modified="1738587961494" />
    </local-interpreter>
    <local-interpreter path="$USER_HOME$/projects/nano/node_modules/.bin/tsx">
      <version-cache last-modified="0" />
    </local-interpreter>
    <local-interpreter path="$USER_HOME$/.nvm/versions/node/v22.12.0/bin/node">
      <version-cache version="22.12.0" last-modified="1733114870000" />
    </local-interpreter>
    <local-interpreter path="$USER_HOME$/.nvm/versions/node/v20.18.1/bin/node">
      <version-cache version="20.18.1" last-modified="1732110983000" />
    </local-interpreter>
    <local-interpreter path="/bin/node">
      <version-cache version="18.18.0" last-modified="1695014983000" />
    </local-interpreter>
    <local-interpreter path="$USER_HOME$/.nvm/versions/node/v18.18.0/bin/node">
      <version-cache version="18.18.0" last-modified="1695014983000" />
    </local-interpreter>
    <local-interpreter path="/usr/bin/node">
      <version-cache version="18.18.0" last-modified="1695014983000" />
    </local-interpreter>
    <local-interpreter path="$USER_HOME$/.nvm/versions/node/v17.3.0/bin/node">
      <version-cache version="17.3.0" last-modified="1639776883000" />
    </local-interpreter>
    <local-interpreter path="$USER_HOME$/.nvm/versions/node/v16.20.2/bin/node">
      <version-cache version="16.20.2" last-modified="1691533462000" />
    </local-interpreter>
    <local-interpreter path="$USER_HOME$/.nvm/versions/node/v16.13.1/bin/node">
      <version-cache version="16.13.1" last-modified="1638358168000" />
    </local-interpreter>
    <local-interpreter path="$USER_HOME$/.nvm/versions/node/v14.18.1/bin/node">
      <version-cache version="14.18.1" last-modified="1634011631000" />
    </local-interpreter>
    <local-interpreter path="$USER_HOME$/.nvm/versions/node/v13.7.0/bin/node">
      <version-cache last-modified="0" />
    </local-interpreter>
    <local-interpreter path="$USER_HOME$/.nvm/versions/node/v12.14.0/bin/node">
      <version-cache version="12.14.0" last-modified="1576566843000" />
    </local-interpreter>
    <local-interpreter path="$USER_HOME$/.nvm/versions/node/v12.10.0/bin/node">
      <version-cache version="12.10.0" last-modified="1567612069000" />
    </local-interpreter>
    <local-interpreter path="$USER_HOME$/.nvm/versions/node/v10.16.0/bin/node">
      <version-cache version="10.16.0" last-modified="1559079372000" />
    </local-interpreter>
    <local-interpreter path="$USER_HOME$/projects/electron-quick-start-typescript/node_modules/.bin/electron">
      <version-cache version="9.1.0" last-modified="1594473102059" />
    </local-interpreter>
    <local-interpreter path="$USER_HOME$/.nvm/versions/node/v8.16.1/bin/node">
      <version-cache version="8.16.1" last-modified="1565893883000" />
    </local-interpreter>
    <local-interpreter path="$USER_HOME$/projects/electron-vue-typescript/node_modules/.bin/electron">
      <version-cache version="8.2.0" last-modified="1594488485897" />
    </local-interpreter>
    <local-interpreter path="$USER_HOME$/projects/homey-web-api-app/node_modules/.bin/babel-node">
      <version-cache version="7.16.0" last-modified="1635650777174" />
    </local-interpreter>
  </component>
</application>