<application>
  <component name="RemoteServers">
    <remote-server name="localhost" type="docker">
      <configuration email="">
        <option name="apiUrl" value="http://127.0.0.1:2375" />
      </configuration>
    </remote-server>
    <remote-server name="vps2" type="docker">
      <configuration email="">
        <option name="apiUrl" value="http://149.210.212.60:2376" />
      </configuration>
    </remote-server>
    <remote-server name="pluut" type="docker">
      <configuration>
        <option name="apiUrl" value="http://136.144.130.102:2376" />
      </configuration>
    </remote-server>
    <remote-server name="radic.nl" type="docker">
      <configuration>
        <option name="apiUrl" value="tcp://radic.nl:2376" />
      </configuration>
    </remote-server>
  </component>
</application>