<application>
  <component name="Trusted.Paths">
    <option name="TRUSTED_PROJECT_PATHS">
      <map>
        <entry key="$USER_HOME$/ide-settings" value="true" />
        <entry key="$USER_HOME$/projects/@radic" value="true" />
        <entry key="$USER_HOME$/projects/@radic-console" value="true" />
        <entry key="$USER_HOME$/projects/@radicjs" value="true" />
        <entry key="$USER_HOME$/projects/@rcli" value="true" />
        <entry key="$USER_HOME$/projects/api-client" value="true" />
        <entry key="$USER_HOME$/projects/console" value="true" />
        <entry key="$USER_HOME$/projects/gtk" value="true" />
        <entry key="$USER_HOME$/projects/hosting" value="true" />
        <entry key="$USER_HOME$/projects/hosting-cli" value="true" />
        <entry key="$USER_HOME$/projects/js.radic.dev" value="true" />
        <entry key="$USER_HOME$/projects/my-vue-macros" value="true" />
        <entry key="$USER_HOME$/projects/nano" value="true" />
        <entry key="$USER_HOME$/projects/nodegui-simple-starter" value="true" />
        <entry key="$USER_HOME$/projects/petite-vue" value="true" />
        <entry key="$USER_HOME$/projects/radic-hosting-gui" value="true" />
        <entry key="$USER_HOME$/projects/react-fun-client" value="true" />
        <entry key="$USER_HOME$/projects/splitter-calculator" value="true" />
        <entry key="$USER_HOME$/projects/streams-cp-ui" value="true" />
        <entry key="$USER_HOME$/projects/ts-monorepo" value="true" />
        <entry key="$USER_HOME$/projects/vuepress" value="true" />
        <entry key="$USER_HOME$/projects/vuepress-theme" value="true" />
        <entry key="$USER_HOME$/projects/vuepress-theme-hope" value="true" />
        <entry key="$USER_HOME$/projects/vuetail" value="true" />
        <entry key="$USER_HOME$/projects/yargs" value="true" />
        <entry key="/opt/nzbhydra2/data" value="true" />
        <entry key="/usr/share/radic-term" value="true" />
      </map>
    </option>
  </component>
  <component name="Trusted.Paths.Settings">
    <option name="TRUSTED_PATHS">
      <list>
        <option value="$USER_HOME$/projects/grand-tourismo/src-capacitor" />
        <option value="$USER_HOME$/projects" />
        <option value="/opt/nzbhydra2" />
        <option value="$USER_HOME$" />
      </list>
    </option>
  </component>
</application>