<application>
  <component name="UpdatesConfigurable">
    <ignoredBuildNumbers>
      <item value="emulator#27.3.10" />
      <item value="extras;google;google_play_services#49" />
      <item value="extras;google;instantapps#1.5.0" />
      <item value="ndk-bundle#18.0.5002713" />
      <item value="platform-tools#28.0.1" />
      <item value="platforms;android-27#3" />
      <item value="system-images;android-24;google_apis;x86#23" />
      <item value="system-images;android-26;google_apis;x86#11" />
    </ignoredBuildNumbers>
    <option name="LAST_BUILD_CHECKED" value="IU-241.14494.240" />
    <option name="LAST_TIME_CHECKED" value="1737327532210" />
    <option name="OBSOLETE_CUSTOM_REPOSITORIES_CLEAN_NEEDED" value="false" />
    <pluginHosts>
      <item value="https://plugins.jetbrains.com/plugins/LEGACY/7896" />
    </pluginHosts>
    <option name="THIRD_PARTY_PLUGINS_ALLOWED" value="true" />
    <option name="WHATS_NEW_SHOWN_FOR" value="241" />
  </component>
</application>