<application>
  <component name="WebServers">
    <option name="servers">
      <webServer id="9595dfe8-c420-4621-93f6-69a551e3b560" name="esxi radic.nl" url="http://radic.nl">
        <fileTransfer rootFolder="/root/project" accessType="SFTP" host="radic.nl" port="60000" sshConfigId="ef51db70-5ff3-43bd-8e58-1805c8136f01" sshConfig="esxi radic.nl" keyPair="true">
          <advancedOptions>
            <advancedOptions dataProtectionLevel="Private" />
          </advancedOptions>
        </fileTransfer>
      </webServer>
      <webServer id="e88d9c11-e87e-43c3-a9c7-20baa72806c6" name="packagist-sebwite" url="http://149.210.212.60">
        <fileTransfer rootFolder="/www/packagist.sebwite.nl" accessType="SFTP" host="149.210.212.60" port="60000" sshConfigId="9309a02a-733e-4686-9f02-38a8ec2481f2" sshConfig="packagist-sebwite" keyPair="true">
          <advancedOptions>
            <advancedOptions dataProtectionLevel="Private" />
          </advancedOptions>
        </fileTransfer>
      </webServer>
      <webServer id="159c736d-d228-46fc-b6bf-13d368788c24" name="docs-sebwite@docs.sebwite.nl" url="http://docs.sebwite.nl">
        <fileTransfer rootFolder="/www/docs.sebwite.nl" accessType="SFTP" host="docs.sebwite.nl" port="60000" sshConfigId="1bbd0cef-2e74-4c86-a966-8f8bf888e2b0" sshConfig="docs-sebwite@docs.sebwite.nl" keyPair="true">
          <advancedOptions>
            <advancedOptions dataProtectionLevel="Private" />
          </advancedOptions>
        </fileTransfer>
      </webServer>
      <webServer id="f599c7bb-602a-4e5c-ae1d-b093321998ee" name="radic-nl@docs.radic.nl" url="http://radic.nl">
        <fileTransfer rootFolder="/var/www/vhosts/radic.nl/docs.radic.nl" accessType="SFTP" host="radic.nl" port="60000" sshConfigId="6ef73e03-9fae-42c5-be08-a5fa3ef0e485" sshConfig="radic-nl@docs.radic.nl">
          <advancedOptions>
            <advancedOptions dataProtectionLevel="Private" />
          </advancedOptions>
        </fileTransfer>
      </webServer>
      <webServer id="3acaec44-1949-4f20-aedf-a1c5fa327b72" name="radic-nl@radic.nl" url="http://radic.nl">
        <fileTransfer rootFolder="/var/www/vhosts/radic.nl" accessType="SFTP" host="radic.nl" port="60000" sshConfigId="6ef73e03-9fae-42c5-be08-a5fa3ef0e485" sshConfig="radic-nl@docs.radic.nl">
          <advancedOptions>
            <advancedOptions dataProtectionLevel="Private" />
          </advancedOptions>
        </fileTransfer>
      </webServer>
      <webServer id="cda7cc28-2a27-45ab-aa5d-c69dbbf8b3f3" name="codex-project@codex-project.ninja" url="http://codex-project.ninja">
        <fileTransfer rootFolder="/var/www/vhosts/codex-project.ninja" accessType="SFTP" host="codex-project.ninja" port="60000" sshConfigId="96b76299-4f80-439d-a2f9-a8fd724359fc" sshConfig="codex-project@codex-project.ninja" keyPair="true">
          <advancedOptions>
            <advancedOptions dataProtectionLevel="Private" />
          </advancedOptions>
        </fileTransfer>
      </webServer>
      <webServer id="4909b874-6319-42ab-b7d9-e699b2b4867d" name="(old) acc-ccblearning@acceptatie.ccblearning.nl" url="http://acceptatie.ccblearning.nl">
        <fileTransfer rootFolder="/var/www/vhosts/acceptatie.ccblearning.nl" accessType="SFTP" host="acceptatie.ccblearning.nl" port="22" sshConfigId="606e2cfc-68db-434a-be3b-9726bfe9cade" sshConfig="(old) acc-ccblearning@acceptatie.ccblearning.nl">
          <advancedOptions>
            <advancedOptions dataProtectionLevel="Private" />
          </advancedOptions>
        </fileTransfer>
      </webServer>
      <webServer id="c6b12ca7-5e70-48dc-b89f-d59730dada3d" name="(old) stag-ccblearning@staging.ccblearning.nl" url="http://staging.ccblearning.nl">
        <fileTransfer rootFolder="/var/www/vhosts/staging.ccblearning.nl" accessType="SFTP" host="staging.ccblearning.nl" port="22" sshConfigId="c2f8d6ee-821a-4ba6-9986-e1e6b2081424" sshConfig="(old) stag-ccblearning@staging.ccblearning.nl">
          <advancedOptions>
            <advancedOptions dataProtectionLevel="Private" />
          </advancedOptions>
        </fileTransfer>
      </webServer>
      <webServer id="89d782d1-9f74-448a-9141-d888e9dae409" name="(exp) ccblearning.sebtest.nl" url="http://ccblearning.sebtest.nl">
        <fileTransfer rootFolder="/var/www/vhosts/ccblearning.sebtest.nl" accessType="SFTP" host="ccblearning.sebtest.nl" port="60000" sshConfigId="2319c592-d961-4935-a52d-d2935753f826" sshConfig="(exp) ccblearning.sebtest.nl">
          <advancedOptions>
            <advancedOptions dataProtectionLevel="Private" />
          </advancedOptions>
        </fileTransfer>
      </webServer>
      <webServer id="83712600-f160-43ce-8c7c-eaa9966818cf" name="plesk@packages.pluut.nl" url="https://packages.pluut.nl">
        <fileTransfer rootFolder="/var/www/vhosts/pluut.nl/packages.pluut.nl" accessType="SFTP" host="136.144.130.102" port="60000" sshConfigId="cf854e60-1972-452f-953b-0f487586e5e6" sshConfig="plesk@packages.pluut.nl" keyPair="true">
          <advancedOptions>
            <advancedOptions dataProtectionLevel="Private" />
          </advancedOptions>
        </fileTransfer>
      </webServer>
      <webServer id="079c5626-b93f-41f9-9165-a5cd34c336f6" name="backups.radic.nl" url="https://packages.pluut.nl">
        <fileTransfer rootFolder="/var/www/vhosts/radic.nl/backups.radic.nl" accessType="SFTP" host="192.168.178.37" port="22" sshConfigId="d903e38e-c338-4dce-8c85-b573f39dd98b" sshConfig="backups.radic.nl" keyPair="true">
          <advancedOptions>
            <advancedOptions dataProtectionLevel="Private" />
          </advancedOptions>
        </fileTransfer>
      </webServer>
      <webServer id="23e1af22-3a28-425a-a45a-e36eb759242b" name="radic.nl" url="https://packages.pluut.nl">
        <fileTransfer rootFolder="/var/www/vhosts/radic.nl" accessType="SFTP" host="192.168.178.37" port="22" sshConfigId="d903e38e-c338-4dce-8c85-b573f39dd98b" sshConfig="backups.radic.nl" keyPair="true">
          <advancedOptions>
            <advancedOptions dataProtectionLevel="Private" />
          </advancedOptions>
        </fileTransfer>
      </webServer>
      <webServer id="17b29b79-94ea-4752-b9a9-04be963abe11" name="wmomo@wmomo" url="http://projects.wmomo.nl">
        <fileTransfer rootFolder="/home/wmomo/src" accessType="SFTP" host="wmomo" port="60000" sshConfigId="b8e37688-f6ef-44e7-825d-ce68ed96221d" sshConfig="wmomo@wmomo" keyPair="true">
          <advancedOptions>
            <advancedOptions dataProtectionLevel="Private" passiveMode="true" shareSSLContext="true" />
          </advancedOptions>
        </fileTransfer>
      </webServer>
    </option>
  </component>
</application>