<application>
  <component name="DimensionService">
    <location key="FileChooserDialogImpl.0.480.1600.1200" x="598" y="715" />
    <location key="#com.intellij.ide.actions.ChooseComponentsToExportDialog.0.480.1600.1200" x="573" y="842" />
    <location key="#Plugins.0.480.1600.1200" x="1599" y="34" />
    <location key="#Browse_Repositories.1600.0.3840.2160" x="817" y="480" />
    <location key="#Plugins.1600.0.3840.2160" x="2213" y="602" />
    <location key="FileChooserDialogImpl.1600.0.3840.2160" x="2780" y="960" />
    <location key="WELCOME_SCREEN.0.480.1600.1200" x="800" y="968" />
    <location key="SettingsEditor.1600.0.3840.2160" x="2344" y="652" />
    <location key="#com.intellij.execution.impl.EditConfigurationsDialog.1600.0.3840.2160" x="2983" y="509" />
    <location key="IDE.errors.dialog.1600.0.3840.2160" x="3107" y="815" />
    <location key="AndroidProcessChooserDialog.1600.0.3840.2160" x="3382" y="846" />
    <location key="#Project_Structure.1600.0.3840.2160" x="1600" y="34" />
    <location key="#com.intellij.refactoring.move.MoveHandler.SelectRefactoringDialog.1600.0.3840.2160" x="3263" y="1006" />
    <location key="#Browse_Repositories.1920.0.3840.2160" x="3106" y="737" />
    <location key="SettingsEditor.1920.0.3840.2160" x="3005" y="726" />
    <location key="FileChooserDialogImpl.1920.0.3840.2160" x="3307" y="837" />
    <location key="#com.intellij.ide.macro.MacrosDialog.1920.0.3840.2160" x="3306" y="787" />
    <location key="#com.intellij.tools.ToolEditorDialog.1920.0.3840.2160" x="3275" y="911" />
    <location key="#com.intellij.fileTypes.FileTypeChooser.1920.0.3840.2160" x="3238" y="884" />
    <location key="#com.intellij.ide.util.MemberChooser.1920.0.3840.2160" x="3332" y="800" />
    <location key="VCS.ChangelistChooser.1600.0.3840.2160" x="3371" y="994" />
    <location key="#com.intellij.openapi.updateSettings.impl.PluginUpdateInfoDialog.1600.0.3840.2160" x="3207" y="818" />
    <location key="#com.intellij.fileTypes.FileTypeChooser.1600.0.3840.2160" x="3241" y="883" />
    <location key="#xdebugger.evaluate.1600.0.3840.2160" x="5440" y="603" />
    <location key="#Usage_Scope.1600.0.3840.2160" x="3270" y="792" />
    <location key="#xdebugger.XInspectDialog.1600.0.3840.2160" x="3263" y="817" />
    <location key="#Updates.1600.0.3840.2160" x="3280" y="939" />
    <location key="find.popup.1600.0.3840.2160" x="3323" y="161" />
    <location key="com.intellij.openapi.vcs.update.UpdateOrStatusOptionsDialogupdate.1600.0.3840.2160" x="3281" y="979" />
    <location key="com.intellij.xdebugger.impl.breakpoints.ui.BreakpointsDialogFactory$2.1600.0.3840.2160" x="3069" y="800" />
    <location key="jetbrains.javascript.buildTools.run-task-popup.1600.0.3840.2160" x="3393" y="940" />
    <location key="#Web_Browsers.1600.0.3840.2160" x="3302" y="915" />
    <location key="RollbackChangesDialog.1600.0.3840.2160" x="3181" y="774" />
    <location key="com.intellij.openapi.editor.actions.MultiplePasteAction$ClipboardContentChooser.1600.0.3840.2160" x="2930" y="707" />
    <location key="#com.intellij.ide.actions.ChooseComponentsToExportDialog.1600.0.3840.2160" x="3266" y="435" />
    <location key="#com.intellij.ide.util.MemberChooser.1600.0.3840.2160" x="3332" y="800" />
    <location key="find.popup.1920.0.3840.2160" x="3331" y="168" />
    <location key="#com.intellij.execution.impl.EditConfigurationsDialog.1920.0.3840.2160" x="2983" y="739" />
    <location key="CommitChangelistDialog2.1600.0.3840.2160" x="2852" y="174" />
    <location key="#com.intellij.codeInsight.template.impl.EditVariableDialog.1600.0.3840.2160" x="3321" y="947" />
    <location key="com.intellij.database.view.ui.DeleteDialog.1600.0.3840.2160" x="3380" y="947" />
    <location key="scopes.1600.0.3840.2160" x="3319" y="943" />
    <location key="ProcessPopupWindow.1600.0.3840.2160" x="4475" y="1997" />
    <location key="#com.intellij.refactoring.rename.AutomaticRenamingDialog.1600.0.3840.2160" x="3281" y="34" />
    <location key="#com.intellij.debugger.actions.ViewTextAction.1600.0.3840.2160" x="3635" y="937" />
    <location key="#Scopes.1600.0.3840.2160" x="3319" y="878" />
    <location key="search.everywhere.popup.1600.0.3840.2160" x="3183" y="525" />
    <location key="run.anything.popup.1600.0.3840.2160" x="3182" y="517" />
    <location key="vcs.ApplyPatchDifferentiatedDialog.1600.0.3840.2160" x="3174" y="772" />
    <location key="git4idea.branch.GitSmartOperationDialog.1600.0.3840.2160" x="3285" y="775" />
    <location key="git4idea.merge.GitPullDialog.1600.0.3840.2160" x="3219" y="874" />
    <location key="Vcs.Push.Dialog.1600.0.3840.2160" x="3203" y="792" />
    <location key="MergeDialog.1600.0.3840.2160" x="1931" y="336" />
    <location key="VcsDiffUtil.ChangesDialog.1600.0.3840.2160" x="3314" y="798" />
    <location key="export.test.results.1600.0.3840.2160" x="3316" y="910" />
    <location key="StructurePopup.1600.0.3840.2160" x="3248" y="815" />
    <location key="#com.intellij.ide.scriptingContext.ui.PerFileMappingsDialogWrapper.1600.0.3840.2160" x="2738" y="993" />
    <location key="FileChooserDialogImpl.5440.480.1920.1200" x="6183" y="818" />
    <location key="#com.intellij.execution.impl.EditConfigurationsDialog.5440.480.1920.1200" x="5863" y="721" />
    <location key="#com.intellij.execution.impl.EditConfigurationsDialog.0.480.1600.1200" x="280" y="741" />
    <location key="#dev:build.1600.0.3840.2160" x="3255" y="757" />
    <location key="#com.intellij.refactoring.move.moveClassesOrPackages.MoveClassesOrPackagesDialog.packages.1600.0.3840.2160" x="3302" y="962" />
    <location key="#prod:build.1600.0.3840.2160" x="3264" y="748" />
    <location key="MultipleFileMergeDialog.1600.0.3840.2160" x="3226" y="785" />
    <location key="EditFileWatcherDialog.1600.0.3840.2160" x="3502" y="751" />
    <location key="#com.intellij.ide.macro.MacrosDialog.1600.0.3840.2160" x="4132" y="799" />
    <location key="find.popup.0.480.1600.1200" x="484" y="747" />
    <location key="#org.intellij.plugins.intelliLang.inject.config.ui.BaseInjectionDialog.1600.0.3840.2160" x="2813" y="764" />
    <location key="#com.intellij.ide.util.TreeClassChooserDialog.1600.0.3840.2160" x="3609" y="751" />
    <location key="#TSLint.1600.0.3840.2160" x="3234" y="877" />
    <location key="Performance.Activity.Monitor.1600.0.3840.2160" x="3104" y="934" />
    <location key="vcs.readOnlyHandler.ReadOnlyStatusDialog.1600.0.3840.2160" x="3249" y="994" />
    <location key="ANALYSIS_DLG_com.intellij.analysis.BaseAnalysisAction$1.1600.0.3840.2160" x="3264" y="921" />
    <location key="search.everywhere.popup.1920.0.3840.2160" x="3183" y="525" />
    <location key="#com.intellij.openapi.updateSettings.impl.PluginUpdateInfoDialog.0.480.1600.1200" x="500" y="817" />
    <location key="SettingsEditor.0.480.1600.1200" x="301" y="725" />
    <location key="vcs.readOnlyHandler.ReadOnlyStatusDialog.0.480.1600.1200" x="546" y="996" />
    <location key="#com.intellij.fileTypes.FileTypeChooser.0.480.1600.1200" x="536" y="880" />
    <location key="#livecd.1600.0.3840.2160" x="3264" y="748" />
    <location key="EnvironmentVariablesDialog.1600.0.3840.2160" x="3261" y="853" />
    <location key="WELCOME_SCREEN.0.0.1920.1200" x="960" y="722" />
    <location key="#xdebugger.evaluate.1920.0.3840.2160" x="3402" y="765" />
    <location key="#com.intellij.openapi.updateSettings.impl.PluginUpdateInfoDialog.0.424.1600.1200" x="487" y="652" />
    <location key="FileChooserDialogImpl.0.424.1600.1200" x="587" y="672" />
    <location key="WELCOME_SCREEN.0.424.1600.1200" x="804" y="914" />
    <location key="FileChooserDialogImpl.0.586.1600.1200" x="583" y="834" />
    <location key="WELCOME_SCREEN.0.586.1600.1200" x="800" y="1076" />
    <location key="#Intentions.1600.0.3840.2160" x="3115" y="742" />
    <location key="#Inspections.1600.0.3840.2160" x="3115" y="742" />
    <location key="bookmarks.1600.0.3840.2160" x="2520" y="461" />
    <location key="org.angular.cli.generate.1600.0.3840.2160" x="3390" y="1000" />
    <location key="StringManipulation.SortTypeDialog.1600.0.3840.2160" x="3143" y="883" />
    <location key="#localhost.1600.0.3840.2160" x="3115" y="742" />
    <location key="#Deployment.1600.0.3840.2160" x="3115" y="742" />
    <location key="WELCOME_SCREEN.0.455.1600.1200" x="800" y="943" />
    <location key="DiffContextDialog.1600.0.3840.2160" x="2358" y="91" />
    <location key="#generate.ts.1600.0.3840.2160" x="3224" y="753" />
    <location key="#start.1600.0.3840.2160" x="3224" y="791" />
    <location key="NewModule_or_Project.wizard.1600.0.3840.2160" x="2996" y="500" />
    <location key="MultiMarkdownGetTrialLicenseDialog.1600.0.3840.2160" x="3167" y="676" />
    <location key="#com.intellij.ide.fileTemplates.ui.ConfigureTemplatesDialog.1600.0.3840.2160" x="3124" y="846" />
    <location key="#webpack-dev-server.1600.0.3840.2160" x="3224" y="753" />
    <location key="#webpack.1600.0.3840.2160" x="3224" y="753" />
    <location key="jetbrains.nodejs.interpreters-dialog.1600.0.3840.2160" x="3061" y="610" />
    <location key="ftp.server.browser.1600.0.3840.2160" x="3418" y="794" />
    <location key="find.popup.3840.0.3840.2160" x="5320" y="206" />
    <location key="find.popup.7680.0.3840.2160" x="9376" y="160" />
    <location key="find.popup.3840.0.3840.2160@120dpi" x="5091" y="467" />
    <location key="find.popup.7680.0.3840.2160@120dpi" x="8868" y="426" />
    <location key="find.popup.0.0.3840.2160@120dpi" x="1188" y="426" />
    <size key="#com.intellij.ide.actions.ChooseComponentsToExportDialog.0.480.1600.1200" width="489" height="661" />
    <size key="#Plugins.0.480.1600.1200" width="3842" height="2085" />
    <size key="#Browse_Repositories.1600.0.3840.2160" width="783" height="1200" />
    <size key="#Plugins.1600.0.3840.2160" width="1568" height="1201" />
    <size key="FileChooserDialogImpl.1600.0.3840.2160" width="448" height="479" />
    <size key="FileChooserDialogImpl.0.480.1600.1200" width="426" height="479" />
    <size key="SettingsEditor.1600.0.3840.2160" width="2519" height="1483" />
    <size key="GridCell.Tab.0.left.1600.0.3840.2160" width="1897" height="545" />
    <size key="GridCell.Tab.0.center.1600.0.3840.2160" width="1897" height="545" />
    <size key="GridCell.Tab.0.right.1600.0.3840.2160" width="1897" height="545" />
    <size key="GridCell.Tab.0.bottom.1600.0.3840.2160" width="1897" height="545" />
    <size key="GridCell.Tab.1.left.1600.0.3840.2160" width="1897" height="545" />
    <size key="GridCell.Tab.1.center.1600.0.3840.2160" width="1897" height="545" />
    <size key="GridCell.Tab.1.right.1600.0.3840.2160" width="1897" height="545" />
    <size key="GridCell.Tab.1.bottom.1600.0.3840.2160" width="1897" height="545" />
    <size key="GridCell.Tab.2.left.1600.0.3840.2160" width="3798" height="766" />
    <size key="GridCell.Tab.2.center.1600.0.3840.2160" width="3798" height="766" />
    <size key="GridCell.Tab.2.right.1600.0.3840.2160" width="3798" height="766" />
    <size key="GridCell.Tab.2.bottom.1600.0.3840.2160" width="3798" height="766" />
    <size key="GridCell.Tab.3.left.1600.0.3840.2160" width="3798" height="766" />
    <size key="GridCell.Tab.3.center.1600.0.3840.2160" width="3798" height="766" />
    <size key="GridCell.Tab.3.right.1600.0.3840.2160" width="3798" height="766" />
    <size key="GridCell.Tab.3.bottom.1600.0.3840.2160" width="3798" height="766" />
    <size key="#com.intellij.tools.ToolEditorDialog.1920.0.3840.2160" width="489" height="478" />
    <size key="GridCell.Tab.0.left.1920.0.3840.2160" width="3790" height="765" />
    <size key="GridCell.Tab.0.center.1920.0.3840.2160" width="3790" height="765" />
    <size key="GridCell.Tab.0.right.1920.0.3840.2160" width="3790" height="765" />
    <size key="GridCell.Tab.0.bottom.1920.0.3840.2160" width="3790" height="765" />
    <size key="#com.intellij.fileTypes.FileTypeChooser.1600.0.3840.2160" width="766" height="385" />
    <size key="#xdebugger.evaluate.1600.0.3840.2160" width="1920" height="1070" />
    <size key="XDebugger.FullValuePopup.1600.0.3840.2160" width="1918" height="1198" />
    <size key="#Usage_Scope.1600.0.3840.2160" width="1268" height="569" />
    <size key="find.popup.1600.0.3840.2160" width="2033" height="1582" />
    <size key="jetbrains.javascript.buildTools.run-task-popup.1600.0.3840.2160" width="250" height="278" />
    <size key="#com.intellij.ide.actions.ChooseComponentsToExportDialog.1600.0.3840.2160" width="521" height="801" />
    <size key="find.popup.1920.0.3840.2160" width="596" height="682" />
    <size key="GridCell.Tab.1.left.1920.0.3840.2160" width="3790" height="765" />
    <size key="GridCell.Tab.1.center.1920.0.3840.2160" width="3790" height="765" />
    <size key="GridCell.Tab.1.right.1920.0.3840.2160" width="3790" height="765" />
    <size key="GridCell.Tab.1.bottom.1920.0.3840.2160" width="3790" height="765" />
    <size key="GridCell.Tab.2.left.1920.0.3840.2160" width="3794" height="580" />
    <size key="GridCell.Tab.2.center.1920.0.3840.2160" width="3794" height="580" />
    <size key="GridCell.Tab.2.right.1920.0.3840.2160" width="3794" height="580" />
    <size key="GridCell.Tab.2.bottom.1920.0.3840.2160" width="3794" height="580" />
    <size key="GridCell.Tab.3.left.1920.0.3840.2160" width="3794" height="580" />
    <size key="GridCell.Tab.3.center.1920.0.3840.2160" width="3794" height="580" />
    <size key="GridCell.Tab.3.right.1920.0.3840.2160" width="3794" height="580" />
    <size key="GridCell.Tab.3.bottom.1920.0.3840.2160" width="3794" height="580" />
    <size key="XDebugger.FullValuePopup.1920.0.3840.2160" width="1921" height="1044" />
    <size key="#com.intellij.ide.util.MemberChooser.1600.0.3840.2160" width="376" height="557" />
    <size key="ProcessPopupWindow.1600.0.3840.2160" width="400" height="122" />
    <size key="#com.intellij.debugger.actions.ViewTextAction.1600.0.3840.2160" width="1321" height="659" />
    <size key="scopes.1600.0.3840.2160" width="1043" height="681" />
    <size key="#Scopes.1600.0.3840.2160" width="909" height="444" />
    <size key="search.everywhere.popup.1600.0.3840.2160" width="672" height="678" />
    <size key="CommitChangelistDialog2.1600.0.3840.2160" width="2258" height="1592" />
    <size key="StructurePopup.1600.0.3840.2160" width="597" height="524" />
    <size key="FileChooserDialogImpl.5440.480.1920.1200" width="426" height="479" />
    <size key="run.anything.popup.1600.0.3840.2160" width="672" height="677" />
    <size key="GridCell.Tab.0.left.5440.480.1920.1200" width="910" height="239" />
    <size key="GridCell.Tab.0.center.5440.480.1920.1200" width="910" height="239" />
    <size key="GridCell.Tab.0.right.5440.480.1920.1200" width="910" height="239" />
    <size key="GridCell.Tab.0.bottom.5440.480.1920.1200" width="910" height="239" />
    <size key="GridCell.Tab.1.left.5440.480.1920.1200" width="910" height="239" />
    <size key="GridCell.Tab.1.center.5440.480.1920.1200" width="910" height="239" />
    <size key="GridCell.Tab.1.right.5440.480.1920.1200" width="910" height="239" />
    <size key="GridCell.Tab.1.bottom.5440.480.1920.1200" width="910" height="239" />
    <size key="GridCell.Tab.2.left.5440.480.1920.1200" width="910" height="239" />
    <size key="GridCell.Tab.2.center.5440.480.1920.1200" width="910" height="239" />
    <size key="GridCell.Tab.2.right.5440.480.1920.1200" width="910" height="239" />
    <size key="GridCell.Tab.2.bottom.5440.480.1920.1200" width="910" height="239" />
    <size key="GridCell.Tab.0.left.0.480.1600.1200" width="1520" height="301" />
    <size key="GridCell.Tab.0.center.0.480.1600.1200" width="1520" height="301" />
    <size key="GridCell.Tab.0.right.0.480.1600.1200" width="1520" height="301" />
    <size key="GridCell.Tab.0.bottom.0.480.1600.1200" width="1520" height="301" />
    <size key="GridCell.Tab.1.left.0.480.1600.1200" width="1520" height="301" />
    <size key="GridCell.Tab.1.center.0.480.1600.1200" width="1520" height="301" />
    <size key="GridCell.Tab.1.right.0.480.1600.1200" width="1520" height="301" />
    <size key="GridCell.Tab.1.bottom.0.480.1600.1200" width="1520" height="301" />
    <size key="GridCell.Tab.2.left.0.480.1600.1200" width="1520" height="301" />
    <size key="GridCell.Tab.2.center.0.480.1600.1200" width="1520" height="301" />
    <size key="GridCell.Tab.2.right.0.480.1600.1200" width="1520" height="301" />
    <size key="GridCell.Tab.2.bottom.0.480.1600.1200" width="1520" height="301" />
    <size key="GridCell.Tab.1.left.5440.432.1920.1200" width="3794" height="757" />
    <size key="GridCell.Tab.1.center.5440.432.1920.1200" width="3794" height="757" />
    <size key="GridCell.Tab.1.right.5440.432.1920.1200" width="3794" height="757" />
    <size key="GridCell.Tab.1.bottom.5440.432.1920.1200" width="3794" height="757" />
    <size key="EditFileWatcherDialog.1600.0.3840.2160" width="742" height="672" />
    <size key="#Project_Structure.1600.0.3840.2160" width="3840" height="2088" />
    <size key="find.popup.0.480.1600.1200" width="666" height="666" />
    <size key="SettingsEditor.1920.0.3840.2160" width="1023" height="701" />
    <size key="com.intellij.xdebugger.impl.breakpoints.ui.BreakpointsDialogFactory$2.1600.0.3840.2160" width="906" height="693" />
    <size key="search.everywhere.popup.1920.0.3840.2160" width="672" height="678" />
    <size key="#com.intellij.openapi.updateSettings.impl.PluginUpdateInfoDialog.0.480.1600.1200" width="626" height="521" />
    <size key="SettingsEditor.0.480.1600.1200" width="1023" height="706" />
    <size key="HiddenNamespacesPopup.1600.0.3840.2160" width="235" height="499" />
    <size key="#com.intellij.openapi.updateSettings.impl.PluginUpdateInfoDialog.1600.0.3840.2160" width="626" height="539" />
    <size key="FileChooserDialogImpl.0.424.1600.1200" width="434" height="483" />
    <size key="FileChooserDialogImpl.0.586.1600.1200" width="426" height="482" />
    <size key="ANALYSIS_DLG_com.intellij.analysis.BaseAnalysisAction$1.1600.0.3840.2160" width="480" height="266" />
    <size key="#Intentions.1600.0.3840.2160" width="802" height="739" />
    <size key="#Inspections.1600.0.3840.2160" width="802" height="675" />
    <size key="bookmarks.1600.0.3840.2160" width="864" height="362" />
    <size key="MergeDialog.1600.0.3840.2160" width="3074" height="1756" />
    <size key="MultipleFileMergeDialog.1600.0.3840.2160" width="582" height="566" />
    <size key="GridCell.Tab.0.left.5440.498.1920.1200" width="1874" height="317" />
    <size key="GridCell.Tab.0.center.5440.498.1920.1200" width="1874" height="317" />
    <size key="GridCell.Tab.0.right.5440.498.1920.1200" width="1874" height="317" />
    <size key="GridCell.Tab.0.bottom.5440.498.1920.1200" width="1874" height="317" />
    <size key="#com.intellij.codeInsight.template.impl.EditVariableDialog.1600.0.3840.2160" width="553" height="347" />
    <size key="com.intellij.openapi.editor.actions.MultiplePasteAction$ClipboardContentChooser.1600.0.3840.2160" width="1022" height="701" />
    <size key="org.angular.cli.generate.1600.0.3840.2160" width="348" height="298" />
    <size key="StringManipulation.SortTypeDialog.1600.0.3840.2160" width="745" height="393" />
    <size key="#localhost.1600.0.3840.2160" width="802" height="675" />
    <size key="#Deployment.1600.0.3840.2160" width="802" height="672" />
    <size key="#com.intellij.execution.impl.EditConfigurationsDialog.1600.0.3840.2160" width="1402" height="900" />
    <size key="DiffContextDialog.1600.0.3840.2160" width="3074" height="1753" />
    <size key="EnvironmentVariablesDialog.1600.0.3840.2160" width="517" height="409" />
    <size key="RollbackChangesDialog.1600.0.3840.2160" width="352" height="626" />
    <size key="vcs.readOnlyHandler.ReadOnlyStatusDialog.1600.0.3840.2160" width="542" height="189" />
    <size key="GridCell.Tab.-1.left.1600.0.3840.2160" width="3798" height="766" />
    <size key="GridCell.Tab.-1.center.1600.0.3840.2160" width="3798" height="766" />
    <size key="GridCell.Tab.-1.right.1600.0.3840.2160" width="3798" height="766" />
    <size key="GridCell.Tab.-1.bottom.1600.0.3840.2160" width="3798" height="766" />
    <size key="#generate.ts.1600.0.3840.2160" width="584" height="649" />
    <size key="#start.1600.0.3840.2160" width="592" height="579" />
    <size key="NewModule_or_Project.wizard.1600.0.3840.2160" width="729" height="591" />
    <size key="MultiMarkdownGetTrialLicenseDialog.1600.0.3840.2160" width="348" height="363" />
    <size key="#com.intellij.ide.fileTemplates.ui.ConfigureTemplatesDialog.1600.0.3840.2160" width="783" height="463" />
    <size key="#webpack-dev-server.1600.0.3840.2160" width="584" height="649" />
    <size key="#webpack.1600.0.3840.2160" width="584" height="649" />
    <size key="jetbrains.nodejs.interpreters-dialog.1600.0.3840.2160" width="552" height="372" />
    <size key="ftp.server.browser.1600.0.3840.2160" width="195" height="563" />
    <size key="find.popup.3840.0.3840.2160" width="1693" height="1413" />
    <size key="GridCell.Tab.0.left.3840.0.3840.2160" width="3796" height="655" />
    <size key="GridCell.Tab.0.center.3840.0.3840.2160" width="3796" height="655" />
    <size key="GridCell.Tab.0.right.3840.0.3840.2160" width="3796" height="655" />
    <size key="GridCell.Tab.0.bottom.3840.0.3840.2160" width="3796" height="655" />
    <size key="GridCell.Tab.1.left.3840.0.3840.2160" width="3796" height="800" />
    <size key="GridCell.Tab.1.center.3840.0.3840.2160" width="3796" height="800" />
    <size key="GridCell.Tab.1.right.3840.0.3840.2160" width="3796" height="800" />
    <size key="GridCell.Tab.1.bottom.3840.0.3840.2160" width="3796" height="800" />
    <size key="GridCell.Tab.0.left.0.0.3840.2160" width="1899" height="455" />
    <size key="GridCell.Tab.0.center.0.0.3840.2160" width="1899" height="455" />
    <size key="GridCell.Tab.0.right.0.0.3840.2160" width="1899" height="455" />
    <size key="GridCell.Tab.0.bottom.0.0.3840.2160" width="1899" height="455" />
    <size key="GridCell.Tab.1.left.0.0.3840.2160" width="3758" height="712" />
    <size key="GridCell.Tab.1.center.0.0.3840.2160" width="3758" height="712" />
    <size key="GridCell.Tab.1.right.0.0.3840.2160" width="3758" height="712" />
    <size key="GridCell.Tab.1.bottom.0.0.3840.2160" width="3758" height="712" />
    <size key="GridCell.Tab.0.left.3840.46.3840.2160" width="3798" height="644" />
    <size key="GridCell.Tab.0.center.3840.46.3840.2160" width="3798" height="644" />
    <size key="GridCell.Tab.0.right.3840.46.3840.2160" width="3798" height="644" />
    <size key="GridCell.Tab.0.bottom.3840.46.3840.2160" width="3798" height="644" />
    <size key="GridCell.Tab.1.left.3840.46.3840.2160" width="1899" height="766" />
    <size key="GridCell.Tab.1.center.3840.46.3840.2160" width="1899" height="766" />
    <size key="GridCell.Tab.1.right.3840.46.3840.2160" width="1899" height="766" />
    <size key="GridCell.Tab.1.bottom.3840.46.3840.2160" width="1899" height="766" />
    <size key="GridCell.Tab.0.left.0.0.1680.1050" width="1638" height="323" />
    <size key="GridCell.Tab.0.center.0.0.1680.1050" width="1638" height="323" />
    <size key="GridCell.Tab.0.right.0.0.1680.1050" width="1638" height="323" />
    <size key="GridCell.Tab.0.bottom.0.0.1680.1050" width="1638" height="323" />
    <size key="GridCell.Tab.1.left.0.0.1680.1050" width="1638" height="323" />
    <size key="GridCell.Tab.1.center.0.0.1680.1050" width="1638" height="323" />
    <size key="GridCell.Tab.1.right.0.0.1680.1050" width="1638" height="323" />
    <size key="GridCell.Tab.1.bottom.0.0.1680.1050" width="1638" height="323" />
    <size key="GridCell.Tab.2.left.3840.0.3840.2160" width="3758" height="800" />
    <size key="GridCell.Tab.2.center.3840.0.3840.2160" width="3758" height="800" />
    <size key="GridCell.Tab.2.right.3840.0.3840.2160" width="3758" height="800" />
    <size key="GridCell.Tab.2.bottom.3840.0.3840.2160" width="3758" height="800" />
    <size key="GridCell.Tab.-1.left.3840.0.3840.2160" width="3758" height="800" />
    <size key="GridCell.Tab.-1.center.3840.0.3840.2160" width="3758" height="800" />
    <size key="GridCell.Tab.-1.right.3840.0.3840.2160" width="3758" height="800" />
    <size key="GridCell.Tab.-1.bottom.3840.0.3840.2160" width="3758" height="800" />
    <size key="GridCell.Tab.0.left.7680.0.3840.2160" width="1562" height="657" />
    <size key="GridCell.Tab.0.center.7680.0.3840.2160" width="1562" height="657" />
    <size key="GridCell.Tab.0.right.7680.0.3840.2160" width="1562" height="657" />
    <size key="GridCell.Tab.0.bottom.7680.0.3840.2160" width="1562" height="657" />
    <size key="GridCell.Tab.0.left.3840.78.3840.2160" width="3798" height="660" />
    <size key="GridCell.Tab.0.center.3840.78.3840.2160" width="3798" height="660" />
    <size key="GridCell.Tab.0.right.3840.78.3840.2160" width="3798" height="660" />
    <size key="GridCell.Tab.0.bottom.3840.78.3840.2160" width="3798" height="660" />
    <size key="GridCell.Tab.1.left.3840.78.3840.2160" width="3798" height="660" />
    <size key="GridCell.Tab.1.center.3840.78.3840.2160" width="3798" height="660" />
    <size key="GridCell.Tab.1.right.3840.78.3840.2160" width="3798" height="660" />
    <size key="GridCell.Tab.1.bottom.3840.78.3840.2160" width="3798" height="660" />
    <size key="GridCell.Tab.1.left.7680.0.3840.2160" width="3788" height="806" />
    <size key="GridCell.Tab.1.center.7680.0.3840.2160" width="3788" height="806" />
    <size key="GridCell.Tab.1.right.7680.0.3840.2160" width="3788" height="806" />
    <size key="GridCell.Tab.1.bottom.7680.0.3840.2160" width="3788" height="806" />
    <size key="find.popup.7680.0.3840.2160" width="579" height="762" />
    <size key="GridCell.Tab.0.left.3840.0.3840.2160@120dpi" width="3785" height="579" />
    <size key="GridCell.Tab.0.center.3840.0.3840.2160@120dpi" width="3785" height="579" />
    <size key="GridCell.Tab.0.right.3840.0.3840.2160@120dpi" width="3785" height="579" />
    <size key="GridCell.Tab.0.bottom.3840.0.3840.2160@120dpi" width="3785" height="579" />
    <size key="GridCell.Tab.1.left.3840.0.3840.2160@120dpi" width="3785" height="579" />
    <size key="GridCell.Tab.1.center.3840.0.3840.2160@120dpi" width="3785" height="579" />
    <size key="GridCell.Tab.1.right.3840.0.3840.2160@120dpi" width="3785" height="579" />
    <size key="GridCell.Tab.1.bottom.3840.0.3840.2160@120dpi" width="3785" height="579" />
    <size key="find.popup.3840.0.3840.2160@120dpi" width="1302" height="1287" />
    <size key="find.popup.7680.0.3840.2160@120dpi" width="720" height="640" />
    <size key="GridCell.Tab.0.left.0.0.3840.2160@120dpi" width="3785" height="982" />
    <size key="GridCell.Tab.0.center.0.0.3840.2160@120dpi" width="3785" height="982" />
    <size key="GridCell.Tab.0.right.0.0.3840.2160@120dpi" width="3785" height="982" />
    <size key="GridCell.Tab.0.bottom.0.0.3840.2160@120dpi" width="3785" height="982" />
    <size key="find.popup.0.0.3840.2160@120dpi" width="1292" height="1025" />
    <size key="GridCell.Tab.1.left.0.0.3840.2160@120dpi" width="3785" height="982" />
    <size key="GridCell.Tab.1.center.0.0.3840.2160@120dpi" width="3785" height="982" />
    <size key="GridCell.Tab.1.right.0.0.3840.2160@120dpi" width="3785" height="982" />
    <size key="GridCell.Tab.1.bottom.0.0.3840.2160@120dpi" width="3785" height="982" />
    <size key="GridCell.Tab.-1.left.3840.0.3840.2160@120dpi" width="3785" height="793" />
    <size key="GridCell.Tab.-1.center.3840.0.3840.2160@120dpi" width="3785" height="793" />
    <size key="GridCell.Tab.-1.right.3840.0.3840.2160@120dpi" width="3785" height="793" />
    <size key="GridCell.Tab.-1.bottom.3840.0.3840.2160@120dpi" width="3785" height="793" />
  </component>
  <component name="WindowManager">
    <frame x="3840" y="25" width="3840" height="2110" extendedState="6" />
  </component>
  <component name="WindowStateApplicationService">
    <state width="768" height="254" key="ShowUsagesActions.dimensionServiceKey" timestamp="1738745132210">
      <screen x="3840" y="0" width="3840" height="2160" />
    </state>
    <state width="768" height="254" key="ShowUsagesActions.dimensionServiceKey/3840.0.3840.2160/0.0.3840.2160/7680.0.3840.2160" timestamp="1738745132210" />
    <state width="489" height="128" key="ShowUsagesActions.dimensionServiceKey/3840.0.3840.2160/7680.0.3840.2160/0.0.3840.2160" timestamp="1738422822242" />
    <state width="459" height="752" key="ShowUsagesActions.dimensionServiceKey/3840.25.3840.1595/0.0.3840.2160/7680.204.2560.1440" timestamp="1736132271363" />
    <state width="443" height="389" key="ShowUsagesActions.dimensionServiceKey/3840.25.3840.1595/7680.204.2560.1440/0.0.3840.2160" timestamp="1736297335382" />
    <state width="410" height="727" key="ShowUsagesActions.dimensionServiceKey/3840.25.3840.2103/7680.0.3840.2160/0.0.3840.2160" timestamp="1737375270670" />
    <state width="376" height="103" key="ShowUsagesActions.dimensionServiceKey/3840.25.3840.2110/0.0.3840.2160" timestamp="1735998510011" />
    <state width="457" height="103" key="ShowUsagesActions.dimensionServiceKey/3840.25.3840.2110/0.0.3840.2160/7680.204.2560.1440" timestamp="1736192747860" />
    <state width="571" height="367" key="nx.dev.console.generate" timestamp="1735464854976">
      <screen x="3840" y="25" width="3840" height="2110" />
    </state>
    <state width="571" height="367" key="nx.dev.console.generate/3840.25.3840.2110/0.0.3840.2160" timestamp="1735464854976" />
  </component>
</application>