<application>
  <component name="libraryTable">
    <library name="@types/globule" type="javaScript">
      <CLASSES />
      <JAVADOC />
      <SOURCES />
    </library>
    <library name="@types/node" type="javaScript">
      <CLASSES />
      <JAVADOC />
      <SOURCES />
    </library>
    <library name="groovy-1.8.6">
      <ANNOTATIONS>
        <root url="file:///mnt/fat/php/projects/laradic/app/dsl" />
      </ANNOTATIONS>
      <CLASSES>
        <root url="jar:///usr/share/groovy/lib/bsf.jar!/" />
        <root url="jar:///usr/share/groovy/lib/antlr.jar!/" />
        <root url="jar:///usr/share/groovy/lib/servlet-api.jar!/" />
        <root url="jar:///usr/share/groovy/lib/asm3.jar!/" />
        <root url="jar:///usr/share/groovy/lib/commons-logging.jar!/" />
        <root url="jar:///usr/share/groovy/lib/commons-cli.jar!/" />
        <root url="jar:///usr/share/groovy/lib/jline.jar!/" />
        <root url="jar:///usr/share/groovy/lib/junit4.jar!/" />
        <root url="jar:///usr/share/groovy/lib/asm3-util.jar!/" />
        <root url="jar:///usr/share/groovy/lib/groovy-1.8.6.jar!/" />
        <root url="jar:///usr/share/groovy/lib/regexp.jar!/" />
        <root url="jar:///usr/share/groovy/lib/mockobjects-core.jar!/" />
        <root url="jar:///usr/share/groovy/lib/ant-launcher.jar!/" />
        <root url="jar:///usr/share/groovy/lib/xstream.jar!/" />
        <root url="jar:///usr/share/groovy/lib/ant.jar!/" />
        <root url="jar:///usr/share/groovy/lib/asm3-tree.jar!/" />
        <root url="jar:///usr/share/groovy/lib/ant-junit.jar!/" />
        <root url="jar:///usr/share/groovy/lib/jansi.jar!/" />
        <root url="jar:///usr/share/groovy/lib/ivy.jar!/" />
        <root url="jar:///usr/share/groovy/lib/asm3-analysis.jar!/" />
        <root url="jar:///usr/share/groovy/lib/jsp-api.jar!/" />
        <root url="file:///mnt/fat/php/projects/laradic/app/dsl" />
      </CLASSES>
      <JAVADOC>
        <root url="file:///mnt/fat/php/projects/laradic/app/dsl" />
      </JAVADOC>
      <NATIVE>
        <root url="file:///mnt/fat/php/projects/laradic/app/dsl" />
      </NATIVE>
      <SOURCES>
        <root url="file:///mnt/fat/php/projects/laradic/app/dsl" />
      </SOURCES>
      <jarDirectory url="file:///mnt/fat/php/projects/laradic/app/dsl" recursive="false" />
      <jarDirectory url="file:///mnt/fat/php/projects/laradic/app/dsl" recursive="false" type="SOURCES" />
    </library>
    <library name="groovy-2.4.5">
      <CLASSES>
        <root url="jar:///usr/share/groovy2/lib/asm4-tree.jar!/" />
        <root url="jar:///usr/share/groovy2/lib/bsf.jar!/" />
        <root url="jar:///usr/share/groovy2/lib/asm4-commons.jar!/" />
        <root url="jar:///usr/share/groovy2/lib/groovy-2.4.5.jar!/" />
        <root url="jar:///usr/share/groovy2/lib/antlr.jar!/" />
        <root url="jar:///usr/share/groovy2/lib/ant-antlr.jar!/" />
        <root url="jar:///usr/share/groovy2/lib/groovy-console.jar!/" />
        <root url="jar:///usr/share/groovy2/lib/groovy-sql.jar!/" />
        <root url="jar:///usr/share/groovy2/lib/commons-logging.jar!/" />
        <root url="jar:///usr/share/groovy2/lib/commons-cli.jar!/" />
        <root url="jar:///usr/share/groovy2/lib/groovy-servlet.jar!/" />
        <root url="jar:///usr/share/groovy2/lib/groovy-testng.jar!/" />
        <root url="jar:///usr/share/groovy2/lib/groovy-templates.jar!/" />
        <root url="jar:///usr/share/groovy2/lib/asm4-util.jar!/" />
        <root url="jar:///usr/share/groovy2/lib/groovy-xml.jar!/" />
        <root url="jar:///usr/share/groovy2/lib/junit4.jar!/" />
        <root url="jar:///usr/share/groovy2/lib/testng.jar!/" />
        <root url="jar:///usr/share/groovy2/lib/groovy-test.jar!/" />
        <root url="jar:///usr/share/groovy2/lib/groovy-jsr223.jar!/" />
        <root url="jar:///usr/share/groovy2/lib/asm4.jar!/" />
        <root url="jar:///usr/share/groovy2/lib/groovy-jmx.jar!/" />
        <root url="jar:///usr/share/groovy2/lib/jsr166y.jar!/" />
        <root url="jar:///usr/share/groovy2/lib/groovy-groovydoc.jar!/" />
        <root url="jar:///usr/share/groovy2/lib/groovy-docgenerator.jar!/" />
        <root url="jar:///usr/share/groovy2/lib/ant-launcher.jar!/" />
        <root url="jar:///usr/share/groovy2/lib/xstream.jar!/" />
        <root url="jar:///usr/share/groovy2/lib/ant.jar!/" />
        <root url="jar:///usr/share/groovy2/lib/groovy-ant.jar!/" />
        <root url="jar:///usr/share/groovy2/lib/ant-junit.jar!/" />
        <root url="jar:///usr/share/groovy2/lib/groovy-json.jar!/" />
        <root url="jar:///usr/share/groovy2/lib/jline2.jar!/" />
        <root url="jar:///usr/share/groovy2/lib/qdox.jar!/" />
        <root url="jar:///usr/share/groovy2/lib/groovy-groovysh.jar!/" />
        <root url="jar:///usr/share/groovy2/lib/jansi.jar!/" />
        <root url="jar:///usr/share/groovy2/lib/hamcrest-core.jar!/" />
        <root url="jar:///usr/share/groovy2/lib/jsp-api-2.1.jar!/" />
        <root url="jar:///usr/share/groovy2/lib/ivy.jar!/" />
        <root url="jar:///usr/share/groovy2/lib/groovy-bsf.jar!/" />
        <root url="jar:///usr/share/groovy2/lib/servlet-api-2.5.jar!/" />
        <root url="jar:///usr/share/groovy2/lib/jcommander.jar!/" />
        <root url="jar:///usr/share/groovy2/lib/groovy-swing.jar!/" />
        <root url="jar:///usr/share/groovy2/lib/asm4-analysis.jar!/" />
      </CLASSES>
      <JAVADOC />
      <SOURCES />
    </library>
    <library name="jquery-3.4.1" type="javaScript">
      <properties>
        <option name="frameworkName" value="jQuery" />
        <sourceFilesUrls>
          <item url="file://$APPLICATION_CONFIG_DIR$/javascript/extLibs/http_code.jquery.com_jquery-3.4.1.js" />
        </sourceFilesUrls>
      </properties>
      <CLASSES>
        <root url="file://$APPLICATION_CONFIG_DIR$/javascript/extLibs/http_code.jquery.com_jquery-3.4.1.js" />
      </CLASSES>
      <DOCUMENTATION>
        <root url="http://api.jquery.com" />
      </DOCUMENTATION>
      <JAVADOC />
      <SOURCES />
    </library>
    <library name="pyro">
      <ANNOTATIONS>
        <root url="file://$USER_HOME$/projects/pyro" />
      </ANNOTATIONS>
      <CLASSES>
        <root url="file://$USER_HOME$/projects/pyro" />
      </CLASSES>
      <JAVADOC>
        <root url="file://$USER_HOME$/projects/pyro" />
      </JAVADOC>
      <NATIVE>
        <root url="file://$USER_HOME$/projects/pyro" />
      </NATIVE>
      <SOURCES>
        <root url="file://$USER_HOME$/projects/pyro" />
      </SOURCES>
      <jarDirectory url="file://$USER_HOME$/projects/pyro" recursive="false" />
      <jarDirectory url="file://$USER_HOME$/projects/pyro" recursive="false" type="SOURCES" />
    </library>
    <library name="webfont" type="javaScript">
      <properties>
        <sourceFilesUrls>
          <item url="file://$APPLICATION_CONFIG_DIR$/javascript/extLibs/http_ajax.googleapis.com_ajax_libs_webfont_1.6.16_webfont_debug.js" />
        </sourceFilesUrls>
      </properties>
      <CLASSES>
        <root url="file://$APPLICATION_CONFIG_DIR$/javascript/extLibs/http_ajax.googleapis.com_ajax_libs_webfont_1.6.16_webfont_debug.js" />
      </CLASSES>
      <JAVADOC />
      <SOURCES />
    </library>
  </component>
</application>