<application>
  <component name="com.intellij.ide.ui.customization.CustomActionsSchema">
    <group value="NewTypeScriptFile" is_action="true" action_type="-1" position="14">
      <path value="root" />
      <path value="Favorites View Popup Menu" />
      <path value="New" />
      <option name="myInitialPosition" value="-1" />
    </group>
    <group value="NewTypeScriptFile" is_action="true" action_type="-1" position="14">
      <path value="root" />
      <path value="Commander View Popup Menu" />
      <path value="New" />
      <option name="myInitialPosition" value="-1" />
    </group>
    <group value="NewJavaScriptFile" is_action="true" action_type="-1" position="13">
      <path value="root" />
      <path value="Project View Popup Menu" />
      <path value="New" />
      <option name="myInitialPosition" value="-1" />
    </group>
    <group value="NewJavaScriptFile" is_action="true" action_type="-1" position="13">
      <path value="root" />
      <path value="Commander View Popup Menu" />
      <path value="New" />
      <option name="myInitialPosition" value="-1" />
    </group>
    <group value="NewJavaSpecialFile" is_group="true" action_type="-1" position="8">
      <path value="root" />
      <path value="Project View Popup Menu" />
      <path value="New" />
      <option name="myInitialPosition" value="-1" />
    </group>
    <group value="NewGroup1" is_group="true" action_type="-1" position="2">
      <path value="root" />
      <path value="Project View Popup Menu" />
      <path value="New" />
      <option name="myInitialPosition" value="-1" />
    </group>
    <group value="NewGroup1" is_group="true" action_type="-1" position="2">
      <path value="root" />
      <path value="Favorites View Popup Menu" />
      <path value="New" />
      <option name="myInitialPosition" value="-1" />
    </group>
    <group value="NewGroup1" is_group="true" action_type="-1" position="2">
      <path value="root" />
      <path value="Commander View Popup Menu" />
      <path value="New" />
      <option name="myInitialPosition" value="-1" />
    </group>
    <group value="AddNewPropertyFile" is_action="true" action_type="-1" position="1">
      <path value="root" />
      <path value="Commander View Popup Menu" />
      <path value="New" />
      <option name="myInitialPosition" value="-1" />
    </group>
    <group value="CopyGroup" is_group="true" action_type="-1" position="1">
      <path value="root" />
      <path value="Commander View Popup Menu" />
      <path value="Cut/Copy/Paste Actions" />
      <option name="myInitialPosition" value="-1" />
    </group>
    <group value="$Cut" is_action="true" action_type="-1" position="0">
      <path value="root" />
      <path value="Commander View Popup Menu" />
      <path value="Cut/Copy/Paste Actions" />
      <option name="myInitialPosition" value="-1" />
    </group>
    <group value="Git.Branches" is_action="true" action_type="1" position="0">
      <path value="root" />
      <path value="Navigation Bar Toolbar" />
      <path value="NavBarVcsGroup" />
      <option name="myInitialPosition" value="-1" />
    </group>
    <group value="Git.Merge" is_action="true" action_type="1" position="1">
      <path value="root" />
      <path value="Navigation Bar Toolbar" />
      <path value="NavBarVcsGroup" />
      <option name="myInitialPosition" value="-1" />
    </group>
    <group value="NewJavaScriptFile" is_action="true" action_type="1" position="2">
      <path value="root" />
      <path value="Commander View Popup Menu" />
      <path value="New" />
      <option name="myInitialPosition" value="-1" />
    </group>
    <group value="ChangesView.ApplyPatch" is_action="true" action_type="1" position="2">
      <path value="root" />
      <path value="Navigation Bar Toolbar" />
      <path value="NavBarVcsGroup" />
      <option name="myInitialPosition" value="-1" />
    </group>
    <group value="Vcs.Push" is_action="true" action_type="1" position="3">
      <path value="root" />
      <path value="Navigation Bar Toolbar" />
      <path value="NavBarVcsGroup" />
      <option name="myInitialPosition" value="-1" />
    </group>
    <group value="Git.Pull" is_action="true" action_type="1" position="4">
      <path value="root" />
      <path value="Navigation Bar Toolbar" />
      <path value="NavBarVcsGroup" />
      <option name="myInitialPosition" value="-1" />
    </group>
    <group seperator="true" action_type="1" position="5">
      <path value="root" />
      <path value="Navigation Bar Toolbar" />
      <path value="NavBarVcsGroup" />
      <option name="myInitialPosition" value="-1" />
    </group>
    <group seperator="true" action_type="1" position="8">
      <path value="root" />
      <path value="Navigation Bar Toolbar" />
      <option name="myInitialPosition" value="-1" />
    </group>
    <group seperator="true" action_type="1" position="10">
      <path value="root" />
      <path value="Navigation Bar Toolbar" />
      <option name="myInitialPosition" value="-1" />
    </group>
    <group value="NewJavaScriptFile" is_action="true" action_type="1" position="12">
      <path value="root" />
      <path value="Project View Popup Menu" />
      <path value="New" />
      <option name="myInitialPosition" value="-1" />
    </group>
  </component>
</application>