<application>
  <component name="dataSourceStorage" format="xml" multifile-model="true">
    <data-source source="LOCAL" name="nzbhydra.local" uuid="2118b9fa-991e-402b-a59e-6581f4fc6dd6">
      <driver-ref>h2.unified</driver-ref>
      <synchronize>true</synchronize>
      <jdbc-driver>org.h2.Driver</jdbc-driver>
      <jdbc-url>jdbc:h2:file:$USER_HOME$/apps/nzbhydra2/data/database/nzbhydra</jdbc-url>
      <working-dir>$ProjectFileDir$</working-dir>
    </data-source>
  </component>
</application>