<application>
  <component name="FileTypeManager" version="18">
    <extensionMap>
      <mapping pattern="default" type="AUTO_DETECTED" />
      <mapping pattern="ServiceProvider" type="AUTO_DETECTED" />
      <mapping pattern="app" type="ECMAScript 6" />
      <mapping pattern="Jenkinsfile" type="Groovy" />
      <mapping ext="tpl" type="HTML" />
      <mapping pattern="60eab89d3efbbc08d7eb7847fbfe59079c1892e9b3c3ef33e771e9e99db8aa16f8088a99d53c5eb1a6a0aadb044dca937756fe3c4640f34a083728b275ca" type="JSON" />
      <mapping ext="dat" type="JSON" />
      <mapping ext="space.kts" type="Kotlin" />
      <mapping ext="gradle.kts" type="Kotlin" />
      <mapping ext="main.kts" type="Kotlin" />
      <mapping ext="variables" type="Less" />
      <mapping ext="overrides" type="Less" />
      <mapping pattern="bash-completion" type="PLAIN_TEXT" />
      <mapping pattern="README" type="PLAIN_TEXT" />
      <mapping pattern=".TestPage._tsx" type="PLAIN_TEXT" />
      <mapping pattern="rt" type="PLAIN_TEXT" />
      <mapping pattern="sudoers" type="PLAIN_TEXT" />
      <mapping pattern="config" type="PLAIN_TEXT" />
      <mapping pattern="a" type="PLAIN_TEXT" />
      <mapping ext="bak" type="PLAIN_TEXT" />
      <mapping ext="ts_" type="PLAIN_TEXT" />
      <mapping ext="test" type="PLAIN_TEXT" />
      <mapping ext="tsx_" type="PLAIN_TEXT" />
      <mapping ext="sqlite" type="PLAIN_TEXT" />
      <mapping ext="so" type="PLAIN_TEXT" />
      <mapping ext="opts" type="PLAIN_TEXT" />
      <mapping ext="json_" type="PLAIN_TEXT" />
      <mapping ext="mscss" type="SCSS" />
      <mapping pattern="sabpass" type="Shell Script" />
      <mapping pattern="rcli" type="TypeScript" />
      <mapping pattern="cmd" type="TypeScript" />
      <mapping ext="tst" type="TypeScript" />
      <mapping ext="tmx" type="XML" />
      <mapping pattern="*.apache.conf" type="htaccess" />
      <mapping ext="conf" type="htaccess" />
      <mapping pattern="*.nginx.conf" type="nginx" />
      <mapping pattern="fastcgi_params" type="nginx" />
      <mapping pattern="nginx.conf" type="nginx" />
      <mapping pattern="tsconfig.core.json" type="tsconfig" />
      <removed_mapping ext="apk" approved="true" type="ARCHIVE" />
      <removed_mapping ext="bat" approved="true" type="PLAIN_TEXT" />
      <removed_mapping ext="cmd" approved="true" type="PLAIN_TEXT" />
      <removed_mapping ext="dockerfile" approved="true" type="textmate" />
      <removed_mapping ext="log" approved="true" type="PLAIN_TEXT" />
      <removed_mapping ext="makefile" approved="true" type="textmate" />
      <removed_mapping ext="nginx" approved="true" type="Nginx Configuration" />
      <removed_mapping ext="psd" approved="true" type="Image" />
      <removed_mapping ext="snakefile" approved="true" type="textmate" />
      <removed_mapping pattern="*/conf.d/*.conf" approved="true" type="nginx" />
      <removed_mapping pattern="conf.d/*.conf" approved="true" type="nginx" />
      <removed_mapping pattern="nginx/conf.d/*.conf" approved="true" type="nginx" />
      <removed_mapping pattern="tsconfig.*.json" approved="true" type="tsconfig" />
      <removed_mapping pattern="tsconfig.types.json" approved="true" type="tsconfig" />
      <mapping ext="d" type="Bash" />
      <mapping ext="mdown" type="Markdown" />
      <mapping ext="mdx" type="Markdown" />
      <mapping ext="prisma" type="GraphQL Schema" />
      <mapping ext="profile" type="Bash" />
      <mapping ext="ps1" type="Bash" />
      <mapping ext="seed" type="Bash" />
      <mapping pattern=".bash_functions" type="Bash" />
      <mapping pattern="casper-functions" type="Bash" />
      <mapping pattern="gitdeletefile" type="Bash" />
      <mapping pattern="mdtouch" type="Bash" />
    </extensionMap>
  </component>
</application>