<application>
  <component name="Markdown Navigator">
    <PreviewSettings splitEditorLayout="SPLIT" splitEditorPreview="PREVIEW" useGrayscaleRendering="false" zoomFactor="1.0" maxImageWidth="0" showGitHubPageIfSynced="false" allowBrowsingInPreview="false" synchronizePreviewPosition="true" highlightPreviewType="LINE" highlightFadeOut="5" highlightOnTyping="true" synchronizeSourcePosition="true" verticallyAlignSourceAndPreviewSyncPosition="true" showSearchHighlightsInPreview="true" showSelectionInPreview="true" openRemoteLinks="true" replaceUnicodeEmoji="false" lastLayoutSetsDefault="false">
      <PanelProvider>
        <provider providerId="com.vladsch.idea.multimarkdown.editor.javafx.html.panel" providerName="JavaFX WebView" />
      </PanelProvider>
    </PreviewSettings>
    <ParserSettings gitHubSyntaxChange="false" emojiShortcuts="0" emojiImages="0">
      <PegdownExtensions>
        <option name="ABBREVIATIONS" value="true" />
        <option name="ANCHORLINKS" value="true" />
        <option name="ASIDE" value="true" />
        <option name="ATXHEADERSPACE" value="true" />
        <option name="AUTOLINKS" value="true" />
        <option name="DEFINITIONS" value="true" />
        <option name="DEFINITION_BREAK_DOUBLE_BLANK_LINE" value="false" />
        <option name="FENCED_CODE_BLOCKS" value="true" />
        <option name="FOOTNOTES" value="false" />
        <option name="HARDWRAPS" value="false" />
        <option name="HTML_DEEP_PARSER" value="false" />
        <option name="INSERTED" value="true" />
        <option name="QUOTES" value="true" />
        <option name="RELAXEDHRULES" value="true" />
        <option name="SMARTS" value="true" />
        <option name="STRIKETHROUGH" value="true" />
        <option name="SUBSCRIPT" value="true" />
        <option name="SUPERSCRIPT" value="true" />
        <option name="SUPPRESS_HTML_BLOCKS" value="false" />
        <option name="SUPPRESS_INLINE_HTML" value="false" />
        <option name="TABLES" value="true" />
        <option name="TASKLISTITEMS" value="true" />
        <option name="TOC" value="true" />
        <option name="WIKILINKS" value="true" />
      </PegdownExtensions>
      <ParserOptions>
        <option name="ADMONITION_EXT" value="true" />
        <option name="ATTRIBUTES_EXT" value="true" />
        <option name="COMMONMARK_LISTS" value="true" />
        <option name="DUMMY" value="false" />
        <option name="EMOJI_SHORTCUTS" value="true" />
        <option name="ENUMERATED_REFERENCES_EXT" value="true" />
        <option name="FLEXMARK_FRONT_MATTER" value="false" />
        <option name="GFM_LOOSE_BLANK_LINE_AFTER_ITEM_PARA" value="false" />
        <option name="GFM_TABLE_RENDERING" value="true" />
        <option name="GITBOOK_URL_ENCODING" value="true" />
        <option name="GITHUB_LISTS" value="false" />
        <option name="GITHUB_WIKI_LINKS" value="true" />
        <option name="GITLAB_EXT" value="true" />
        <option name="GITLAB_MATH_EXT" value="false" />
        <option name="GITLAB_MERMAID_EXT" value="false" />
        <option name="HEADER_ID_NON_ASCII_TO_LOWERCASE" value="false" />
        <option name="HEADER_ID_NO_DUPED_DASHES" value="false" />
        <option name="JEKYLL_FRONT_MATTER" value="true" />
        <option name="MACROS_EXT" value="true" />
        <option name="NO_TEXT_ATTRIBUTES" value="false" />
        <option name="PARSE_HTML_ANCHOR_ID" value="true" />
        <option name="PLANTUML_FENCED_CODE" value="true" />
        <option name="PUML_FENCED_CODE" value="true" />
        <option name="SIM_TOC_BLANK_LINE_SPACER" value="true" />
      </ParserOptions>
    </ParserSettings>
    <HtmlSettings headerTopEnabled="false" headerBottomEnabled="true" bodyTopEnabled="true" bodyBottomEnabled="true" embedUrlContent="false" addPageHeader="true" embedImages="true" embedHttpImages="false" imageUriSerials="false" addDocTypeHtml="true" noParaTags="false" plantUmlConversion="0" mathConversion="-1">
      <GeneratorProvider>
        <provider providerId="com.vladsch.idea.multimarkdown.editor.javafx.html.generator" providerName="JavaFx HTML Generator" />
      </GeneratorProvider>
      <headerTop />
      <headerBottom>&lt;meta name=&quot;description&quot; content=&quot;Codex.&quot;&gt;
&lt;meta name=&quot;keywords&quot; content=&quot;laravel, php, framework, web, artisans, taylor otwell&quot;&gt;
&lt;meta name=&quot;viewport&quot; content=&quot;width=device-width, initial-scale=1&quot;&gt;

    &lt;script&gt; window['_CODEX_PHP_DATA'] = []; &lt;/script&gt;

    &lt;!--[if lte IE 9]&gt;
&lt;script src=&quot;http://html5shiv.googlecode.com/svn/trunk/html5.js&quot;&gt;&lt;/script&gt;
&lt;![endif]--&gt;
&lt;link rel=&quot;stylesheet&quot; href=&quot;https://maxcdn.bootstrapcdn.com/font-awesome/4.6.1/css/font-awesome.min.css&quot;&gt;
&lt;link rel=&quot;stylesheet&quot; type=&quot;text/css&quot; href=&quot;http://docs.sebwite.nl/vendor/codex/styles/stylesheet.css&quot;&gt;
&lt;link rel=&quot;apple-touch-icon&quot; href=&quot;http://docs.sebwite.nl/vendor/codex/favicon.png&quot;&gt;</headerBottom>
      <bodyTop>&lt;nav class=&quot;main&quot; data-layout=&quot;nav&quot;&gt;
        &lt;a href=&quot;/&quot; class=&quot;brand&quot;&gt;
                        Codex
        &lt;/a&gt;

            &lt;div class=&quot;responsive-sidebar-nav&quot;&gt;
        &lt;a href=&quot;#&quot; class=&quot;toggle-slide menu-link btn&quot;&gt;&amp;#9776;&lt;/a&gt;
    &lt;/div&gt;
          

    
    &lt;/nav&gt;

    &lt;!-- CONTENT --&gt;
    &lt;div class=&quot;docs-wrapper&quot; data-layout=&quot;wrapper&quot;&gt;
         &lt;a class=&quot;sidebar-toggle&quot; data-action='sidebar-toggle' title='Toggle sidebar'&gt;&lt;i class=&quot;fa fa-list&quot;&gt;&lt;/i&gt;&lt;/a&gt;
            &lt;section class=&quot;sidebar&quot; data-layout=&quot;sidebar&quot;&gt;
    &lt;ul&gt;
        &lt;li class=&quot;title&quot;&gt;Codex&lt;/li&gt;
        &lt;li class=&quot;&quot;&gt;
                                &lt;a  href=&quot;http://docs.sebwite.nl/codex/master/index&quot; id=&quot;c2dc8b3d302becd0fb7d66ff1ad3730f&quot;&gt;
                Overview
            &lt;/a&gt;
            &lt;/li&gt;
   
    &lt;/ul&gt;
&lt;/section&gt;

    
            
        &lt;nav class=&quot;breadcrumbs&quot;&gt;
        &lt;ul&gt;

            &lt;li&gt;&lt;a href=&quot;http://docs.sebwite.nl/codex/master/index&quot;&gt;Codex&lt;/a&gt;&lt;i class=&quot;fa fa-arrow-right&quot;&gt;&lt;/i&gt;&lt;/li&gt;

                                                                            &lt;li&gt;
                        &lt;a  href=&quot;http://docs.sebwite.nl/codex/master/index&quot; id=&quot;c2dc8b3d302becd0fb7d66ff1ad3730f&quot;&gt;Overview&lt;/a&gt;
                                            &lt;/li&gt;
                                    &lt;/ul&gt;
    &lt;/nav&gt;
    
    &lt;article class=&quot;content loaded&quot; data-layout=&quot;article&quot;&gt;</bodyTop>
      <bodyBottom>&lt;/article&gt;
    &lt;/div&gt;
    &lt;!-- CONTENT:END --&gt;

            &lt;a href=&quot;#&quot; class=&quot;scrollToTop&quot;&gt;&lt;/a&gt;
    

&lt;script src=&quot;http://docs.sebwite.nl/vendor/codex/scripts/vendor.js&quot;&gt;&lt;/script&gt;
&lt;script src=&quot;http://docs.sebwite.nl/vendor/codex/scripts/codex.js&quot;&gt;&lt;/script&gt;
&lt;script src=&quot;http://docs.sebwite.nl/vendor/codex/scripts/theme.js&quot;&gt;&lt;/script&gt;
              
&lt;script&gt;

    jQuery(function () {
     (function($){
         $('body').addClass('docs language-php codex-auth sidebar-closed');
         $('.docs-wrapper article').addClass('loaded content');
     }(jQuery));
     });
&lt;/script&gt;
&lt;script&gt;
    codex.init();
    codex.theme.init();
&lt;/script&gt;
&lt;script&gt;

    jQuery(function () {

        //Check to see if the window is top if not then display button
        jQuery(window).scroll(function () {
            if ( jQuery(this).scrollTop() &gt; 100 ) {
                jQuery('.scrollToTop').fadeIn();
            } else {
                jQuery('.scrollToTop').fadeOut();
            }
        });

        //Click event to scroll to top
        jQuery('.scrollToTop').click(function () {
            jQuery('html, body').animate({scrollTop: 0}, 800);
            return false;
        });
    });
&lt;/script&gt;</bodyBottom>
    </HtmlSettings>
    <CssSettings previewScheme="UI_SCHEME" cssUri="" isCssUriEnabled="false" isCssUriSerial="true" isCssTextEnabled="true" isDynamicPageWidth="true">
      <StylesheetProvider>
        <provider providerId="com.vladsch.idea.multimarkdown.editor.javafx.html.css" providerName="Default JavaFx Stylesheet" />
      </StylesheetProvider>
      <ScriptProviders>
        <provider providerId="com.vladsch.idea.multimarkdown.editor.hljs.html.script" providerName="HighlightJS Script" />
        <provider providerId="com.vladsch.idea.multimarkdown.editor.katex.html.script" providerName="Katex Script" />
        <provider providerId="com.vladsch.idea.multimarkdown.editor.mermaid.html.script" providerName="Mermaid Script" />
      </ScriptProviders>
      <cssText>article &gt; .container {
width: 100% !important;
max-width: 100% !important;
}
#readme, 
#readme.boxed-group, {
width: 100% !important;
max-width: 100% !important;
}

#readme &gt; h3 {
display:none !important; 
}

        .docs article.content &gt; .container code {
            padding       : 0;
            border-radius : 0;
            text-shadow   : 0 0 1px #0c0c0c4f;
            line-height   : 13px;
            color         : #dc8986;
            border-color  : #ff716d24;
        }

        #readme .markdown-body {
            border:none;
            padding:0;
            margin:0;
        }
        pre[class*=&quot;language-&quot;] {
            border        : 1px solid #dadada;
            background    : rgba(238, 238, 238, 0.65);
            border-radius : 0;
        }</cssText>
      <cssUriHistory />
    </CssSettings>
    <AnnotatorSettings targetHasSpaces="true" linkCaseMismatch="true" wikiCaseMismatch="true" wikiLinkHasDashes="true" notUnderWikiHome="true" targetNotWikiPageExt="true" notUnderSourceWikiHome="true" targetNameHasAnchor="true" targetPathHasAnchor="true" wikiLinkHasSlash="true" wikiLinkHasSubdir="true" wikiLinkHasOnlyAnchor="true" linkTargetsWikiHasExt="true" linkTargetsWikiHasBadExt="true" notUnderSameRepo="true" targetNotUnderVcs="false" linkNeedsExt="true" linkHasBadExt="true" linkTargetNeedsExt="true" linkTargetHasBadExt="true" wikiLinkNotInWiki="true" imageTargetNotInRaw="true" repoRelativeAcrossVcsRoots="true" multipleWikiTargetsMatch="true" unresolvedLinkReference="true" linkIsIgnored="true" anchorIsIgnored="true" anchorIsUnresolved="true" anchorLineReferenceIsUnresolved="true" anchorLineReferenceFormat="true" anchorHasDuplicates="true" abbreviationDuplicates="true" abbreviationNotUsed="true" attributeIdDuplicateDefinition="true" attributeIdNotUsed="true" footnoteDuplicateDefinition="true" footnoteUnresolved="true" footnoteDuplicates="true" footnoteNotUsed="true" macroDuplicateDefinition="true" macroUnresolved="true" macroDuplicates="true" macroNotUsed="true" referenceDuplicateDefinition="true" referenceUnresolved="true" referenceDuplicates="true" referenceNotUsed="true" referenceUnresolvedNumericId="true" enumRefDuplicateDefinition="true" enumRefUnresolved="true" enumRefDuplicates="true" enumRefNotUsed="true" enumRefLinkUnresolved="true" enumRefLinkDuplicates="true" simTocUpdateNeeded="true" simTocTitleSpaceNeeded="true" />
    <HtmlExportSettings updateOnSave="false" parentDir="" targetDir="" cssDir="css" scriptDir="js" plainHtml="false" imageDir="" copyLinkedImages="false" imageUniquifyType="0" targetPathType="2" targetExt="" useTargetExt="false" noCssNoScripts="false" useElementStyleAttribute="false" linkToExportedHtml="true" exportOnSettingsChange="true" regenerateOnProjectOpen="false" linkFormatType="HTTP_ABSOLUTE" />
    <LinkMapSettings>
      <textMaps />
    </LinkMapSettings>
  </component>
</application>
