<application>
  <component name="MaterialThemeConfig">
    <option name="compactMenus" value="true" />
    <option name="compactStatusBar" value="true" />
    <option name="compactTables" value="true" />
    <option name="contrastMode" value="true" />
    <option name="customTreeIndentEnabled" value="true" />
    <option name="compactDropdowns" value="true" />
    <option name="compactSidebar" value="true" />
    <option name="isCompactMenus" value="true" />
    <option name="isCompactStatusBar" value="true" />
    <option name="isCompactTables" value="true" />
    <option name="isContrastMode" value="true" />
    <option name="isCustomTreeIndentEnabled" value="true" />
    <option name="isWizardShown" value="true" />
    <option name="pristineConfig" value="false" />
    <option name="treeFontSizeEnabled" value="true" />
    <option name="customSidebarHeight" value="22" />
    <option name="tabOpacity" value="68" />
    <option name="treeFontSize" value="13" />
    <option name="highlightThickness" value="1" />
    <option name="indicatorThickness" value="5" />
    <option name="leftTreeIndent" value="8" />
    <option name="settingsSelectedTab" value="5" />
    <option name="tabsHeight" value="33" />
    <option name="accentColor" value="416a9b" />
    <option name="selectedTheme" value="NATIVE" />
    <option name="userId" value="7a147cfb:168890851be:-8000" />
    <option name="version" value="5.5.0" />
    <option name="tabHighlightPosition" value="Full" />
  </component>
</application>