<application>
  <component name="DependencyUISettings">
    <option name="UI_FLATTEN_PACKAGES" value="false" />
    <option name="UI_SHOW_MODULES" value="false" />
    <option name="UI_GROUP_BY_SCOPE_TYPE" value="false" />
    <option name="UI_COMPACT_EMPTY_MIDDLE_PACKAGES" value="false" />
    <option name="SCOPE_TYPE" value="file" />
  </component>
  <component name="UISettings">
    <option name="CLOSE_NON_MODIFIED_FILES_FIRST" value="true" />
    <option name="EDITOR_TAB_LIMIT" value="40" />
    <option name="EDITOR_TAB_PLACEMENT" value="2" />
    <option name="HIDE_TABS_IF_NEED" value="false" />
    <option name="MARK_MODIFIED_TABS_WITH_ASTERISK" value="true" />
    <option name="MAX_LOOKUP_LIST_HEIGHT" value="16" />
    <option name="MAX_LOOKUP_WIDTH2" value="509" />
    <option name="REUSE_NOT_MODIFIED_TABS" value="true" />
    <option name="SHOW_EDITOR_TOOLTIP" value="false" />
    <option name="SHOW_TABS_TOOLTIPS" value="false" />
    <option name="USE_SMALL_LABELS_ON_TABS" value="true" />
  </component>
</application>