<application>
  <component name="UpdatesConfigurable">
    <enabledExternalComponentSources>
      <item value="Android SDK" />
    </enabledExternalComponentSources>
    <option name="externalUpdateChannels">
      <map>
        <entry key="Android SDK" value="Stable Channel" />
      </map>
    </option>
    <ignoredBuildNumbers>
      <item value="emulator#27.3.10" />
      <item value="extras;google;google_play_services#49" />
      <item value="extras;google;instantapps#1.5.0" />
      <item value="ndk-bundle#18.0.5002713" />
      <item value="platform-tools#28.0.1" />
      <item value="platforms;android-27#3" />
      <item value="system-images;android-24;google_apis;x86#23" />
      <item value="system-images;android-26;google_apis;x86#11" />
    </ignoredBuildNumbers>
    <knownExternalComponentSources>
      <item value="Android SDK" />
    </knownExternalComponentSources>
    <option name="LAST_BUILD_CHECKED" value="IU-203.7717.56" />
    <option name="LAST_TIME_CHECKED" value="1617117647651" />
    <pluginHosts>
      <item value="https://plugins.jetbrains.com/plugins/LEGACY/7896" />
    </pluginHosts>
    <option name="THIRD_PARTY_PLUGINS_ALLOWED" value="true" />
  </component>
</application>