<application>
  <component name="WebServers">
    <option name="servers">
      <webServer id="9595dfe8-c420-4621-93f6-69a551e3b560" name="esxi radic.nl" url="http://radic.nl">
        <fileTransfer host="radic.nl" port="60000" privateKey="$USER_HOME$/.ssh/id_rsa" rootFolder="/root/project" accessType="SFTP" keyPair="true">
          <advancedOptions>
            <advancedOptions dataProtectionLevel="Private" />
          </advancedOptions>
          <option name="port" value="60000" />
        </fileTransfer>
      </webServer>
      <webServer id="e88d9c11-e87e-43c3-a9c7-20baa72806c6" name="packagist-sebwite" url="http://149.210.212.60">
        <fileTransfer host="149.210.212.60" port="60000" privateKey="$USER_HOME$/.ssh/id_rsa" rootFolder="/www/packagist.sebwite.nl" accessType="SFTP" keyPair="true">
          <advancedOptions>
            <advancedOptions dataProtectionLevel="Private" />
          </advancedOptions>
          <option name="port" value="60000" />
        </fileTransfer>
      </webServer>
      <webServer id="159c736d-d228-46fc-b6bf-13d368788c24" name="docs-sebwite@docs.sebwite.nl" url="http://docs.sebwite.nl">
        <fileTransfer host="docs.sebwite.nl" port="60000" privateKey="$USER_HOME$/.ssh/id_rsa" rootFolder="/www/docs.sebwite.nl" accessType="SFTP" keyPair="true">
          <advancedOptions>
            <advancedOptions dataProtectionLevel="Private" />
          </advancedOptions>
          <option name="port" value="60000" />
        </fileTransfer>
      </webServer>
      <webServer id="f599c7bb-602a-4e5c-ae1d-b093321998ee" name="radic-nl@docs.radic.nl" url="http://radic.nl">
        <fileTransfer host="radic.nl" port="60000" rootFolder="/var/www/vhosts/radic.nl/docs.radic.nl" accessType="SFTP">
          <advancedOptions>
            <advancedOptions dataProtectionLevel="Private" />
          </advancedOptions>
          <option name="port" value="60000" />
        </fileTransfer>
      </webServer>
      <webServer id="3acaec44-1949-4f20-aedf-a1c5fa327b72" name="radic-nl@radic.nl" url="http://radic.nl">
        <fileTransfer host="radic.nl" port="60000" rootFolder="/var/www/vhosts/radic.nl" accessType="SFTP">
          <advancedOptions>
            <advancedOptions dataProtectionLevel="Private" />
          </advancedOptions>
          <option name="port" value="60000" />
        </fileTransfer>
      </webServer>
      <webServer id="cda7cc28-2a27-45ab-aa5d-c69dbbf8b3f3" name="codex-project@codex-project.ninja" url="http://codex-project.ninja">
        <fileTransfer host="codex-project.ninja" port="60000" privateKey="$USER_HOME$/.ssh/id_rsa" rootFolder="/var/www/vhosts/codex-project.ninja" accessType="SFTP" keyPair="true">
          <advancedOptions>
            <advancedOptions dataProtectionLevel="Private" />
          </advancedOptions>
          <option name="port" value="60000" />
        </fileTransfer>
      </webServer>
      <webServer id="4909b874-6319-42ab-b7d9-e699b2b4867d" name="(old) acc-ccblearning@acceptatie.ccblearning.nl" url="http://acceptatie.ccblearning.nl">
        <fileTransfer host="acceptatie.ccblearning.nl" port="22" rootFolder="/var/www/vhosts/acceptatie.ccblearning.nl" accessType="SFTP">
          <advancedOptions>
            <advancedOptions dataProtectionLevel="Private" />
          </advancedOptions>
          <option name="port" value="22" />
        </fileTransfer>
      </webServer>
      <webServer id="c6b12ca7-5e70-48dc-b89f-d59730dada3d" name="(old) stag-ccblearning@staging.ccblearning.nl" url="http://staging.ccblearning.nl">
        <fileTransfer host="staging.ccblearning.nl" port="22" rootFolder="/var/www/vhosts/staging.ccblearning.nl" accessType="SFTP">
          <advancedOptions>
            <advancedOptions dataProtectionLevel="Private" />
          </advancedOptions>
          <option name="port" value="22" />
        </fileTransfer>
      </webServer>
      <webServer id="89d782d1-9f74-448a-9141-d888e9dae409" name="(exp) ccblearning.sebtest.nl" url="http://ccblearning.sebtest.nl">
        <fileTransfer host="ccblearning.sebtest.nl" port="60000" rootFolder="/var/www/vhosts/ccblearning.sebtest.nl" accessType="SFTP">
          <advancedOptions>
            <advancedOptions dataProtectionLevel="Private" />
          </advancedOptions>
          <option name="port" value="60000" />
        </fileTransfer>
      </webServer>
      <webServer id="83712600-f160-43ce-8c7c-eaa9966818cf" name="plesk@packages.pluut.nl" url="https://packages.pluut.nl">
        <fileTransfer host="136.144.130.102" port="60000" privateKey="$USER_HOME$/.ssh/id_rsa" rootFolder="/var/www/vhosts/pluut.nl/packages.pluut.nl" accessType="SFTP" keyPair="true">
          <advancedOptions>
            <advancedOptions dataProtectionLevel="Private" />
          </advancedOptions>
          <option name="port" value="60000" />
        </fileTransfer>
      </webServer>
      <webServer id="079c5626-b93f-41f9-9165-a5cd34c336f6" name="backups.radic.nl" url="https://packages.pluut.nl">
        <fileTransfer host="192.168.178.37" port="22" privateKey="$USER_HOME$/.ssh/id_rsa" rootFolder="/var/www/vhosts/radic.nl/backups.radic.nl" accessType="SFTP" keyPair="true">
          <advancedOptions>
            <advancedOptions dataProtectionLevel="Private" />
          </advancedOptions>
          <option name="port" value="22" />
        </fileTransfer>
      </webServer>
      <webServer id="23e1af22-3a28-425a-a45a-e36eb759242b" name="radic.nl" url="https://packages.pluut.nl">
        <fileTransfer host="192.168.178.37" port="22" privateKey="$USER_HOME$/.ssh/id_rsa" rootFolder="/var/www/vhosts/radic.nl" accessType="SFTP" keyPair="true">
          <advancedOptions>
            <advancedOptions dataProtectionLevel="Private" />
          </advancedOptions>
          <option name="port" value="22" />
        </fileTransfer>
      </webServer>
      <webServer id="17b29b79-94ea-4752-b9a9-04be963abe11" name="wmomo@wmomo" url="http://projects.wmomo.nl">
        <fileTransfer host="wmomo" port="60000" privateKey="$USER_HOME$/.ssh/id_rsa" rootFolder="/home/wmomo/src" accessType="SFTP" keyPair="true">
          <advancedOptions>
            <advancedOptions dataProtectionLevel="Private" passiveMode="true" shareSSLContext="true" />
          </advancedOptions>
          <option name="port" value="60000" />
        </fileTransfer>
      </webServer>
    </option>
  </component>
</application>