<code_scheme name="Default (2)" version="173">
  <option name="LINE_SEPARATOR" value="&#10;" />
  <option name="RIGHT_MARGIN" value="6620" />
  <option name="FORMATTER_TAGS_ENABLED" value="true" />
  <option name="FORMATTER_TAGS_ACCEPT_REGEXP" value="true" />
  <CssCodeStyleSettings>
    <option name="HEX_COLOR_LOWER_CASE" value="true" />
    <option name="HEX_COLOR_LONG_FORMAT" value="true" />
    <option name="KEEP_SINGLE_LINE_BLOCKS" value="true" />
  </CssCodeStyleSettings>
  <JSCodeStyleSettings version="0">
    <option name="ALIGN_OBJECT_PROPERTIES" value="2" />
  </JSCodeStyleSettings>
  <JSON>
    <option name="OBJECT_WRAPPING" value="5" />
    <option name="ARRAY_WRAPPING" value="5" />
  </JSON>
  <MarkdownNavigatorCodeStyleSettings>
    <option name="RIGHT_MARGIN" value="6620" />
  </MarkdownNavigatorCodeStyleSettings>
  <PHPCodeStyleSettings>
    <option name="ALIGN_KEY_VALUE_PAIRS" value="true" />
    <option name="ALIGN_PHPDOC_PARAM_NAMES" value="true" />
    <option name="ALIGN_PHPDOC_COMMENTS" value="true" />
    <option name="ALIGN_ASSIGNMENTS" value="true" />
    <option name="COMMA_AFTER_LAST_ARRAY_ELEMENT" value="true" />
    <option name="PHPDOC_BLANK_LINES_AROUND_PARAMETERS" value="true" />
    <option name="PHPDOC_WRAP_LONG_LINES" value="true" />
    <option name="LOWER_CASE_NULL_CONST" value="true" />
    <option name="FORCE_SHORT_DECLARATION_ARRAY_STYLE" value="true" />
    <option name="PHPDOC_USE_FQCN" value="true" />
  </PHPCodeStyleSettings>
  <TypeScriptCodeStyleSettings version="0">
    <option name="ALIGN_OBJECT_PROPERTIES" value="2" />
  </TypeScriptCodeStyleSettings>
  <codeStyleSettings language="JSON">
    <option name="RIGHT_MARGIN" value="160" />
    <indentOptions>
      <option name="INDENT_SIZE" value="4" />
    </indentOptions>
  </codeStyleSettings>
  <codeStyleSettings language="JavaScript">
    <option name="KEEP_BLANK_LINES_IN_CODE" value="3" />
    <option name="SPACE_AROUND_UNARY_OPERATOR" value="true" />
    <option name="SPACE_WITHIN_IF_PARENTHESES" value="true" />
  </codeStyleSettings>
  <codeStyleSettings language="LESS">
    <indentOptions>
      <option name="INDENT_SIZE" value="4" />
    </indentOptions>
  </codeStyleSettings>
  <codeStyleSettings language="PHP">
    <option name="KEEP_BLANK_LINES_BEFORE_RBRACE" value="0" />
    <option name="BLANK_LINES_AFTER_PACKAGE" value="1" />
    <option name="BLANK_LINES_AROUND_FIELD" value="1" />
    <option name="WHILE_ON_NEW_LINE" value="true" />
    <option name="CATCH_ON_NEW_LINE" value="true" />
    <option name="FINALLY_ON_NEW_LINE" value="true" />
    <option name="SPACE_WITHIN_IF_PARENTHESES" value="true" />
    <option name="SPACE_WITHIN_WHILE_PARENTHESES" value="true" />
    <option name="SPACE_WITHIN_FOR_PARENTHESES" value="true" />
    <option name="SPACE_WITHIN_SWITCH_PARENTHESES" value="true" />
    <option name="SPACE_WITHIN_BRACKETS" value="true" />
    <option name="SPACE_WITHIN_ARRAY_INITIALIZER_BRACES" value="true" />
    <option name="ARRAY_INITIALIZER_WRAP" value="5" />
    <option name="ARRAY_INITIALIZER_LBRACE_ON_NEXT_LINE" value="true" />
    <option name="ARRAY_INITIALIZER_RBRACE_ON_NEXT_LINE" value="true" />
    <option name="IF_BRACE_FORCE" value="3" />
    <option name="DOWHILE_BRACE_FORCE" value="3" />
    <option name="WHILE_BRACE_FORCE" value="3" />
    <option name="FOR_BRACE_FORCE" value="3" />
    <option name="WRAP_ON_TYPING" value="1" />
    <arrangement>
      <rules>
        <section>
          <rule>
            <match>
              <CONST />
            </match>
          </rule>
        </section>
        <section>
          <rule>
            <match>
              <AND>
                <FIELD />
                <PUBLIC />
                <STATIC />
              </AND>
            </match>
          </rule>
        </section>
        <section>
          <rule>
            <match>
              <AND>
                <FIELD />
                <PROTECTED />
                <STATIC />
              </AND>
            </match>
          </rule>
        </section>
        <section>
          <rule>
            <match>
              <AND>
                <FIELD />
                <PRIVATE />
                <STATIC />
              </AND>
            </match>
          </rule>
        </section>
        <section>
          <rule>
            <match>
              <AND>
                <FIELD />
                <PUBLIC />
              </AND>
            </match>
          </rule>
        </section>
        <section>
          <rule>
            <match>
              <AND>
                <FIELD />
                <PROTECTED />
              </AND>
            </match>
          </rule>
        </section>
        <section>
          <rule>
            <match>
              <AND>
                <FIELD />
                <PRIVATE />
              </AND>
            </match>
          </rule>
        </section>
        <section>
          <rule>
            <match>
              <CONSTRUCTOR />
            </match>
          </rule>
        </section>
        <section>
          <rule>
            <match>
              <AND>
                <METHOD />
                <PUBLIC />
                <STATIC />
              </AND>
            </match>
          </rule>
        </section>
        <section>
          <rule>
            <match>
              <AND>
                <METHOD />
                <PROTECTED />
                <STATIC />
              </AND>
            </match>
          </rule>
        </section>
        <section>
          <rule>
            <match>
              <AND>
                <METHOD />
                <PRIVATE />
                <STATIC />
              </AND>
            </match>
          </rule>
        </section>
        <section>
          <rule>
            <match>
              <AND>
                <METHOD />
                <PUBLIC />
              </AND>
            </match>
          </rule>
        </section>
        <section>
          <rule>
            <match>
              <AND>
                <METHOD />
                <PROTECTED />
              </AND>
            </match>
          </rule>
        </section>
        <section>
          <rule>
            <match>
              <AND>
                <METHOD />
                <PRIVATE />
              </AND>
            </match>
          </rule>
        </section>
        <section>
          <rule>
            <match>
              <TRAIT />
            </match>
          </rule>
        </section>
        <section>
          <rule>
            <match>
              <INTERFACE />
            </match>
          </rule>
        </section>
        <section>
          <rule>
            <match>
              <CLASS />
            </match>
          </rule>
        </section>
      </rules>
    </arrangement>
  </codeStyleSettings>
  <codeStyleSettings language="SCSS">
    <indentOptions>
      <option name="INDENT_SIZE" value="4" />
    </indentOptions>
  </codeStyleSettings>
  <codeStyleSettings language="TypeScript">
    <option name="CLASS_BRACE_STYLE" value="2" />
    <option name="METHOD_BRACE_STYLE" value="2" />
    <option name="ALIGN_MULTILINE_TERNARY_OPERATION" value="true" />
  </codeStyleSettings>
</code_scheme>