<application>
  <component name="FileTypeManager" version="18">
    <extensionMap>
      <mapping pattern="tmp-23abae1f7aaf049903ef2d42574dfc26" type="AUTO_DETECTED" />
      <mapping pattern="explain" type="AUTO_DETECTED" />
      <mapping pattern="tmp-8f9098bc699ad306baad4f6f49ebc1d2" type="AUTO_DETECTED" />
      <mapping ext="stub" type="Blade" />
      <mapping pattern="mysql/Dockerfile" type="Dockerfile" />
      <mapping pattern="jenkins-shared" type="Groovy" />
      <mapping pattern="Jenkinsfile" type="Groovy" />
      <mapping ext="jenkinsfile" type="Groovy" />
      <mapping ext="d" type="Ini" />
      <mapping pattern=".php_cs.cache" type="JSON" />
      <mapping pattern="pwb" type="JavaScript" />
      <mapping pattern="*.php.cache" type="PHP" />
      <mapping pattern=".php_cs" type="PHP" />
      <mapping pattern="crvs" type="PHP" />
      <mapping pattern="addons/radic/module_node_type-extension/src" type="PLAIN_TEXT" />
      <mapping pattern=".attach_pid1886" type="PLAIN_TEXT" />
      <mapping pattern="01a08645749e5bca15b18496b90f15ebd0edad5c" type="PLAIN_TEXT" />
      <mapping pattern="167337f7f103e1a699eef1b96049cb1caa2b11ab" type="PLAIN_TEXT" />
      <mapping pattern="1EIL24u53trQXQgZ1Lbt" type="PLAIN_TEXT" />
      <mapping pattern="proxy_error_log" type="PLAIN_TEXT" />
      <mapping pattern=".sassdocrs" type="PLAIN_TEXT" />
      <mapping pattern="null," type="PLAIN_TEXT" />
      <mapping pattern="foundation" type="PLAIN_TEXT" />
      <mapping pattern="error_log" type="PLAIN_TEXT" />
      <mapping pattern="env-jenkins" type="PLAIN_TEXT" />
      <mapping pattern="config" type="PLAIN_TEXT" />
      <mapping pattern="9ae94e6d0dc233fc10f1b93eae45b5292d8b32f5" type="PLAIN_TEXT" />
      <mapping pattern="FETCH_HEAD" type="PLAIN_TEXT" />
      <mapping pattern=".env-local" type="PLAIN_TEXT" />
      <mapping pattern="f62aba7f76861f48a82e79b52024240d74b4e289" type="PLAIN_TEXT" />
      <mapping pattern="composer" type="PLAIN_TEXT" />
      <mapping pattern=".protected.list" type="PLAIN_TEXT" />
      <mapping pattern="e222570660c39acfc7fe67a2332f9f518fccae5a" type="PLAIN_TEXT" />
      <mapping pattern="e501d0d1218e6759d350baf0d29de985607445c4" type="PLAIN_TEXT" />
      <mapping pattern="aac6e1f942a2e8f9566680624c9d1f62e27c20b3" type="PLAIN_TEXT" />
      <mapping pattern=".attach_pid19101" type="PLAIN_TEXT" />
      <mapping pattern="null" type="PLAIN_TEXT" />
      <mapping pattern=".classes" type="PLAIN_TEXT" />
      <mapping pattern="index" type="PLAIN_TEXT" />
      <mapping pattern="releases" type="PLAIN_TEXT" />
      <mapping pattern="known_hosts" type="PLAIN_TEXT" />
      <mapping pattern="9e0ccef4125ac3161d79446617bc4ffb1a875bc9" type="PLAIN_TEXT" />
      <mapping pattern="asdf" type="PLAIN_TEXT" />
      <mapping ext="nps" type="PLAIN_TEXT" />
      <mapping ext="bitbucket" type="PLAIN_TEXT" />
      <mapping ext="bak" type="PLAIN_TEXT" />
      <mapping ext="rdb" type="PLAIN_TEXT" />
      <mapping ext="_xml" type="PLAIN_TEXT" />
      <mapping ext="yml\" type="PLAIN_TEXT" />
      <mapping ext="py" type="PLAIN_TEXT" />
      <mapping ext="password" type="PLAIN_TEXT" />
      <mapping ext="lock" type="PLAIN_TEXT" />
      <mapping ext="sqlite" type="PLAIN_TEXT" />
      <mapping ext="php_" type="PLAIN_TEXT" />
      <mapping ext="pub" type="PLAIN_TEXT" />
      <mapping ext="10" type="PLAIN_TEXT" />
      <mapping ext="marker" type="PLAIN_TEXT" />
      <mapping ext="files" type="PLAIN_TEXT" />
      <mapping ext="dist" type="PLAIN_TEXT" />
      <mapping ext="log" type="PLAIN_TEXT" />
      <mapping ext="crt" type="PLAIN_TEXT" />
      <mapping ext="key" type="PLAIN_TEXT" />
      <mapping ext="ser" type="PLAIN_TEXT" />
      <mapping ext="lst" type="PLAIN_TEXT" />
      <mapping ext="backup" type="PLAIN_TEXT" />
      <mapping ext="pem" type="PLAIN_TEXT" />
      <mapping ext="lombok" type="PLAIN_TEXT" />
      <mapping ext="exec" type="PLAIN_TEXT" />
      <mapping ext="legacy" type="PLAIN_TEXT" />
      <mapping ext="cnf" type="PLAIN_TEXT" />
      <mapping pattern="*/templates/*/*.html" type="Smarty" />
      <mapping pattern="templates/*.html" type="Smarty" />
      <mapping pattern="TaskManager" type="TypeScript" />
      <mapping ext="tss" type="TypeScript" />
      <mapping pattern="fastcgi-php.conf" type="nginx" />
      <mapping pattern="fastcgi_params" type="nginx" />
      <mapping pattern="snakeoil.conf" type="nginx" />
      <mapping pattern="sites-available/default" type="nginx" />
      <mapping pattern="fastcgi.conf" type="nginx" />
      <mapping pattern="nginx.conf" type="nginx" />
      <mapping ext="example" type="nginx" />
      <removed_mapping ext="conf" approved="true" type="nginx" />
      <removed_mapping ext="html" approved="true" type="HTML" />
      <removed_mapping ext="ignore" approved="true" type="IgnoreLang file" />
      <removed_mapping ext="rst" approved="true" type="PLAIN_TEXT" />
      <removed_mapping ext="sql" approved="true" type="DBN-SQL" />
      <removed_mapping pattern="*/sites-available/*.conf" approved="true" type="nginx" />
      <removed_mapping pattern="*/sites-available/default" approved="true" type="nginx" />
      <removed_mapping pattern="*nginx/*.conf" approved="true" type="nginx" />
      <removed_mapping pattern=".bashrc" approved="true" type="PLAIN_TEXT" />
      <removed_mapping pattern="nginx/sites-enabled/*.conf" approved="true" type="nginx" />
      <mapping pattern=".bash*" type="Shell Script" />
      <mapping pattern="builder" type="Bash" />
      <mapping pattern="compose" type="Bash" />
      <mapping pattern="fs" type="Bash" />
      <mapping pattern="helpers" type="BashPro Shell Script" />
      <mapping pattern="nginxsite" type="Shell Script" />
      <mapping pattern="open-editor" type="Shell Script" />
      <mapping pattern="radic-term-bootstrap" type="Shell Script" />
      <mapping pattern="scripts" type="Bash" />
    </extensionMap>
  </component>
</application>