<application>
  <component name="GeneralSettings">
    <option name="confirmExit" value="false" />
    <option name="confirmOpenNewProject2" value="0" />
    <option name="processCloseConfirmation" value="TERMINATE" />
    <option name="searchInBackground" value="true" />
    <option name="showTipsOnStartup" value="false" />
    <option name="useDefaultBrowser" value="false" />
    <option name="useSafeWrite" value="false" />
  </component>
  <component name="Registry">
    <entry key="ide.firstStartup" value="false" />
    <entry key="ide.editor.tabs.open.at.the.end" value="true" />
    <entry key="analyze.exceptions.on.the.fly" value="true" />
    <entry key="debugger.valueTooltipAutoShow" value="false" />
    <entry key="ide.tooltip.initialDelay" value="1197" />
    <entry key="SBT.system.in.process" value="true" />
    <entry key="ide.balloon.shadow.size" value="0" />
    <entry key="win.editor.thumb.default.alpha.base" value="0" />
    <entry key="win.editor.thumb.default.alpha.delta" value="102" />
    <entry key="win.editor.thumb.darcula.alpha.base" value="0" />
    <entry key="win.editor.thumb.darcula.alpha.delta" value="102" />
    <entry key="win.editor.thumb.default.fill.min" value="102" />
    <entry key="win.editor.thumb.default.fill.max" value="150" />
    <entry key="win.editor.thumb.darcula.fill.min" value="102" />
    <entry key="ide.tree.ui.experimental" value="false" />
    <entry key="documentation.show.toolbar" value="true" />
  </component>
  <component name="StatusBar">
    <option name="widgets">
      <map>
        <entry key="CodeStream.StatusBar" value="false" />
        <entry key="InspectionProfile" value="false" />
        <entry key="Memory" value="true" />
        <entry key="cn.yiiguxing.plugin.translate.ui.TranslatorWidget" value="false" />
        <entry key="mtStatusBar" value="false" />
      </map>
    </option>
  </component>
</application>