<application>
  <component name="WebServers">
    <option name="servers">
      <webServer id="f764b334-ebd2-4c2a-833a-29f7001fa401" name="crvs-impacter.nl" url="https://crvs-impacter.nl">
        <fileTransfer rootFolder="/home/impacter/" accessType="SFTP" host="crvs-impacter.nl" port="22" sshConfigId="bb63609b-bdef-433f-b1e1-05f6b89b5d04" sshConfig="crvs-impacter.nl" keyPair="true">
          <advancedOptions>
            <advancedOptions dataProtectionLevel="Private" passiveMode="true" shareSSLContext="true" />
          </advancedOptions>
        </fileTransfer>
      </webServer>
      <webServer id="e2fb0309-b493-4886-a4ab-e4463bf84ec8" name="crvs-carinova.nl" url="http://crvs-carinova.nl">
        <fileTransfer rootFolder="/home/carinova" accessType="SFTP" host="crvs-carinova.nl" port="22" sshConfigId="35c33ad9-d0c7-47d1-ae5d-d91685e73095" sshConfig="crvs-carinova.nl" keyPair="true">
          <advancedOptions>
            <advancedOptions dataProtectionLevel="Private" passiveMode="true" shareSSLContext="true" />
          </advancedOptions>
        </fileTransfer>
      </webServer>
      <webServer id="0dc5d858-48ba-4989-99bd-decf3a461532" name="meerenduin.nl">
        <fileTransfer rootFolder="/home/meerenduin" accessType="SFTP" host="meerenduin.nl" port="22" sshConfigId="c878a929-1f8e-46d3-a947-ce39e69b865a" sshConfig="meerenduin@meerenduin.nl:22 key" keyPair="true">
          <advancedOptions>
            <advancedOptions dataProtectionLevel="Private" passiveMode="true" shareSSLContext="true" />
          </advancedOptions>
        </fileTransfer>
      </webServer>
      <webServer id="37621de0-6907-44a7-8e59-0e8cd42157c0" name="deploy.wmomo.nl" url="https://deploy.wmomo.nl">
        <fileTransfer rootFolder="/var/www/vhosts/wmomo.nl/deploy.wmomo.nl" accessType="SFTP" host="116.203.131.120" port="60000" sshConfigId="d79c9a5e-3d2f-4971-9b58-768bf4c42cdb" sshConfig="wmomo-nl@devops" keyPair="true">
          <advancedOptions>
            <advancedOptions dataProtectionLevel="Private" passiveMode="true" shareSSLContext="true" />
          </advancedOptions>
        </fileTransfer>
      </webServer>
      <webServer id="dedc250e-a1bf-4a35-862c-0c590b13a3c4" name="zwolletest.nl" url="http://zwolletest.nl">
        <fileTransfer host="zwolletest.nl" port="21">
          <advancedOptions>
            <advancedOptions dataProtectionLevel="Private" passiveMode="true" shareSSLContext="true" />
          </advancedOptions>
        </fileTransfer>
      </webServer>
      <webServer id="e88d9c11-e87e-43c3-a9c7-20baa72806c6" name="packagist-sebwite" url="http://149.210.212.60">
        <fileTransfer rootFolder="/www/packagist.sebwite.nl" accessType="SFTP" sshConfigId="84fc7834-aec3-41a0-925c-5ef028283da2" sshConfig="packagist-sebwite">
          <advancedOptions>
            <advancedOptions dataProtectionLevel="Private" />
          </advancedOptions>
        </fileTransfer>
      </webServer>
      <webServer id="159c736d-d228-46fc-b6bf-13d368788c24" name="docs-sebwite@docs.sebwite.nl" url="http://docs.sebwite.nl">
        <fileTransfer rootFolder="/www/docs.sebwite.nl" accessType="SFTP" host="docs.sebwite.nl" port="60000" sshConfigId="6e642341-b198-433e-8642-311051497f27" sshConfig="docs-sebwite@docs.sebwite.nl" keyPair="true">
          <advancedOptions>
            <advancedOptions dataProtectionLevel="Private" />
          </advancedOptions>
        </fileTransfer>
      </webServer>
      <webServer id="047883bb-7aba-40ab-8009-8e7377df9620" name="wmomotestomgeving.nl" url="http://wmomotestomgeving.nl">
        <fileTransfer rootFolder="/public_html/leeuwarden" host="wmomotestomgeving.nl" port="21">
          <advancedOptions>
            <advancedOptions dataProtectionLevel="Private" passiveMode="true" shareSSLContext="true" />
          </advancedOptions>
        </fileTransfer>
      </webServer>
      <webServer id="3f14ceb3-dc3f-465e-9382-9704b4044e8a" name="packages.radic.ninja" url="https://packages.radic.ninja">
        <fileTransfer rootFolder="/var/www/vhosts/radic.ninja" accessType="SFTP" host="packages.radic.ninja" port="60000" sshConfigId="7afffc3e-8bd3-4fa4-b161-cadd84e0ae88" sshConfig="packages.radic.ninja" keyPair="true">
          <advancedOptions>
            <advancedOptions dataProtectionLevel="Private" />
          </advancedOptions>
        </fileTransfer>
      </webServer>
      <webServer id="49a68e5e-51cb-4917-9c59-81b78ebafae6" name="packages.wmomo.nl" url="http://packages.wmomo.nl">
        <fileTransfer rootFolder="/var/www/vhosts/wmomo.nl" accessType="SFTP" host="packages.wmomo.nl" port="60000" sshConfigId="a053b919-94cc-4f31-ad08-fdd098fdaa46" sshConfig="packages.wmomo.nl" keyPair="true">
          <advancedOptions>
            <advancedOptions dataProtectionLevel="Private" passiveMode="true" shareSSLContext="true" />
          </advancedOptions>
        </fileTransfer>
      </webServer>
      <webServer id="90f881a3-49b4-47dd-8b4d-20e5e198d3d9" name="wmomotest.nl markant-dev" url="http://markant-dev.wmomotest.nl">
        <fileTransfer rootFolder="/var/www/vhosts/wmomotest.nl/markant-dev.wmomotest.nl" accessType="SFTP" host="markant-dev.wmomotest.nl" port="60000" sshConfigId="f0b27b0f-bdc3-45d1-8bfe-46484f21f190" sshConfig="wmomotest.nl markant-dev" keyPair="true">
          <advancedOptions>
            <advancedOptions dataProtectionLevel="Private" passiveMode="true" shareSSLContext="true" />
          </advancedOptions>
        </fileTransfer>
      </webServer>
      <webServer id="7233a39d-05a4-438c-addc-08cfa9acc5b3" name="radic.ninja" url="https://radic.ninja">
        <fileTransfer rootFolder="/var/www/vhosts/radic.ninja" accessType="SFTP" host="packages.radic.ninja" port="60000" sshConfigId="c19c9a15-5203-4449-9dbe-dec37201981b" sshConfig="radic.ninja" keyPair="true">
          <advancedOptions>
            <advancedOptions dataProtectionLevel="Private" />
          </advancedOptions>
        </fileTransfer>
      </webServer>
      <webServer id="77f6fd09-d065-4542-afe9-a3b8b4d84bc2" name="py.radic.ninja" url="https://py.radic.ninja">
        <fileTransfer rootFolder="/var/www/vhosts/radic.ninja/py.radic.ninja" accessType="SFTP" host="py.radic.ninja" port="60000" sshConfigId="b776a656-e1e8-4e9d-b986-7a683b6b325c" sshConfig="py.radic.ninja" keyPair="true">
          <advancedOptions>
            <advancedOptions dataProtectionLevel="Private" />
          </advancedOptions>
        </fileTransfer>
      </webServer>
      <webServer id="203c9676-7566-4d76-908e-39405a362ec2" name="vrijwilligersplatform.info" url="https://vrijwilligersplatform.info">
        <fileTransfer host="vrijwilligersplatform.info" port="21">
          <advancedOptions>
            <advancedOptions dataProtectionLevel="Private" passiveMode="true" shareSSLContext="true" />
          </advancedOptions>
        </fileTransfer>
      </webServer>
      <webServer id="f110fe58-9e9d-4355-8ad0-3bdc702eaed3" name="crvs-handjehelpen.nl" url="https://cvrvs-handjehelpen.nl">
        <fileTransfer rootFolder="/home/handje" accessType="SFTP" host="crvs-handjehelpen.nl" port="22" sshConfigId="898fb283-9982-4710-b8df-09e675738bae" sshConfig="crvs-handjehelpen.nl" keyPair="true">
          <advancedOptions>
            <advancedOptions dataProtectionLevel="Private" passiveMode="true" shareSSLContext="true" />
          </advancedOptions>
        </fileTransfer>
      </webServer>
      <webServer id="5775a18d-328a-4215-9722-d32dc0c3ba29" name="wmomotest.nl markant" url="http://markant.wmomotest.nl">
        <fileTransfer rootFolder="/var/www/vhosts/wmomotest.nl/markant.wmomotest.nl" accessType="SFTP" host="zwolle.wmomotest.nl" port="60000" sshConfigId="8d6cf774-e4bc-4052-ac28-baff5294434c" sshConfig="wmomotest.nl markant" keyPair="true">
          <advancedOptions>
            <advancedOptions dataProtectionLevel="Private" passiveMode="true" shareSSLContext="true" />
          </advancedOptions>
        </fileTransfer>
      </webServer>
      <webServer id="37af7cfb-bc60-4229-bec4-04e4d3985045" name="wmomotest.nl" url="https://wmomotest.nl">
        <fileTransfer rootFolder="/var/www/vhosts/wmomotest.nl" accessType="SFTP" host="wmomotest.nl" port="60000" sshConfigId="5769b45c-a8a2-44c9-8439-9666bc34e55b" sshConfig="wmomotest.nl" keyPair="true">
          <advancedOptions>
            <advancedOptions dataProtectionLevel="Private" passiveMode="true" shareSSLContext="true" />
          </advancedOptions>
        </fileTransfer>
      </webServer>
      <webServer id="d6e31ba9-dc3e-420e-853d-4f3b19e2d2c6" name="wmomotest.nl crvs" url="http://markant.wmomotest.nl">
        <fileTransfer rootFolder="/var/www/vhosts/wmomotest.nl/crvs.wmomotest.nl" accessType="SFTP" host="116.203.131.120" port="60000" sshConfigId="00c889fd-2809-43e8-8528-b67b0e849f50" sshConfig="wmomotest-nl@devops" keyPair="true">
          <advancedOptions>
            <advancedOptions dataProtectionLevel="Private" passiveMode="true" shareSSLContext="true" />
          </advancedOptions>
        </fileTransfer>
      </webServer>
      <webServer id="be98227e-b022-4b7b-b0af-9f9314155688" name="crvs-markant.nl" url="https://crvs-markant.nl">
        <fileTransfer rootFolder="/home/markant" accessType="SFTP" host="crvs-markant.nl" port="22" sshConfigId="0160192b-2f7c-48d1-a3d8-18534135f706" sshConfig="crvs-markant.nl" keyPair="true">
          <advancedOptions>
            <advancedOptions dataProtectionLevel="Private" passiveMode="true" shareSSLContext="true" />
          </advancedOptions>
        </fileTransfer>
      </webServer>
      <webServer id="89b2264e-6337-4f74-bd8c-4885ccd50d8c" name="crvs-sustvarius.nl" url="https://crvs-markant.nl">
        <fileTransfer rootFolder="/home/sustva" accessType="SFTP" host="crvs-sustvarius.nl" port="22" sshConfigId="ce37a113-e6cf-48de-8f0d-5e6e206b1b25" sshConfig="crvs-sustvarius.nl" keyPair="true">
          <advancedOptions>
            <advancedOptions dataProtectionLevel="Private" passiveMode="true" shareSSLContext="true" />
          </advancedOptions>
        </fileTransfer>
      </webServer>
      <webServer id="5b8f367f-32d0-44fd-ba17-8ca85b60b8fa" name="wmomotest.nl sustvarius" url="https://sustvarius.wmomotest.nl">
        <fileTransfer rootFolder="/var/www/vhosts/wmomotest.nl/sustvarius.wmomotest.nl" accessType="SFTP" host="sustvarius.wmomotest.nl" port="60000" sshConfigId="b32a5b29-27a5-4489-b0ed-08d7a5c381c4" sshConfig="wmomotest.nl sustvarius" keyPair="true">
          <advancedOptions>
            <advancedOptions dataProtectionLevel="Private" passiveMode="true" shareSSLContext="true" />
          </advancedOptions>
        </fileTransfer>
      </webServer>
      <webServer id="adbd1f98-f341-4bc5-b045-60000a0803cf" name="crvs.nu" url="https://crvs.nu">
        <fileTransfer rootFolder="/home/crvsnu" accessType="SFTP" host="crvs.nu" port="22" sshConfigId="8c7055d8-bd28-447a-8cd5-5ee67e6ff2e9" sshConfig="crvs.nu" keyPair="true">
          <advancedOptions>
            <advancedOptions dataProtectionLevel="Private" passiveMode="true" shareSSLContext="true" />
          </advancedOptions>
        </fileTransfer>
      </webServer>
      <webServer id="fc142d9e-fc70-4c1c-b934-6f91d2818e93" name="samenleeuwarden.nl" url="https://samenleeuwarden.nl">
        <fileTransfer rootFolder="/home/leeuwarden/" accessType="SFTP" host="samenleeuwarden.nl" port="22" sshConfigId="adf8a9c4-a991-4d3c-a60a-8c33cc538987" sshConfig="samenleeuwarden.nl" keyPair="true">
          <advancedOptions>
            <advancedOptions dataProtectionLevel="Private" passiveMode="true" shareSSLContext="true" />
          </advancedOptions>
        </fileTransfer>
      </webServer>
      <webServer id="662e5bef-bd64-4eb2-b87c-6fe9cba459f7" name="crvs-zwd.nl" url="http://crvs-zwd.nl">
        <fileTransfer rootFolder="/home/zwolle" accessType="SFTP" host="crvs-zwd.nl" port="22" sshConfigId="11f957d6-f2fb-468f-8c93-e3767364c72c" sshConfig="crvs-zwd.nl" keyPair="true">
          <advancedOptions>
            <advancedOptions dataProtectionLevel="Private" passiveMode="true" shareSSLContext="true" />
          </advancedOptions>
        </fileTransfer>
      </webServer>
      <webServer id="c4354b02-00bc-4a9f-8cd7-87b2bc18aec1" name="crvs-zwd.nl staging" url="http://crvs-zwd.nl">
        <fileTransfer rootFolder="/home/zwolle/domains/staging.crvs-zwd.nl" accessType="SFTP" host="staging.crvs-zwd.nl" port="22" sshConfigId="7829df74-e041-4b38-9230-aa4060c9785d" sshConfig="zwolle@staging.crvs-zwd.nl:22 key" keyPair="true">
          <advancedOptions>
            <advancedOptions dataProtectionLevel="Private" passiveMode="true" shareSSLContext="true" />
          </advancedOptions>
        </fileTransfer>
      </webServer>
      <webServer id="ece40eeb-2a54-4bbe-bbda-7d6cd3ac837a" name="crvs-vmca.nl" url="http://crvs-vmca.nl">
        <fileTransfer rootFolder="/home/vmca" accessType="SFTP" host="crvs-vmca.nl" port="22" sshConfigId="1da197ba-e392-4f8a-b21b-34743fcc8bf9" sshConfig="crvs-vmca.nl" keyPair="true">
          <advancedOptions>
            <advancedOptions dataProtectionLevel="Private" passiveMode="true" shareSSLContext="true" />
          </advancedOptions>
        </fileTransfer>
      </webServer>
      <webServer id="532e47e3-f1ee-472c-87fe-055e1c34dc54" name="crvs-manteling.nl" url="https://crvs-manteling.nl">
        <fileTransfer rootFolder="/home/manteling" accessType="SFTP" host="crvs-manteling.nl" port="22" sshConfigId="7770b1d0-3c73-41da-95d9-2843a6c040e2" sshConfig="crvs-manteling.nl" keyPair="true">
          <advancedOptions>
            <advancedOptions dataProtectionLevel="Private" passiveMode="true" shareSSLContext="true" />
          </advancedOptions>
        </fileTransfer>
      </webServer>
      <webServer id="366c4f48-b3b4-4791-a4e1-3c76d0194143" name="crvs-ahn.nl" url="https://crvs-ahn.nl">
        <fileTransfer rootFolder="/home/ahngein" accessType="SFTP" host="crvs-ahn.nl" port="22" sshConfigId="1587a11c-b70f-4839-8926-484b36eed92f" sshConfig="crvs-ahn.nl" keyPair="true">
          <advancedOptions>
            <advancedOptions dataProtectionLevel="Private" passiveMode="true" shareSSLContext="true" />
          </advancedOptions>
        </fileTransfer>
      </webServer>
      <webServer id="77cb9480-984f-45fe-a38d-db313611d6bf" name="crvs.wmomo.nl" url="https://crvs.wmomo.nl">
        <fileTransfer rootFolder="/var/www/vhosts/wmomo.nl/crvs.wmomo.nl" accessType="SFTP" host="116.203.131.120" port="60000" sshConfigId="00c889fd-2809-43e8-8528-b67b0e849f50" sshConfig="wmomotest-nl@devops" keyPair="true">
          <advancedOptions>
            <advancedOptions dataProtectionLevel="Private" passiveMode="true" shareSSLContext="true" />
          </advancedOptions>
        </fileTransfer>
      </webServer>
      <webServer id="af3b9a8d-5935-40e8-b7b8-a3e099d7c4d5" name="wmomo.nl" url="https://crvs.wmomo.nl">
        <fileTransfer rootFolder="/var/www/vhosts/wmomo.nl" accessType="SFTP" host="crvs.wmomo.nl" port="60000" sshConfigId="692e72d9-2ee3-4a2a-97fd-fbd68cfabd8e" sshConfig="wmomo.nl" keyPair="true">
          <advancedOptions>
            <advancedOptions dataProtectionLevel="Private" passiveMode="true" shareSSLContext="true" />
          </advancedOptions>
        </fileTransfer>
      </webServer>
      <webServer id="7a0dbffa-408d-4a66-8394-65ffddc0e55d" name="crvs-sigma.nl" url="https://crvs-sigma.nl">
        <fileTransfer rootFolder="/home/sigma" accessType="SFTP" sshConfigId="58a82f24-9852-45a3-9b9a-d6190a01578b" sshConfig="sigma@crvs-sigma.nl:22 key">
          <advancedOptions>
            <advancedOptions dataProtectionLevel="Private" passiveMode="true" shareSSLContext="true" />
          </advancedOptions>
        </fileTransfer>
      </webServer>
      <webServer id="6a746e08-59c4-4fc8-9a86-45ff0ba257c5" name="crvs-mantelzorgsteunpuntrucphen.nl" url="https://crvs-mantelzorgsteunpuntrucphen.nl">
        <fileTransfer rootFolder="/home/groenhuyse/" accessType="SFTP" host="crvs-mantelzorgsteunpuntrucphen.nl" port="22" sshConfigId="4b95f610-5684-4b7b-bf1a-65efa7cd8237" sshConfig="groenhuyse@crvs-mantelzorgsteunpuntrucphen.nl:22 key" keyPair="true">
          <advancedOptions>
            <advancedOptions dataProtectionLevel="Private" passiveMode="true" shareSSLContext="true" />
          </advancedOptions>
        </fileTransfer>
      </webServer>
      <webServer id="f5bec160-607a-4117-84ed-25c1fb2104be" name="crvs-test.local">
        <fileTransfer rootFolder="/home/crvstest" accessType="SFTP" host="crvs-test.local" port="22" sshConfigId="ce35e416-0242-4d1b-ae60-b282744e6e47" sshConfig="crvstest@crvs-test.local:22 key" keyPair="true">
          <advancedOptions>
            <advancedOptions dataProtectionLevel="Private" passiveMode="true" shareSSLContext="true" />
          </advancedOptions>
        </fileTransfer>
      </webServer>
      <webServer id="b4e1cb2d-f3a4-41cf-bdf1-699757fc914b" name="crvs.wmomotest.nl" url="https://crvs.wmomotest.nl">
        <fileTransfer rootFolder="/var/www/vhosts/wmomotest.nl/crvs.wmomotest.nl" accessType="SFTP" host="116.203.131.120" port="60000" sshConfigId="00c889fd-2809-43e8-8528-b67b0e849f50" sshConfig="wmomotest-nl@devops" keyPair="true">
          <advancedOptions>
            <advancedOptions dataProtectionLevel="Private" passiveMode="true" shareSSLContext="true" />
          </advancedOptions>
        </fileTransfer>
      </webServer>
      <webServer id="69542fbf-0126-4da6-a08a-5aa025da90a5" name="crvs-meandergroep.nl" url="https://crvs-meandergroep.nl">
        <fileTransfer rootFolder="/home/meander" accessType="SFTP" host="crvs-meandergroep.nl" port="22" sshConfigId="5491d930-90c7-423f-b594-0046beae428c" sshConfig="crvs-meandergroep.nl" keyPair="true">
          <advancedOptions>
            <advancedOptions dataProtectionLevel="Private" passiveMode="true" shareSSLContext="true" />
          </advancedOptions>
        </fileTransfer>
      </webServer>
      <webServer id="359f53bf-bb08-47ac-bb28-253c46c4bdae" name="crvs-evenmens.nl" url="https://crvs-evenmens.nl">
        <fileTransfer rootFolder="/home/evenmens" accessType="SFTP" host="crvs-evenmens.nl" port="22" sshConfigId="9cdc18bf-bdef-4ae4-b4df-d38d06419f32" sshConfig="crvs-evenmens.nl" keyPair="true">
          <advancedOptions>
            <advancedOptions dataProtectionLevel="Private" passiveMode="true" shareSSLContext="true" />
          </advancedOptions>
        </fileTransfer>
      </webServer>
      <webServer id="f670f220-7d9c-4559-b4b6-4908f76f78cf" name="crvs-dekap.nl">
        <fileTransfer rootFolder="/home/dekap" accessType="SFTP" host="crvs-dekap.nl" port="22" sshConfigId="9bdb806a-42c7-4b30-be3d-ddcbbcf6b681" sshConfig="crvs-dekap.nl" keyPair="true">
          <advancedOptions>
            <advancedOptions dataProtectionLevel="Private" passiveMode="true" shareSSLContext="true" />
          </advancedOptions>
        </fileTransfer>
      </webServer>
      <webServer id="3571e84f-449b-4f2e-aa14-58d7d8571b38" name="staging.crvs-meandergroep.nl" url="https://staging.crvs-meandergroep.nl">
        <fileTransfer rootFolder="/home/meander" accessType="SFTP" host="crvs-meandergroep.nl" port="22" sshConfigId="5491d930-90c7-423f-b594-0046beae428c" sshConfig="crvs-meandergroep.nl" keyPair="true">
          <advancedOptions>
            <advancedOptions dataProtectionLevel="Private" passiveMode="true" shareSSLContext="true" />
          </advancedOptions>
        </fileTransfer>
      </webServer>
    </option>
  </component>
</application>