<application>
  <component name="com.intellij.ide.ui.customization.CustomActionsSchema">
    <group value="ExternalToolsGroup" is_group="true" forse_popup="false" action_type="-1" position="9">
      <path value="root" />
      <path value="Editor Popup Menu" />
      <path value="Editor Popup Menu Actions (2)" />
    </group>
    <group value="Git.Branches" is_action="true" action_type="1" position="0">
      <path value="root" />
      <path value="Navigation Bar Toolbar" />
      <path value="NavBarVcsGroup" />
    </group>
    <group value="Git.Merge" is_action="true" action_type="1" position="1">
      <path value="root" />
      <path value="Navigation Bar Toolbar" />
      <path value="NavBarVcsGroup" />
    </group>
    <group value="ChangesView.ApplyPatch" is_action="true" action_type="1" position="2">
      <path value="root" />
      <path value="Navigation Bar Toolbar" />
      <path value="NavBarVcsGroup" />
    </group>
    <group value="Vcs.Push" is_action="true" action_type="1" position="3">
      <path value="root" />
      <path value="Navigation Bar Toolbar" />
      <path value="NavBarVcsGroup" />
    </group>
    <group value="Git.Pull" is_action="true" action_type="1" position="4">
      <path value="root" />
      <path value="Navigation Bar Toolbar" />
      <path value="NavBarVcsGroup" />
    </group>
    <group seperator="true" action_type="1" position="5">
      <path value="root" />
      <path value="Navigation Bar Toolbar" />
      <path value="NavBarVcsGroup" />
    </group>
    <group seperator="true" action_type="1" position="8">
      <path value="root" />
      <path value="Navigation Bar Toolbar" />
    </group>
    <group seperator="true" action_type="1" position="9">
      <path value="root" />
      <path value="Project View Popup Menu" />
      <path value="New" />
    </group>
    <group seperator="true" action_type="1" position="9">
      <path value="root" />
      <path value="Navigation Bar Toolbar" />
    </group>
  </component>
</application>