<application>
  <component name="dataSourceStorage" format="xml" multifile-model="true">
    <data-source source="LOCAL" name="pycrvs@127.0.0.1" uuid="a614dbd0-3e8e-4457-80c7-a09b4d36fdf3">
      <driver-ref>mysql.8</driver-ref>
      <synchronize>true</synchronize>
      <jdbc-driver>com.mysql.cj.jdbc.Driver</jdbc-driver>
      <jdbc-url>jdbc:mysql://127.0.0.1:3306/pycrvs</jdbc-url>
      <driver-properties>
        <property name="autoReconnect" value="true" />
        <property name="serverTimezone" value="UTC" />
      </driver-properties>
    </data-source>
    <data-source source="LOCAL" name="admin_zwolle@zwolle.wmomotest.nl docker" uuid="23805c51-f2d0-401a-ad20-c0633828fb4f">
      <driver-ref>mysql.8</driver-ref>
      <synchronize>true</synchronize>
      <jdbc-driver>com.mysql.cj.jdbc.Driver</jdbc-driver>
      <jdbc-url>jdbc:mysql://127.0.0.1:3307/admin_zwolle</jdbc-url>
    </data-source>
    <data-source source="LOCAL" name="@localhost" uuid="61a08666-2187-497c-9a12-7df1138f88bd">
      <driver-ref>mysql.8</driver-ref>
      <synchronize>true</synchronize>
      <remarks>local</remarks>
      <jdbc-driver>com.mysql.cj.jdbc.Driver</jdbc-driver>
      <jdbc-url>jdbc:mysql://localhost:3306</jdbc-url>
      <driver-properties>
        <property name="autoReconnect" value="true" />
        <property name="serverTimezone" value="Europe/Amsterdam" />
      </driver-properties>
    </data-source>
    <data-source source="LOCAL" name="admin_packages@radic.ninja" uuid="75d9b20c-c030-44d5-8451-351bbb29879b">
      <driver-ref>mysql.8</driver-ref>
      <synchronize>true</synchronize>
      <jdbc-driver>com.mysql.cj.jdbc.Driver</jdbc-driver>
      <jdbc-url>jdbc:mysql://localhost:3306/admin_packages?serverTimezone=UTC</jdbc-url>
      <driver-properties>
        <property name="autoReconnect" value="true" />
      </driver-properties>
    </data-source>
    <data-source source="LOCAL" name="admin_packages@wmomo.dev" uuid="73fe99c8-8e58-48cd-bba0-88a9a73a8f88">
      <driver-ref>mariadb</driver-ref>
      <synchronize>true</synchronize>
      <jdbc-driver>org.mariadb.jdbc.Driver</jdbc-driver>
      <jdbc-url>jdbc:mariadb://localhost:3306/admin_packages</jdbc-url>
      <driver-properties>
        <property name="autoReconnect" value="true" />
        <property name="serverTimezone" value="UTC" />
      </driver-properties>
    </data-source>
    <data-source source="LOCAL" name="pyro@localhost" uuid="de07ed4d-9190-4ce6-b349-5edf7854e6b3">
      <driver-ref>mysql.8</driver-ref>
      <synchronize>true</synchronize>
      <jdbc-driver>com.mysql.cj.jdbc.Driver</jdbc-driver>
      <jdbc-url>jdbc:mysql://localhost:3306/pyro</jdbc-url>
      <driver-properties>
        <property name="autoReconnect" value="true" />
        <property name="serverTimezone" value="UTC" />
      </driver-properties>
    </data-source>
    <data-source source="LOCAL" name="admin_py@py.radic.ninja" uuid="bc5588fe-abbb-4abe-90f0-4cc371548f06">
      <driver-ref>mysql.8</driver-ref>
      <synchronize>true</synchronize>
      <jdbc-driver>com.mysql.cj.jdbc.Driver</jdbc-driver>
      <jdbc-url>jdbc:mysql://localhost:3306/admin_py?serverTimezone=UTC</jdbc-url>
      <driver-properties>
        <property name="autoReconnect" value="true" />
      </driver-properties>
    </data-source>
    <data-source source="LOCAL" name="@localhost docker 3307" uuid="ce9869d9-5371-4aaa-851d-84a2173934dd">
      <driver-ref>mysql.8</driver-ref>
      <synchronize>true</synchronize>
      <remarks>local</remarks>
      <jdbc-driver>com.mysql.cj.jdbc.Driver</jdbc-driver>
      <jdbc-url>jdbc:mysql://127.0.0.1:3307/crvs_zwd</jdbc-url>
    </data-source>
    <data-source source="LOCAL" name="admin_markant@wmomotest.nl" uuid="11a470c9-efbb-4fd2-a625-5c1114680b4c">
      <driver-ref>mysql.8</driver-ref>
      <synchronize>true</synchronize>
      <jdbc-driver>com.mysql.cj.jdbc.Driver</jdbc-driver>
      <jdbc-url>jdbc:mysql://localhost:3306/admin_markant</jdbc-url>
      <driver-properties>
        <property name="serverTimezone" value="UTC" />
      </driver-properties>
    </data-source>
    <data-source source="LOCAL" name="admin_sustvarius@wmomotest.nl" uuid="b33c2d6a-9a7c-4e2d-abac-4e10f1092c59">
      <driver-ref>mysql.8</driver-ref>
      <synchronize>true</synchronize>
      <jdbc-driver>com.mysql.cj.jdbc.Driver</jdbc-driver>
      <jdbc-url>jdbc:mysql://localhost:3306/admin_sustvarius</jdbc-url>
      <driver-properties>
        <property name="serverTimezone" value="UTC" />
      </driver-properties>
    </data-source>
    <data-source source="LOCAL" name="admin_crvs@wmomotest.nl" uuid="925a5f6d-51d8-41f1-99a5-6c4f321d50fa">
      <driver-ref>mariadb</driver-ref>
      <synchronize>true</synchronize>
      <jdbc-driver>org.mariadb.jdbc.Driver</jdbc-driver>
      <jdbc-url>jdbc:mariadb://localhost:3306/admin_crvs</jdbc-url>
      <driver-properties>
        <property name="serverTimezone" value="UTC" />
      </driver-properties>
    </data-source>
    <data-source source="LOCAL" name="zwolle_staging@staging.crvs-zwd.nl" uuid="432abe1d-8021-49bc-8856-845b10ade5f7">
      <driver-ref>mysql</driver-ref>
      <synchronize>true</synchronize>
      <jdbc-driver>com.mysql.jdbc.Driver</jdbc-driver>
      <jdbc-url>jdbc:mysql://localhost:3306/zwolle_staging</jdbc-url>
    </data-source>
    <data-source source="LOCAL" name="crvs-zwd.nl" uuid="e50f5066-79fe-417c-ae4d-88c4fa109a6b">
      <driver-ref>mariadb</driver-ref>
      <synchronize>true</synchronize>
      <remarks>production</remarks>
      <jdbc-driver>org.mariadb.jdbc.Driver</jdbc-driver>
      <jdbc-url>jdbc:mariadb://localhost:3306/zwolle_crvs</jdbc-url>
    </data-source>
    <data-source source="LOCAL" name="PostgreSQL - postgres@localhost" uuid="1f486330-9201-49e9-99ee-e788ad7c961e">
      <driver-ref>postgresql</driver-ref>
      <synchronize>true</synchronize>
      <remarks>sentry.wmomo.nl</remarks>
      <jdbc-driver>org.postgresql.Driver</jdbc-driver>
      <jdbc-url>jdbc:postgresql://localhost:5433/postgres</jdbc-url>
      <driver-properties>
        <property name="currentSchema" value="public" />
      </driver-properties>
    </data-source>
    <data-source source="LOCAL" name="crvs.sigma.nl" uuid="cebe6b8e-b5fc-4938-917a-126f1c413e35">
      <driver-ref>mariadb</driver-ref>
      <synchronize>true</synchronize>
      <remarks>production</remarks>
      <jdbc-driver>org.mariadb.jdbc.Driver</jdbc-driver>
      <jdbc-url>jdbc:mariadb://localhost:3306/sigma_crvs</jdbc-url>
    </data-source>
    <data-source source="LOCAL" name="vriendendiensten.nl" uuid="e0d6412c-34b2-491d-ab8f-a3700c8b0fb3">
      <driver-ref>mariadb</driver-ref>
      <synchronize>true</synchronize>
      <remarks>production</remarks>
      <jdbc-driver>org.mariadb.jdbc.Driver</jdbc-driver>
      <jdbc-url>jdbc:mariadb://localhost:3306/vrienden_devent</jdbc-url>
    </data-source>
    <data-source source="LOCAL" name="meander_grpep@crvs-meandergroep.nl" uuid="9a446a86-924e-4bd9-a61b-4c5dcc42d870">
      <driver-ref>mariadb</driver-ref>
      <synchronize>true</synchronize>
      <remarks>production</remarks>
      <jdbc-driver>org.mariadb.jdbc.Driver</jdbc-driver>
      <jdbc-url>jdbc:mariadb://localhost:3306/meander_grpep</jdbc-url>
    </data-source>
    <data-source source="LOCAL" name="crvs-carinoval.nl" uuid="d8334c1c-f55c-4e8f-bbad-28c08470c8c4">
      <driver-ref>mysql.8</driver-ref>
      <synchronize>true</synchronize>
      <remarks>production</remarks>
      <jdbc-driver>com.mysql.cj.jdbc.Driver</jdbc-driver>
      <jdbc-url>jdbc:mysql://localhost:3306/carinova_production</jdbc-url>
      <working-dir>$ProjectFileDir$</working-dir>
    </data-source>
    <data-source source="LOCAL" name="crvs-dekap.nl" uuid="49c70ecd-bcf4-48fa-824c-0d83a24a4918">
      <driver-ref>mysql.8</driver-ref>
      <synchronize>true</synchronize>
      <remarks>production</remarks>
      <jdbc-driver>com.mysql.cj.jdbc.Driver</jdbc-driver>
      <jdbc-url>jdbc:mysql://localhost:3306/dekap_apeldoorn</jdbc-url>
      <working-dir>$ProjectFileDir$</working-dir>
    </data-source>
    <data-source source="LOCAL" name="crvs-smz.nl" uuid="db7fc908-9199-43f5-b407-d598654059b4">
      <driver-ref>mariadb</driver-ref>
      <synchronize>true</synchronize>
      <remarks>production</remarks>
      <jdbc-driver>org.mariadb.jdbc.Driver</jdbc-driver>
      <jdbc-url>jdbc:mariadb://localhost:3306/maastricht_smzuid</jdbc-url>
      <working-dir>$ProjectFileDir$</working-dir>
    </data-source>
    <data-source source="LOCAL" name="crvs-mantelzorgsteunpuntrucphen.nl" uuid="064b7c0b-57fb-48e5-81c6-8a190228fc55">
      <driver-ref>mysql.8</driver-ref>
      <synchronize>true</synchronize>
      <remarks>production</remarks>
      <jdbc-driver>com.mysql.cj.jdbc.Driver</jdbc-driver>
      <jdbc-url>jdbc:mysql://localhost:3306/groenhuyse_rucphen</jdbc-url>
      <working-dir>$ProjectFileDir$</working-dir>
    </data-source>
    <data-source source="LOCAL" name="meander_staging@crvs-meandergroep.nl" uuid="24940a16-672c-44e6-bd03-23b06e48af84">
      <driver-ref>mariadb</driver-ref>
      <synchronize>true</synchronize>
      <remarks>staging</remarks>
      <jdbc-driver>org.mariadb.jdbc.Driver</jdbc-driver>
      <jdbc-url>jdbc:mariadb://localhost:3306/meander_staging</jdbc-url>
    </data-source>
    <data-source source="LOCAL" name="filament@localhost" uuid="b39ff912-662c-4399-bf4a-0bcf97dfc761">
      <driver-ref>mysql.8</driver-ref>
      <synchronize>true</synchronize>
      <remarks>local</remarks>
      <jdbc-driver>com.mysql.cj.jdbc.Driver</jdbc-driver>
      <jdbc-url>jdbc:mysql://localhost:3306/filament</jdbc-url>
      <driver-properties>
        <property name="autoReconnect" value="true" />
        <property name="serverTimezone" value="Europe/Amsterdam" />
      </driver-properties>
    </data-source>
  </component>
</application>