<application>
  <component name="LanguageInjectionConfiguration">
    <injection language="HTML" injector-id="js">
      <display-name>HTML in JS strings</display-name>
      <single-file value="true" />
      <place disabled="true"><![CDATA[isHtmlLikeText()]]></place>
    </injection>
    <injection language="SCSS" injector-id="xml">
      <display-name>*/@style</display-name>
      <prefix>dummy_selector {</prefix>
      <suffix>}</suffix>
      <single-file value="true" />
      <place><![CDATA[xmlAttribute().withLocalName(string().equalTo("style")).inside(xmlTag().withNamespace(string().equalTo("http://www.w3.org/1999/xhtml")))]]></place>
      <apply-to-subtags />
    </injection>
    <injection language="ECMAScript 6" injector-id="xml">
      <display-name>a/@@click</display-name>
      <single-file value="true" />
      <place><![CDATA[xmlAttribute().withLocalName(string().matches("@click")).withParent(xmlTag().withLocalName(string().equalTo("a")).withNamespace(string().equalTo("http://www.w3.org/1999/html")))]]></place>
    </injection>
    <injection language="ECMAScript 6" injector-id="xml">
      <display-name>a/@v-show</display-name>
      <single-file value="true" />
      <place><![CDATA[xmlAttribute().withLocalName(string().equalTo("v-show")).withParent(xmlTag().withLocalName(string().equalTo("a")).withNamespace(string().equalTo("http://www.w3.org/1999/html")))]]></place>
    </injection>
    <injection language="ECMAScript 6" injector-id="xml">
      <display-name>c-side-nav/@draggable</display-name>
      <single-file value="true" />
      <place><![CDATA[xmlAttribute().withLocalName(string().equalTo("draggable")).withParent(xmlTag().withLocalName(string().equalTo("c-side-nav")).withNamespace(string().equalTo("http://www.w3.org/1999/html")))]]></place>
    </injection>
    <injection language="ECMAScript 6" injector-id="xml">
      <display-name>c-side-nav/@v-if</display-name>
      <single-file value="true" />
      <place><![CDATA[xmlAttribute().withLocalName(string().equalTo("v-if")).withParent(xmlTag().withLocalName(string().equalTo("c-side-nav")).withNamespace(string().equalTo("http://www.w3.org/1999/html")))]]></place>
    </injection>
    <injection language="ECMAScript 6" injector-id="xml">
      <display-name>div/@@click</display-name>
      <single-file value="true" />
      <place><![CDATA[xmlAttribute().withLocalName(string().matches("@click")).withParent(xmlTag().withLocalName(string().equalTo("div")).withNamespace(string().equalTo("http://www.w3.org/1999/html")))]]></place>
    </injection>
    <injection language="ECMAScript 6" injector-id="xml">
      <display-name>div/@repeat.for</display-name>
      <single-file value="true" />
      <place><![CDATA[xmlAttribute().withLocalName(string().matches("repeat.for")).withParent(xmlTag().withLocalName(string().equalTo("div")).withNamespace(string().equalTo("http://www.w3.org/1999/html")))]]></place>
    </injection>
    <injection language="ECMAScript 6" injector-id="xml">
      <display-name>div/@v-if</display-name>
      <single-file value="true" />
      <place><![CDATA[xmlAttribute().withLocalName(string().equalTo("v-if")).withParent(xmlTag().withLocalName(string().equalTo("div")).withNamespace(string().equalTo("http://www.w3.org/1999/html")))]]></place>
    </injection>
    <injection language="ECMAScript 6" injector-id="xml">
      <display-name>h1/@@click</display-name>
      <single-file value="true" />
      <place><![CDATA[xmlAttribute().withLocalName(string().matches("@click")).withParent(xmlTag().withLocalName(string().equalTo("h1")).withNamespace(string().equalTo("http://www.w3.org/1999/html")))]]></place>
    </injection>
    <injection language="Markdown" injector-id="xml">
      <display-name>markdown</display-name>
      <single-file value="true" />
      <place><![CDATA[xmlTag().withLocalName(string().equalTo("markdown")).withNamespace(string().equalTo("http://www.w3.org/1999/html"))]]></place>
    </injection>
    <injection language="ECMAScript 6" injector-id="xml">
      <display-name>nav/@v-if</display-name>
      <single-file value="true" />
      <place><![CDATA[xmlAttribute().withLocalName(string().equalTo("v-if")).withParent(xmlTag().withLocalName(string().equalTo("nav")).withNamespace(string().equalTo("http://www.w3.org/1999/html")))]]></place>
    </injection>
    <injection language="Vue" injector-id="xml">
      <display-name>py-layout</display-name>
      <single-file value="true" />
      <place><![CDATA[xmlTag().withLocalName(string().equalTo("py-layout")).withNamespace(string().equalTo("http://www.w3.org/1999/html"))]]></place>
    </injection>
    <injection language="ECMAScript 6" injector-id="xml">
      <display-name>router-link/@to</display-name>
      <single-file value="true" />
      <place><![CDATA[xmlAttribute().withLocalName(string().equalTo("to")).withParent(xmlTag().withLocalName(string().equalTo("router-link")).withNamespace(string().equalTo("http://www.w3.org/1999/html")))]]></place>
    </injection>
    <injection language="ECMAScript 6" injector-id="xml">
      <display-name>slot/@v-if</display-name>
      <single-file value="true" />
      <place><![CDATA[xmlAttribute().withLocalName(string().equalTo("v-if")).withParent(xmlTag().withLocalName(string().equalTo("slot")).withNamespace(string().equalTo("http://www.w3.org/1999/html")))]]></place>
    </injection>
    <injection language="SCSS" injector-id="xml">
      <display-name>style</display-name>
      <single-file value="true" />
      <place><![CDATA[xmlTag().withLocalName(string().equalTo("style")).withNamespace(string().equalTo("http://www.w3.org/1999/xhtml"))]]></place>
      <xpath-condition>lower-case(@type)='text/css'</xpath-condition>
    </injection>
    <injection language="SCSS" injector-id="xml">
      <display-name>style lang</display-name>
      <single-file value="true" />
      <place><![CDATA[xmlAttribute().withLocalName(string().equalTo("lang")).withParent(xmlTag().withLocalName(string().equalTo("style")))]]></place>
    </injection>
    <injection language="SCSS" injector-id="xml">
      <display-name>style/@lang</display-name>
      <single-file value="true" />
      <place><![CDATA[xmlTag().withLocalName(string().equalTo("style")).withNamespace(string().equalTo("http://www.w3.org/1999/xhtml"))]]></place>
      <xpath-condition>lower-case(@lang)='sass'</xpath-condition>
    </injection>
    <injection language="ECMAScript 6" injector-id="xml">
      <display-name>ui-button/@v-if</display-name>
      <single-file value="true" />
      <place><![CDATA[xmlAttribute().withLocalName(string().equalTo("v-if")).withParent(xmlTag().withLocalName(string().equalTo("ui-button")).withNamespace(string().equalTo("http://www.w3.org/1999/html")))]]></place>
    </injection>
    <injection language="ECMAScript 6" injector-id="xml">
      <display-name>ul/@v-if</display-name>
      <single-file value="true" />
      <place><![CDATA[xmlAttribute().withLocalName(string().equalTo("v-if")).withParent(xmlTag().withLocalName(string().equalTo("ul")).withNamespace(string().equalTo("http://www.w3.org/1999/html")))]]></place>
    </injection>
  </component>
</application>