<application>
  <component name="NodeJsLocalInterpreterManager">
    <local-interpreter path="/bin/node">
      <version-cache version="18.18.0" last-modified="1695014983000" />
    </local-interpreter>
    <local-interpreter path="$USER_HOME$/.nvm/versions/node/v18.18.0/bin/node">
      <version-cache version="18.18.0" last-modified="1695014983000" />
    </local-interpreter>
    <local-interpreter path="/usr/bin/node">
      <version-cache version="18.18.0" last-modified="1695014983000" />
    </local-interpreter>
    <local-interpreter path="$USER_HOME$/.nvm/versions/node/v17.3.0/bin/node">
      <version-cache version="17.3.0" last-modified="1639776883000" />
    </local-interpreter>
    <local-interpreter path="$USER_HOME$/.nvm/versions/node/v16.20.2/bin/node">
      <version-cache version="16.20.2" last-modified="1691533462000" />
    </local-interpreter>
    <local-interpreter path="$USER_HOME$/.nvm/versions/node/v16.13.1/bin/node">
      <version-cache version="16.13.1" last-modified="1638358168000" />
    </local-interpreter>
    <local-interpreter path="$USER_HOME$/.nvm/versions/node/v14.18.1/bin/node">
      <version-cache version="14.18.1" last-modified="1634011631000" />
    </local-interpreter>
    <local-interpreter path="$USER_HOME$/.nvm/versions/node/v14.15.1/bin/node">
      <version-cache last-modified="0" />
    </local-interpreter>
    <local-interpreter path="$USER_HOME$/.nvm/versions/node/v13.7.0/bin/node">
      <version-cache last-modified="0" />
    </local-interpreter>
    <local-interpreter path="$USER_HOME$/.nvm/versions/node/v12.14.0/bin/node">
      <version-cache version="12.14.0" last-modified="1576566843000" />
    </local-interpreter>
    <local-interpreter path="$USER_HOME$/.nvm/versions/node/v12.10.0/bin/node">
      <version-cache version="12.10.0" last-modified="1567612069000" />
    </local-interpreter>
    <local-interpreter path="$USER_HOME$/.nvm/versions/node/v8.16.1/bin/node">
      <version-cache version="8.16.1" last-modified="1565893883000" />
    </local-interpreter>
    <local-interpreter path="$USER_HOME$/.nvm/versions/node/v10.16.0/bin/node" excluded="true" />
  </component>
</application>