<application>
  <component name="ParameterNameHintsSettings">
    <blacklists>
      <blacklist language="TypeScript" />
      <blacklist language="Java" />
      <blacklist language="XML" />
      <blacklist language="JavaScript" />
      <blacklist language="PHP">
        <removed pattern="" />
      </blacklist>
      <blacklist language="YAML" />
      <blacklist language="SQL" />
    </blacklists>
    <option id="php.pass.by.reference" value="false" />
    <disabledLanguages>
      <language id="PHP" />
    </disabledLanguages>
  </component>
</application>