<application>
  <component name="ProjectManager">
    <defaultProject>
      <component name="CompilerConfiguration">
        <wildcardResourcePatterns>
          <entry name="!?*.java" />
          <entry name="!?*.form" />
          <entry name="!?*.class" />
          <entry name="!?*.groovy" />
          <entry name="!?*.scala" />
          <entry name="!?*.flex" />
          <entry name="!?*.kt" />
          <entry name="!?*.clj" />
        </wildcardResourcePatterns>
      </component>
      <component name="ComposerJsonPluginSettings">
        <unboundedVersionInspectionSettings>
          <excludedPackages />
        </unboundedVersionInspectionSettings>
        <customRepositories />
      </component>
      <component name="ComposerSettings">
        <execution />
      </component>
      <component name="Encoding">
        <file url="PROJECT" charset="UTF-8" />
      </component>
      <component name="GradleLocalSettings">
        <option name="modificationStamps">
          <map>
            <entry key="$USER_HOME$/minecraft/sponge" value="5670836678422" />
            <entry key="$USER_HOME$/swiftapi" value="4292440623768" />
            <entry key="/mnt/safe/java/swiftapi2" value="2895878772686" />
            <entry key="/mnt/safe/projects/sponge" value="5672326194238" />
            <entry key="/mnt/safe/projects/sponge-plugin" value="2836163897075" />
            <entry key="/mnt/safe/projects/swiftapi" value="4292441554000" />
          </map>
        </option>
        <option name="projectSyncType">
          <map>
            <entry key="/mnt/fat/java/jenkins" value="PREVIEW" />
          </map>
        </option>
      </component>
      <component name="Jenkins.Application.Settings">
        <option name="serverUrl" value="https://jenkins.wmomo.nl/" />
      </component>
      <component name="Jenkins.Settings">
        <option name="jenkinsVersion" value="VERSION_2" />
        <option name="username" value="admin" />
      </component>
      <component name="JenkinsBrowserPanel">
        <treeState>
          <expand />
          <select />
        </treeState>
      </component>
      <component name="MarkdownProjectSettings">
        <PreviewSettings splitEditorLayout="SPLIT" splitEditorPreview="PREVIEW" useGrayscaleRendering="false" zoomFactor="1.0" maxImageWidth="0" synchronizePreviewPosition="true" highlightPreviewType="LINE" highlightFadeOut="5" highlightOnTyping="true" synchronizeSourcePosition="true" verticallyAlignSourceAndPreviewSyncPosition="true" showSearchHighlightsInPreview="true" showSelectionInPreview="true" lastLayoutSetsDefault="false">
          <PanelProvider>
            <provider providerId="com.vladsch.md.nav.editor.swing.html.panel" providerName="Default - Swing" />
          </PanelProvider>
        </PreviewSettings>
        <ParserSettings gitHubSyntaxChange="false" correctedInvalidSettings="false" emojiShortcuts="0" emojiImages="0">
          <PegdownExtensions>
            <option name="ANCHORLINKS" value="true" />
            <option name="ATXHEADERSPACE" value="true" />
            <option name="AUTOLINKS" value="true" />
            <option name="FENCED_CODE_BLOCKS" value="true" />
            <option name="INTELLIJ_DUMMY_IDENTIFIER" value="true" />
            <option name="RELAXEDHRULES" value="true" />
            <option name="STRIKETHROUGH" value="true" />
            <option name="TABLES" value="true" />
            <option name="TASKLISTITEMS" value="true" />
            <option name="WIKILINKS" value="true" />
          </PegdownExtensions>
          <ParserOptions>
            <option name="COMMONMARK_LISTS" value="true" />
            <option name="EMOJI_SHORTCUTS" value="true" />
            <option name="GFM_TABLE_RENDERING" value="true" />
            <option name="GITHUB_WIKI_LINKS" value="true" />
            <option name="PRODUCTION_SPEC_PARSER" value="true" />
            <option name="SIM_TOC_BLANK_LINE_SPACER" value="true" />
          </ParserOptions>
        </ParserSettings>
        <HtmlSettings headerTopEnabled="false" headerBottomEnabled="false" bodyTopEnabled="false" bodyBottomEnabled="false" addPageHeader="true" imageUriSerials="false" addDocTypeHtml="true" noParaTags="false" plantUmlConversion="0">
          <GeneratorProvider>
            <provider providerId="com.vladsch.md.nav.editor.swing.html.generator" providerName="Default Swing HTML Generator" />
          </GeneratorProvider>
          <headerTop />
          <headerBottom>&lt;meta name=&quot;description&quot; content=&quot;Codex.&quot;&gt;
&lt;meta name=&quot;keywords&quot; content=&quot;laravel, php, framework, web, artisans, taylor otwell&quot;&gt;
&lt;meta name=&quot;viewport&quot; content=&quot;width=device-width, initial-scale=1&quot;&gt;

    &lt;script&gt; window['_CODEX_PHP_DATA'] = []; &lt;/script&gt;

    &lt;!--[if lte IE 9]&gt;
&lt;script src=&quot;http://html5shiv.googlecode.com/svn/trunk/html5.js&quot;&gt;&lt;/script&gt;
&lt;![endif]--&gt;
&lt;link rel=&quot;stylesheet&quot; href=&quot;https://maxcdn.bootstrapcdn.com/font-awesome/4.6.1/css/font-awesome.min.css&quot;&gt;
&lt;link rel=&quot;stylesheet&quot; type=&quot;text/css&quot; href=&quot;http://codex-project.ninja/vendor/codex/styles/stylesheet.css&quot;&gt;
&lt;link rel=&quot;apple-touch-icon&quot; href=&quot;http://codex-project.ninja/vendor/codex/favicon.png&quot;&gt;</headerBottom>
          <bodyTop>&lt;nav class=&quot;main&quot; data-layout=&quot;nav&quot;&gt;
        &lt;a href=&quot;/&quot; class=&quot;brand&quot;&gt;
                        Codex
        &lt;/a&gt;

            &lt;div class=&quot;responsive-sidebar-nav&quot;&gt;
        &lt;a href=&quot;#&quot; class=&quot;toggle-slide menu-link btn&quot;&gt;&amp;#9776;&lt;/a&gt;
    &lt;/div&gt;
          
    
    &lt;/nav&gt;

    &lt;!-- CONTENT --&gt;
    &lt;div class=&quot;docs-wrapper&quot; data-layout=&quot;wrapper&quot;&gt;
         &lt;a class=&quot;sidebar-toggle&quot; data-action='sidebar-toggle' title='Toggle sidebar'&gt;&lt;i class=&quot;fa fa-list&quot;&gt;&lt;/i&gt;&lt;/a&gt;
            &lt;section class=&quot;sidebar&quot; data-layout=&quot;sidebar&quot;&gt;
    &lt;ul&gt;
        &lt;li class=&quot;title&quot;&gt;Codex&lt;/li&gt;
        &lt;li class=&quot;&quot;&gt;
                                &lt;a  href=&quot;http://codex-project.ninja/codex/master/index&quot; id=&quot;c2dc8b3d302becd0fb7d66ff1ad3730f&quot;&gt;
                Overview
            &lt;/a&gt;
            &lt;/li&gt;
   
    &lt;/ul&gt;
&lt;/section&gt;

    
            
        &lt;nav class=&quot;breadcrumbs&quot;&gt;
        &lt;ul&gt;

            &lt;li&gt;&lt;a href=&quot;http://codex-project.ninja/codex/master/index&quot;&gt;Codex&lt;/a&gt;&lt;i class=&quot;fa fa-arrow-right&quot;&gt;&lt;/i&gt;&lt;/li&gt;

                                                                            &lt;li&gt;
                        &lt;a  href=&quot;http://codex-project.ninja/codex/master/index&quot; id=&quot;c2dc8b3d302becd0fb7d66ff1ad3730f&quot;&gt;Overview&lt;/a&gt;
                                            &lt;/li&gt;
                                    &lt;/ul&gt;
    &lt;/nav&gt;
    
    &lt;article class=&quot;content loaded&quot; data-layout=&quot;article&quot;&gt;</bodyTop>
          <bodyBottom>&lt;/article&gt;
    &lt;/div&gt;
    &lt;!-- CONTENT:END --&gt;

            &lt;a href=&quot;#&quot; class=&quot;scrollToTop&quot;&gt;&lt;/a&gt;
            &lt;footer class=&quot;main&quot;&gt;
        &lt;p&gt;Copyright &amp;copy; Codex.&lt;/p&gt;
    &lt;/footer&gt;
    

&lt;script src=&quot;http://codex-project.ninja/vendor/codex/scripts/vendor.js&quot;&gt;&lt;/script&gt;
&lt;script src=&quot;http://codex-project.ninja/vendor/codex/scripts/codex.js&quot;&gt;&lt;/script&gt;
&lt;script src=&quot;http://codex-project.ninja/vendor/codex/scripts/theme.js&quot;&gt;&lt;/script&gt;
              
&lt;script&gt;

    jQuery(function () {
     (function($){
         $('body').addClass('docs language-php codex-auth sidebar-closed');
         $('.docs-wrapper article').addClass('loaded content');
     }(jQuery));
     });
&lt;/script&gt;
&lt;script&gt;
    codex.init();
    codex.theme.init();
&lt;/script&gt;
&lt;script&gt;

    jQuery(function () {

        //Check to see if the window is top if not then display button
        jQuery(window).scroll(function () {
            if ( jQuery(this).scrollTop() &gt; 100 ) {
                jQuery('.scrollToTop').fadeIn();
            } else {
                jQuery('.scrollToTop').fadeOut();
            }
        });

        //Click event to scroll to top
        jQuery('.scrollToTop').click(function () {
            jQuery('html, body').animate({scrollTop: 0}, 800);
            return false;
        });
    });
&lt;/script&gt;</bodyBottom>
        </HtmlSettings>
        <CssSettings previewScheme="UI_SCHEME" cssUri="" isCssUriEnabled="false" isCssUriSerial="true" isCssTextEnabled="false" isDynamicPageWidth="true">
          <StylesheetProvider>
            <provider providerId="com.vladsch.md.nav.editor.swing.html.css" providerName="Default Swing Stylesheet" />
          </StylesheetProvider>
          <ScriptProviders />
          <cssText>article &gt; .container {
width: 100% !important;
max-width: 100% !important;
}
#readme, 
#readme.boxed-group, {
width: 100% !important;
max-width: 100% !important;
}

#readme &gt; h3 {
display:none !important;
}</cssText>
          <cssUriHistory />
        </CssSettings>
      </component>
      <component name="MessDetector">
        <phpmd_settings>
          <MessDetectorConfiguration tool_path="/mnt/fat/php/projects/magento2/vendor/bin/phpmd" />
        </phpmd_settings>
      </component>
      <component name="PropertiesComponent"><![CDATA[{}]]></component>
      <component name="PyConsoleOptionsProvider">
        <option name="myPythonConsoleState">
          <console-settings />
        </option>
      </component>
      <component name="RunDashboard">
        <option name="ruleStates">
          <list>
            <RuleState>
              <option name="name" value="ConfigurationTypeDashboardGroupingRule" />
            </RuleState>
            <RuleState>
              <option name="name" value="StatusDashboardGroupingRule" />
            </RuleState>
          </list>
        </option>
      </component>
      <component name="RunManager">
        <configuration name="&lt;template&gt;" type="WebApp" default="true" selected="false">
          <Host>localhost</Host>
          <Port>5050</Port>
        </configuration>
        <configuration default="true" type="Applet">
          <option name="POLICY_FILE" value="$APPLICATION_HOME_DIR$/bin/appletviewer.policy" />
          <method v="2">
            <option name="Make" enabled="true" />
          </method>
        </configuration>
        <configuration default="true" type="Application" factoryName="Application">
          <option name="WORKING_DIRECTORY" value="$PROJECT_DIR$" />
          <method v="2">
            <option name="Make" enabled="true" />
          </method>
        </configuration>
      </component>
      <component name="ThriftCompiler">
        <compilers />
      </component>
      <component name="VcsContentAnnotationSettings">
        <option name="myLimit" value="2678400000" />
      </component>
      <component name="VcsManagerConfiguration">
        <option name="myTodoPanelSettings">
          <TodoPanelSettings />
        </option>
      </component>
      <component name="masterDetails">
        <states>
          <state key="ProjectJDKs.UI">
            <settings>
              <last-edited>1.8</last-edited>
              <splitter-proportions>
                <option name="proportions">
                  <list>
                    <option value="0.2" />
                  </list>
                </option>
              </splitter-proportions>
            </settings>
          </state>
        </states>
      </component>
    </defaultProject>
  </component>
</application>