<application>
  <component name="RemoteServers">
    <remote-server name="localhost" type="docker">
      <configuration email="">
        <option name="apiUrl" value="http://127.0.0.1:2375" />
      </configuration>
    </remote-server>
    <remote-server name="vps2" type="docker">
      <configuration email="">
        <option name="apiUrl" value="http://149.210.212.60:2376" />
        <option name="connected" value="true" />
      </configuration>
    </remote-server>
    <remote-server name="pluut" type="docker">
      <configuration>
        <option name="apiUrl" value="http://136.144.130.102:2376" />
        <option name="connected" value="true" />
      </configuration>
    </remote-server>
    <remote-server name="radic.ninja" type="docker">
      <configuration>
        <option name="apiUrl" value="tcp://192.168.178.59:2375/" />
        <option name="connected" value="true" />
      </configuration>
    </remote-server>
    <remote-server name="149.210.169.153" type="docker">
      <configuration>
        <option name="apiUrl" value="http://149.210.169.153:2375" />
        <option name="connected" value="true" />
      </configuration>
    </remote-server>
    <remote-server name="Docker" type="docker">
      <configuration>
        <option name="apiUrl" value="unix:///var/run/docker.sock" />
        <option name="certificatesPath" />
      </configuration>
    </remote-server>
    <remote-server name="116.203.131.120" type="docker">
      <configuration>
        <option name="apiUrl" value="http://116.203.131.120:2375" />
        <option name="connected" value="true" />
      </configuration>
    </remote-server>
    <remote-server name="Docker2" type="docker">
      <configuration>
        <option name="apiUrl" value="http://88.198.202.135:2375" />
      </configuration>
    </remote-server>
  </component>
</application>