<application>
  <component name="SshConfigs">
    <configs>
      <sshConfig host="116.203.131.120" id="2782bc31-75ec-43b2-ab10-cdfee82b34f4" keyPath="$USER_HOME$/.ssh/id_rsa" port="60000" customName="admin@devops" nameFormat="CUSTOM" username="admin" useOpenSSHConfig="true">
        <option name="customName" value="admin@devops" />
      </sshConfig>
      <sshConfig host="codex.wmomo.nl" id="37f838ab-6af9-4170-b545-88e225c23657" keyPath="$USER_HOME$/.ssh/id_rsa" port="60000" customName="codex.wmomo.nl" nameFormat="CUSTOM" username="admin">
        <option name="customName" value="codex.wmomo.nl" />
      </sshConfig>
      <sshConfig connectionConfig="{&quot;serverAliveInterval&quot;:300}" host="crvs-ahn.nl" id="1587a11c-b70f-4839-8926-484b36eed92f" keyPath="$USER_HOME$/.ssh/id_rsa" port="22" customName="crvs-ahn.nl" nameFormat="CUSTOM" username="ahngein">
        <option name="customName" value="crvs-ahn.nl" />
      </sshConfig>
      <sshConfig connectionConfig="{&quot;serverAliveInterval&quot;:300}" host="crvs-carinova.nl" id="35c33ad9-d0c7-47d1-ae5d-d91685e73095" keyPath="$USER_HOME$/.ssh/id_rsa" port="22" customName="crvs-carinova.nl" nameFormat="CUSTOM" username="carinova">
        <option name="customName" value="crvs-carinova.nl" />
      </sshConfig>
      <sshConfig connectionConfig="{&quot;serverAliveInterval&quot;:300}" host="crvs-dekap.nl" id="9bdb806a-42c7-4b30-be3d-ddcbbcf6b681" keyPath="$USER_HOME$/.ssh/id_rsa" port="22" customName="crvs-dekap.nl" nameFormat="CUSTOM" username="dekap">
        <option name="customName" value="crvs-dekap.nl" />
      </sshConfig>
      <sshConfig connectionConfig="{&quot;serverAliveInterval&quot;:300}" host="crvs-evenmens.nl" id="9cdc18bf-bdef-4ae4-b4df-d38d06419f32" keyPath="$USER_HOME$/.ssh/id_rsa" port="22" customName="crvs-evenmens.nl" nameFormat="CUSTOM" username="evenmens">
        <option name="customName" value="crvs-evenmens.nl" />
      </sshConfig>
      <sshConfig connectionConfig="{&quot;serverAliveInterval&quot;:300}" host="crvs-handjehelpen.nl" id="898fb283-9982-4710-b8df-09e675738bae" keyPath="$USER_HOME$/.ssh/id_rsa" port="22" customName="crvs-handjehelpen.nl" nameFormat="CUSTOM" username="handje">
        <option name="customName" value="crvs-handjehelpen.nl" />
      </sshConfig>
      <sshConfig connectionConfig="{&quot;serverAliveInterval&quot;:300}" host="crvs-impacter.nl" id="bb63609b-bdef-433f-b1e1-05f6b89b5d04" keyPath="$USER_HOME$/.ssh/id_rsa" port="22" customName="crvs-impacter.nl" nameFormat="CUSTOM" username="impacter">
        <option name="customName" value="crvs-impacter.nl" />
      </sshConfig>
      <sshConfig connectionConfig="{&quot;serverAliveInterval&quot;:300}" host="crvs-manteling.nl" id="7770b1d0-3c73-41da-95d9-2843a6c040e2" keyPath="$USER_HOME$/.ssh/id_rsa" port="22" customName="crvs-manteling.nl" nameFormat="CUSTOM" username="manteling">
        <option name="customName" value="crvs-manteling.nl" />
      </sshConfig>
      <sshConfig connectionConfig="{&quot;serverAliveInterval&quot;:300}" host="crvs-markant.nl" id="0160192b-2f7c-48d1-a3d8-18534135f706" keyPath="$USER_HOME$/.ssh/id_rsa" port="22" customName="crvs-markant.nl" nameFormat="CUSTOM" username="markant">
        <option name="customName" value="crvs-markant.nl" />
      </sshConfig>
      <sshConfig connectionConfig="{&quot;serverAliveInterval&quot;:300}" host="crvs-meandergroep.nl" id="5491d930-90c7-423f-b594-0046beae428c" keyPath="$USER_HOME$/.ssh/id_rsa" port="22" customName="crvs-meandergroep.nl" nameFormat="CUSTOM" username="meander">
        <option name="customName" value="crvs-meandergroep.nl" />
      </sshConfig>
      <sshConfig connectionConfig="{&quot;serverAliveInterval&quot;:300}" host="crvs-sustvarius.nl" id="ce37a113-e6cf-48de-8f0d-5e6e206b1b25" keyPath="$USER_HOME$/.ssh/id_rsa" port="22" customName="crvs-sustvarius.nl" nameFormat="CUSTOM" username="sustva">
        <option name="customName" value="crvs-sustvarius.nl" />
      </sshConfig>
      <sshConfig connectionConfig="{&quot;serverAliveInterval&quot;:300}" host="crvs-vmca.nl" id="1da197ba-e392-4f8a-b21b-34743fcc8bf9" keyPath="$USER_HOME$/.ssh/id_rsa" port="22" customName="crvs-vmca.nl" nameFormat="CUSTOM" username="vmca">
        <option name="customName" value="crvs-vmca.nl" />
      </sshConfig>
      <sshConfig host="crvs-vriendendiensten.nl" id="46284e78-b831-43c9-98ea-2b191d2005a6" keyPath="$USER_HOME$/.ssh/id_rsa" port="22" customName="crvs-vriendendiensten.nl" nameFormat="CUSTOM" username="vrienden">
        <option name="customName" value="crvs-vriendendiensten.nl" />
      </sshConfig>
      <sshConfig connectionConfig="{&quot;serverAliveInterval&quot;:300}" host="crvs-zwd.nl" id="11f957d6-f2fb-468f-8c93-e3767364c72c" keyPath="$USER_HOME$/.ssh/id_rsa" port="22" customName="crvs-zwd.nl" nameFormat="CUSTOM" username="zwolle">
        <option name="customName" value="crvs-zwd.nl" />
      </sshConfig>
      <sshConfig host="crvs-zwd.nl" id="8bfebc42-baa2-4d45-aad7-447003efc7d2" keyPath="$USER_HOME$/.ssh/id_rsa" port="22" customName="crvs-zwd.nl staging" nameFormat="CUSTOM" username="zwolle">
        <option name="customName" value="crvs-zwd.nl staging" />
      </sshConfig>
      <sshConfig connectionConfig="{&quot;serverAliveInterval&quot;:300}" host="crvs.nu" id="8c7055d8-bd28-447a-8cd5-5ee67e6ff2e9" keyPath="$USER_HOME$/.ssh/id_rsa" port="22" customName="crvs.nu" nameFormat="CUSTOM" username="crvsnu">
        <option name="customName" value="crvs.nu" />
      </sshConfig>
      <sshConfig host="crvs.wmomo.nl" id="2abefd00-f3d0-4ef6-81ef-a7da50644f39" keyPath="$USER_HOME$/.ssh/id_rsa" port="60000" customName="crvs.wmomo.nl" nameFormat="CUSTOM" username="wmomo">
        <option name="customName" value="crvs.wmomo.nl" />
      </sshConfig>
      <sshConfig connectionConfig="{&quot;serverAliveInterval&quot;:300}" host="crvs-test.local" id="ce35e416-0242-4d1b-ae60-b282744e6e47" keyPath="$USER_HOME$/.ssh/id_rsa" port="22" nameFormat="DESCRIPTIVE" username="crvstest" />
      <sshConfig connectionConfig="{&quot;serverAliveInterval&quot;:300}" host="docs.sebwite.nl" id="6e642341-b198-433e-8642-311051497f27" keyPath="$USER_HOME$/.ssh/id_rsa" port="60000" customName="docs-sebwite@docs.sebwite.nl" nameFormat="CUSTOM">
        <option name="customName" value="docs-sebwite@docs.sebwite.nl" />
      </sshConfig>
      <sshConfig connectionConfig="{&quot;serverAliveInterval&quot;:300}" host="crvs-mantelzorgsteunpuntrucphen.nl" id="4b95f610-5684-4b7b-bf1a-65efa7cd8237" keyPath="$USER_HOME$/.ssh/id_rsa" port="22" nameFormat="DESCRIPTIVE" username="groenhuyse" />
      <sshConfig connectionConfig="{&quot;serverAliveInterval&quot;:300}" host="meerenduin.nl" id="c878a929-1f8e-46d3-a947-ce39e69b865a" keyPath="$USER_HOME$/.ssh/id_rsa" port="22" nameFormat="DESCRIPTIVE" username="meerenduin" />
      <sshConfig connectionConfig="{&quot;serverAliveInterval&quot;:300}" host="packages.radic.ninja" id="7afffc3e-8bd3-4fa4-b161-cadd84e0ae88" keyPath="$USER_HOME$/.ssh/id_rsa" port="60000" customName="packages.radic.ninja" nameFormat="CUSTOM" username="radic-ninja">
        <option name="customName" value="packages.radic.ninja" />
      </sshConfig>
      <sshConfig connectionConfig="{&quot;serverAliveInterval&quot;:300}" host="packages.wmomo.nl" id="a053b919-94cc-4f31-ad08-fdd098fdaa46" keyPath="$USER_HOME$/.ssh/id_rsa" port="60000" customName="packages.wmomo.nl" nameFormat="CUSTOM" username="wmomo-packages">
        <option name="customName" value="packages.wmomo.nl" />
      </sshConfig>
      <sshConfig connectionConfig="{&quot;serverAliveInterval&quot;:300}" host="py.radic.ninja" id="b776a656-e1e8-4e9d-b986-7a683b6b325c" keyPath="$USER_HOME$/.ssh/id_rsa" port="60000" customName="py.radic.ninja" nameFormat="CUSTOM" username="radic-ninja">
        <option name="customName" value="py.radic.ninja" />
      </sshConfig>
      <sshConfig connectionConfig="{&quot;serverAliveInterval&quot;:300}" host="packages.radic.ninja" id="c19c9a15-5203-4449-9dbe-dec37201981b" keyPath="$USER_HOME$/.ssh/id_rsa" port="60000" customName="radic.ninja" nameFormat="CUSTOM" username="radic-ninja">
        <option name="customName" value="radic.ninja" />
      </sshConfig>
      <sshConfig host="radic.ninja" id="194120f3-13f9-49c2-b3aa-6e887e9165c8" keyPath="$USER_HOME$/.ssh/id_rsa" port="60000" nameFormat="DESCRIPTIVE" username="radic" />
      <sshConfig host="sentry.wmomo.nl" id="9fe269f6-c69a-41f3-aad5-0a4dab8b2354" keyPath="$USER_HOME$/.ssh/id_rsa" port="60000" nameFormat="DESCRIPTIVE" username="root" />
      <sshConfig connectionConfig="{&quot;serverAliveInterval&quot;:300}" host="samenleeuwarden.nl" id="adf8a9c4-a991-4d3c-a60a-8c33cc538987" keyPath="$USER_HOME$/.ssh/id_rsa" port="22" customName="samenleeuwarden.nl" nameFormat="CUSTOM" username="leeuwarden">
        <option name="customName" value="samenleeuwarden.nl" />
      </sshConfig>
      <sshConfig connectionConfig="{&quot;serverAliveInterval&quot;:300}" host="116.203.131.120" id="d79c9a5e-3d2f-4971-9b58-768bf4c42cdb" keyPath="$USER_HOME$/.ssh/id_rsa" port="60000" customName="wmomo-nl@devops" nameFormat="CUSTOM" username="wmomo-nl">
        <option name="customName" value="wmomo-nl@devops" />
      </sshConfig>
      <sshConfig host="crvs.wmomotest.nl" id="a46c71b9-2bd5-4d6a-8c70-42cef3da3f58" keyPath="$USER_HOME$/.ssh/id_rsa" port="60000" nameFormat="DESCRIPTIVE" username="wmomo-plesk" />
      <sshConfig connectionConfig="{&quot;serverAliveInterval&quot;:300}" host="crvs.wmomo.nl" id="692e72d9-2ee3-4a2a-97fd-fbd68cfabd8e" keyPath="$USER_HOME$/.ssh/id_rsa" port="60000" customName="wmomo.nl" nameFormat="CUSTOM" username="wmomo">
        <option name="customName" value="wmomo.nl" />
      </sshConfig>
      <sshConfig connectionConfig="{&quot;serverAliveInterval&quot;:300}" host="116.203.131.120" id="00c889fd-2809-43e8-8528-b67b0e849f50" keyPath="$USER_HOME$/.ssh/id_rsa" port="60000" customName="wmomotest-nl@devops" nameFormat="CUSTOM" username="wmomotest-nl">
        <option name="customName" value="wmomotest-nl@devops" />
      </sshConfig>
      <sshConfig connectionConfig="{&quot;serverAliveInterval&quot;:300}" host="wmomotest.nl" id="5769b45c-a8a2-44c9-8439-9666bc34e55b" keyPath="$USER_HOME$/.ssh/id_rsa" port="60000" customName="wmomotest.nl" nameFormat="CUSTOM" username="wmomo-plesk">
        <option name="customName" value="wmomotest.nl" />
      </sshConfig>
      <sshConfig host="zwolle.wmomotest.nl" id="a27f7b6b-fe8e-4f18-8d29-f809e38c832e" keyPath="$USER_HOME$/.ssh/id_rsa" port="60000" customName="wmomotest.nl crvs" nameFormat="CUSTOM" username="wmomo-plesk">
        <option name="customName" value="wmomotest.nl crvs" />
      </sshConfig>
      <sshConfig connectionConfig="{&quot;serverAliveInterval&quot;:300}" host="zwolle.wmomotest.nl" id="8d6cf774-e4bc-4052-ac28-baff5294434c" keyPath="$USER_HOME$/.ssh/id_rsa" port="60000" customName="wmomotest.nl markant" nameFormat="CUSTOM" username="wmomo-plesk">
        <option name="customName" value="wmomotest.nl markant" />
      </sshConfig>
      <sshConfig connectionConfig="{&quot;serverAliveInterval&quot;:300}" host="markant-dev.wmomotest.nl" id="f0b27b0f-bdc3-45d1-8bfe-46484f21f190" keyPath="$USER_HOME$/.ssh/id_rsa" port="60000" customName="wmomotest.nl markant-dev" nameFormat="CUSTOM" username="wmomo-plesk">
        <option name="customName" value="wmomotest.nl markant-dev" />
      </sshConfig>
      <sshConfig connectionConfig="{&quot;serverAliveInterval&quot;:300}" host="sustvarius.wmomotest.nl" id="b32a5b29-27a5-4489-b0ed-08d7a5c381c4" keyPath="$USER_HOME$/.ssh/id_rsa" port="60000" customName="wmomotest.nl sustvarius" nameFormat="CUSTOM" username="wmomo-plesk">
        <option name="customName" value="wmomotest.nl sustvarius" />
      </sshConfig>
      <sshConfig host="zwolle.wmomotest.nl" id="99296416-dd08-4761-b417-aaca52b31871" keyPath="$USER_HOME$/.ssh/id_rsa" port="60000" customName="wmomotest.nl zwolle" nameFormat="CUSTOM" username="wmomo-plesk">
        <option name="customName" value="wmomotest.nl zwolle" />
      </sshConfig>
      <sshConfig connectionConfig="{&quot;serverAliveInterval&quot;:300}" host="staging.crvs-zwd.nl" id="7829df74-e041-4b38-9230-aa4060c9785d" keyPath="$USER_HOME$/.ssh/id_rsa" port="22" nameFormat="DESCRIPTIVE" username="zwolle" />
    </configs>
  </component>
</application>