<application>
  <component name="Trusted.Paths">
    <option name="TRUSTED_PROJECT_PATHS">
      <map>
        <entry key="$USER_HOME$/projects/@radic" value="true" />
        <entry key="$USER_HOME$/projects/admino" value="true" />
        <entry key="$USER_HOME$/projects/cms" value="true" />
        <entry key="$USER_HOME$/projects/codex" value="true" />
        <entry key="$USER_HOME$/projects/codex-old" value="true" />
        <entry key="$USER_HOME$/projects/codex-v2" value="true" />
        <entry key="$USER_HOME$/projects/codex-v2.prod" value="true" />
        <entry key="$USER_HOME$/projects/codex-v2/packages/codex/core/.git" value="true" />
        <entry key="$USER_HOME$/projects/codex.radic.dev" value="true" />
        <entry key="$USER_HOME$/projects/crm" value="true" />
        <entry key="$USER_HOME$/projects/crvs" value="true" />
        <entry key="$USER_HOME$/projects/crvs-klantportaal" value="true" />
        <entry key="$USER_HOME$/projects/filament" value="true" />
        <entry key="$USER_HOME$/projects/laradic9" value="true" />
        <entry key="$USER_HOME$/projects/moonshine" value="true" />
        <entry key="$USER_HOME$/projects/moonshine/vendor/ijpatricio/mingle/resources/js" value="true" />
        <entry key="$USER_HOME$/projects/nova" value="true" />
        <entry key="$USER_HOME$/projects/nova-app" value="true" />
        <entry key="$USER_HOME$/projects/oaty-racing/backend" value="true" />
        <entry key="$USER_HOME$/projects/oaty-racing/pyrocms" value="true" />
        <entry key="$USER_HOME$/projects/oaty.racing" value="true" />
        <entry key="$USER_HOME$/projects/streams" value="true" />
        <entry key="$USER_HOME$/projects/streams-dev" value="true" />
        <entry key="$USER_HOME$/projects/streams.dev" value="true" />
        <entry key="/mnt/radic-dev/home/radic/www/supervisor.radic.dev" value="true" />
        <entry key="/mnt/radic-dev/home/radic/www/supervisord-monitor" value="true" />
        <entry key="/mnt/root-radic-dev/root" value="true" />
        <entry key="/usr/share/radic-term" value="true" />
      </map>
    </option>
  </component>
  <component name="Trusted.Paths.Settings">
    <option name="TRUSTED_PATHS">
      <list>
        <option value="$USER_HOME$/projects" />
        <option value="/mnt/root-radic-dev" />
        <option value="/mnt/radic-dev/home/radic/www" />
      </list>
    </option>
  </component>
</application>