<application>
  <component name="UpdatesConfigurable">
    <ignoredBuildNumbers>
      <item value="193.5662.53" />
    </ignoredBuildNumbers>
    <option name="LAST_BUILD_CHECKED" value="IU-242.23726.103" />
    <option name="LAST_TIME_CHECKED" value="1737396256125" />
    <option name="OBSOLETE_CUSTOM_REPOSITORIES_CLEAN_NEEDED" value="false" />
    <pluginHosts>
      <item value="https://plugins.jetbrains.com/plugins/LEGACY/7896" />
    </pluginHosts>
    <option name="THIRD_PARTY_PLUGINS_ALLOWED" value="true" />
    <option name="WHATS_NEW_SHOWN_FOR" value="242" />
  </component>
</application>