<application>
  <component name="DimensionService">
    <location key="find.popup.3840.0.3840.2160" x="5445" y="159" />
    <location key="find.popup.0.0.3840.2160" x="1629" y="255" />
    <location key="find.popup.3840.78.3840.2160" x="5446" y="238" />
    <location key="find.popup.7680.0.3840.2160" x="9257" y="133" />
    <size key="find.popup.3840.0.3840.2160" width="645" height="590" />
    <size key="GridCell.Tab.0.left.3840.0.3840.2160" width="3774" height="617" />
    <size key="GridCell.Tab.0.center.3840.0.3840.2160" width="3774" height="617" />
    <size key="GridCell.Tab.0.right.3840.0.3840.2160" width="3774" height="617" />
    <size key="GridCell.Tab.0.bottom.3840.0.3840.2160" width="3774" height="617" />
    <size key="GridCell.Tab.1.left.3840.0.3840.2160" width="3757" height="804" />
    <size key="GridCell.Tab.1.center.3840.0.3840.2160" width="3757" height="804" />
    <size key="GridCell.Tab.1.right.3840.0.3840.2160" width="3757" height="804" />
    <size key="GridCell.Tab.1.bottom.3840.0.3840.2160" width="3757" height="804" />
    <size key="GridCell.Tab.2.left.3840.0.3840.2160" width="3798" height="849" />
    <size key="GridCell.Tab.2.center.3840.0.3840.2160" width="3798" height="849" />
    <size key="GridCell.Tab.2.right.3840.0.3840.2160" width="3798" height="849" />
    <size key="GridCell.Tab.2.bottom.3840.0.3840.2160" width="3798" height="849" />
    <size key="GridCell.Tab.-1.left.3840.0.3840.2160" width="3798" height="849" />
    <size key="GridCell.Tab.-1.center.3840.0.3840.2160" width="3798" height="849" />
    <size key="GridCell.Tab.-1.right.3840.0.3840.2160" width="3798" height="849" />
    <size key="GridCell.Tab.-1.bottom.3840.0.3840.2160" width="3798" height="849" />
    <size key="GridCell.Tab.0.left.0.0.3840.2160" width="2812" height="663" />
    <size key="GridCell.Tab.0.center.0.0.3840.2160" width="2812" height="663" />
    <size key="GridCell.Tab.0.right.0.0.3840.2160" width="2812" height="663" />
    <size key="GridCell.Tab.0.bottom.0.0.3840.2160" width="2812" height="663" />
    <size key="GridCell.Tab.1.left.0.0.3840.2160" width="3798" height="806" />
    <size key="GridCell.Tab.1.center.0.0.3840.2160" width="3798" height="806" />
    <size key="GridCell.Tab.1.right.0.0.3840.2160" width="3798" height="806" />
    <size key="GridCell.Tab.1.bottom.0.0.3840.2160" width="3798" height="806" />
    <size key="find.popup.0.0.3840.2160" width="741" height="835" />
    <size key="GridCell.Tab.0.left.3840.78.3840.2160" width="3757" height="490" />
    <size key="GridCell.Tab.0.center.3840.78.3840.2160" width="3757" height="490" />
    <size key="GridCell.Tab.0.right.3840.78.3840.2160" width="3757" height="490" />
    <size key="GridCell.Tab.0.bottom.3840.78.3840.2160" width="3757" height="490" />
    <size key="GridCell.Tab.1.left.3840.78.3840.2160" width="3757" height="788" />
    <size key="GridCell.Tab.1.center.3840.78.3840.2160" width="3757" height="788" />
    <size key="GridCell.Tab.1.right.3840.78.3840.2160" width="3757" height="788" />
    <size key="GridCell.Tab.1.bottom.3840.78.3840.2160" width="3757" height="788" />
    <size key="find.popup.3840.78.3840.2160" width="748" height="882" />
    <size key="GridCell.Tab.0.left.7680.0.3840.2160" width="3798" height="806" />
    <size key="GridCell.Tab.0.center.7680.0.3840.2160" width="3798" height="806" />
    <size key="GridCell.Tab.0.right.7680.0.3840.2160" width="3798" height="806" />
    <size key="GridCell.Tab.0.bottom.7680.0.3840.2160" width="3798" height="806" />
    <size key="find.popup.7680.0.3840.2160" width="579" height="488" />
  </component>
  <component name="WindowManager">
    <frame x="3840" y="25" width="3840" height="2110" extendedState="6" />
  </component>
  <component name="WindowStateApplicationService">
    <state width="898" height="141" key="ShowUsagesActions.dimensionServiceKey" timestamp="1733751295848">
      <screen x="3840" y="0" width="3840" height="2160" />
    </state>
    <state width="898" height="141" key="ShowUsagesActions.dimensionServiceKey/3840.0.3840.2160/42.25.3798.2110" timestamp="1733751295848" />
  </component>
</application>