<keymap version="1" name="normaal" parent="Default for XWin">
  <action id="$Redo">
    <keyboard-shortcut first-keystroke="shift alt back_space" />
    <keyboard-shortcut first-keystroke="ctrl y" />
  </action>
  <action id="ActivateAtlassianToolWindow">
    <keyboard-shortcut first-keystroke="alt 6" />
  </action>
  <action id="ActivateFavoritesToolWindow">
    <keyboard-shortcut first-keystroke="alt 3" />
  </action>
  <action id="ActivateFindToolWindow" />
  <action id="ActivateGruntToolWindow">
    <keyboard-shortcut first-keystroke="alt 2" />
  </action>
  <action id="ActivateRunToolWindow" />
  <action id="ActivateStructureToolWindow">
    <keyboard-shortcut first-keystroke="alt 4" />
  </action>
  <action id="ActivateTODOToolWindow" />
  <action id="AddToFavoritesPopup" />
  <action id="CaptureCPUUsageData">
    <keyboard-shortcut first-keystroke="shift ctrl o" />
  </action>
  <action id="ChooseDebugConfiguration">
    <keyboard-shortcut first-keystroke="shift f4" />
    <keyboard-shortcut first-keystroke="shift ctrl f5" />
  </action>
  <action id="ChooseRunConfiguration" />
  <action id="CloseContent">
    <keyboard-shortcut first-keystroke="ctrl f4" />
    <keyboard-shortcut first-keystroke="alt x" />
  </action>
  <action id="CodeCleanup">
    <keyboard-shortcut first-keystroke="windows" second-keystroke="c" />
  </action>
  <action id="CollapseDocComments">
    <keyboard-shortcut first-keystroke="ctrl back_quote" />
  </action>
  <action id="Console.TableResult.DeleteRows" />
  <action id="Console.TableResult.EditFilterCriteria" />
  <action id="CopyElement" />
  <action id="DBNavigator.Actions.SourceEditor.Save" />
  <action id="Debug">
    <keyboard-shortcut first-keystroke="f5" />
  </action>
  <action id="Debugger.EditTypeSource" />
  <action id="DomCollectionControl.Edit" />
  <action id="DomElementsTreeView.GotoDomElementDeclarationAction" />
  <action id="EditSource" />
  <action id="EditSourceInNewWindow" />
  <action id="Editor Redo">
    <keyboard-shortcut first-keystroke="ctrl y" />
  </action>
  <action id="EditorDeleteLine" />
  <action id="EvaluateExpression">
    <keyboard-shortcut first-keystroke="alt f8" />
    <keyboard-shortcut first-keystroke="shift ctrl alt e" />
  </action>
  <action id="ExpressionTypeInfo" />
  <action id="ForceStepOver">
    <keyboard-shortcut first-keystroke="shift alt f8" />
    <keyboard-shortcut first-keystroke="shift ctrl numpad2" />
  </action>
  <action id="Git.Branches">
    <keyboard-shortcut first-keystroke="ctrl alt b" />
  </action>
  <action id="Git.Tag">
    <keyboard-shortcut first-keystroke="shift ctrl t" />
  </action>
  <action id="GoFmtFileAction" />
  <action id="GotoImplementation">
    <mouse-shortcut keystroke="control alt button1" />
  </action>
  <action id="GotoTest" />
  <action id="HideAllWindows" />
  <action id="HtmlTableCellNavigateDown" />
  <action id="HtmlTableCellNavigateLeft" />
  <action id="HtmlTableCellNavigateRight" />
  <action id="Images.ShowThumbnails" />
  <action id="IntroduceField" />
  <action id="Macro.fix-tslint">
    <keyboard-shortcut first-keystroke="windows" second-keystroke="f" />
  </action>
  <action id="Macro.format-and-phpcsfixer">
    <keyboard-shortcut first-keystroke="shift alt f" />
  </action>
  <action id="PhpListenDebugAction">
    <keyboard-shortcut first-keystroke="shift f5" />
  </action>
  <action id="PublishGroup.SyncLocalVsRemoteWith">
    <keyboard-shortcut first-keystroke="ctrl alt numpad8" />
  </action>
  <action id="QuickChangeScheme" />
  <action id="QuickList.tools">
    <keyboard-shortcut first-keystroke="alt f" />
  </action>
  <action id="ReformatCode">
    <keyboard-shortcut first-keystroke="ctrl alt l" />
    <keyboard-shortcut first-keystroke="ctrl alt f" />
  </action>
  <action id="Refresh" />
  <action id="RemoteHostView.EditSource" />
  <action id="Rerun" />
  <action id="Run">
    <keyboard-shortcut first-keystroke="f4" />
  </action>
  <action id="ShowReformatFileDialog">
    <keyboard-shortcut first-keystroke="shift ctrl alt l" />
    <keyboard-shortcut first-keystroke="shift ctrl alt f" />
  </action>
  <action id="StepInto">
    <keyboard-shortcut first-keystroke="f7" />
    <keyboard-shortcut first-keystroke="shift ctrl alt right" />
    <keyboard-shortcut first-keystroke="ctrl numpad6" />
  </action>
  <action id="StepOut">
    <keyboard-shortcut first-keystroke="shift f8" />
    <keyboard-shortcut first-keystroke="shift ctrl alt left" />
    <keyboard-shortcut first-keystroke="ctrl numpad4" />
  </action>
  <action id="StepOver">
    <keyboard-shortcut first-keystroke="f8" />
    <keyboard-shortcut first-keystroke="shift ctrl alt down" />
    <keyboard-shortcut first-keystroke="ctrl numpad2" />
  </action>
  <action id="Stop">
    <keyboard-shortcut first-keystroke="ctrl f2" />
    <keyboard-shortcut first-keystroke="shift ctrl alt end" />
    <keyboard-shortcut first-keystroke="ctrl f5" />
  </action>
  <action id="StringManipulation.Sort">
    <keyboard-shortcut first-keystroke="alt s" />
  </action>
  <action id="SwitchApply">
    <keyboard-shortcut first-keystroke="shift alt enter" />
  </action>
  <action id="SwitchDown">
    <keyboard-shortcut first-keystroke="shift alt down" />
  </action>
  <action id="SwitchLeft">
    <keyboard-shortcut first-keystroke="shift alt left" />
  </action>
  <action id="SwitchRight">
    <keyboard-shortcut first-keystroke="shift alt right" />
  </action>
  <action id="SwitchUp">
    <keyboard-shortcut first-keystroke="shift alt up" />
  </action>
  <action id="TabSwitcherExtreme.NextTab" />
  <action id="ThePlugin.ShowHideMainToolWindow" />
  <action id="UML.ApplyCurrentLayout" />
  <action id="UsageView.Rerun" />
  <action id="Vcs.Push">
    <keyboard-shortcut first-keystroke="shift ctrl k" />
    <keyboard-shortcut first-keystroke="shift ctrl p" />
  </action>
  <action id="VcsShowNextChangeMarker" />
  <action id="WebFont.ImportFont" />
  <action id="XDebugger.JumpToSource">
    <keyboard-shortcut first-keystroke="shift ctrl s" />
  </action>
  <action id="com.jetbrains.plugins.remotesdk.console.RunSshConsoleAction">
    <keyboard-shortcut first-keystroke="shift ctrl f12" />
  </action>
  <action id="format_code" />
</keymap>