<application>
  <component name="libraryTable">
    <library name="@radic/cli" type="javaScript">
      <properties>
        <option name="frameworkName" value="node_modules" />
      </properties>
      <CLASSES>
        <root url="file:///usr/local/share/nodejs/6.10.0/lib/node_modules/@radic/cli/dts" />
      </CLASSES>
      <JAVADOC />
      <SOURCES />
    </library>
    <library name="all" type="javaScript">
      <CLASSES>
        <root url="file://$APPLICATION_CONFIG_DIR$/javascript/extLibs/http_use.fontawesome.com_releases_v5.0.10_js_all.js" />
      </CLASSES>
      <JAVADOC />
      <SOURCES />
    </library>
    <library name="aurelia" type="javaScript">
      <properties>
        <sourceFilesUrls>
          <item url="file:///mnt/fat/node/aurelia-ts/jspm_packages/npm/aurelia-framework@1.0.6/aurelia-framework.js" />
        </sourceFilesUrls>
      </properties>
      <CLASSES>
        <root url="file:///mnt/fat/node/aurelia-ts/jspm_packages/npm/aurelia-framework@1.0.6/aurelia-framework.js" />
      </CLASSES>
      <JAVADOC />
      <SOURCES />
    </library>
    <library name="backbone-DefinitelyTyped" type="javaScript">
      <CLASSES>
        <root url="file://$APPLICATION_CONFIG_DIR$/javascript/extLibs/http_github.com_DefinitelyTyped_DefinitelyTyped_raw_master_types_backbone_index.d.ts" />
      </CLASSES>
      <JAVADOC />
      <SOURCES />
    </library>
    <library name="bootstrap" type="javaScript">
      <properties>
        <sourceFilesUrls>
          <item url="file://$APPLICATION_CONFIG_DIR$/javascript/extLibs/http_bootswatch.com__vendor_bootstrap_dist_js_bootstrap.js" />
          <item url="file://$APPLICATION_CONFIG_DIR$/javascript/extLibs/http_stackpath.bootstrapcdn.com_bootstrap_4.3.1_js_bootstrap.js" />
        </sourceFilesUrls>
      </properties>
      <CLASSES>
        <root url="file://$APPLICATION_CONFIG_DIR$/javascript/extLibs/http_bootswatch.com__vendor_bootstrap_dist_js_bootstrap.js" />
        <root url="file://$APPLICATION_CONFIG_DIR$/javascript/extLibs/http_maxcdn.bootstrapcdn.com_bootstrap_3.3.6_js_bootstrap.js" />
        <root url="file://$APPLICATION_CONFIG_DIR$/javascript/extLibs/http_maxcdn.bootstrapcdn.com_bootstrap_4.0.0-beta.2_js_bootstrap.js" />
        <root url="file://$APPLICATION_CONFIG_DIR$/javascript/extLibs/http_stackpath.bootstrapcdn.com_bootstrap_4.3.1_js_bootstrap.js" />
      </CLASSES>
      <JAVADOC />
      <SOURCES />
    </library>
    <library name="browser" type="javaScript">
      <CLASSES>
        <root url="file://$APPLICATION_CONFIG_DIR$/javascript/extLibs/http_unpkg.com_debug@3.1.0_src_browser.js" />
      </CLASSES>
      <JAVADOC />
      <SOURCES />
    </library>
    <library name="custom" type="javaScript">
      <properties>
        <sourceFilesUrls>
          <item url="file://$APPLICATION_CONFIG_DIR$/javascript/extLibs/http_bootswatch.com__assets_js_custom.js" />
        </sourceFilesUrls>
      </properties>
      <CLASSES>
        <root url="file://$APPLICATION_CONFIG_DIR$/javascript/extLibs/http_bootswatch.com__assets_js_custom.js" />
      </CLASSES>
      <JAVADOC />
      <SOURCES />
    </library>
    <library name="custom-elements-es5-adapter" type="javaScript">
      <CLASSES>
        <root url="file://$APPLICATION_CONFIG_DIR$/javascript/extLibs/http_cdnjs.cloudflare.com_ajax_libs_webcomponentsjs_1.2.0_custom-elements-es5-adapter.js" />
      </CLASSES>
      <JAVADOC />
      <SOURCES />
    </library>
    <library name="gradle-5.4.1-source">
      <CLASSES />
      <JAVADOC />
      <SOURCES>
        <root url="file:///usr/local/share/gradle-5.4.1/samples/antlr/groovy/src/test/java" />
        <root url="file:///usr/local/share/gradle-5.4.1/samples/antlr/kotlin/src/test/java" />
        <root url="file:///usr/local/share/gradle-5.4.1/samples/application/groovy/src/main/java" />
        <root url="file:///usr/local/share/gradle-5.4.1/samples/application/kotlin/src/main/java" />
        <root url="file:///usr/local/share/gradle-5.4.1/samples/buildDashboard/groovy/src/main/java" />
        <root url="file:///usr/local/share/gradle-5.4.1/samples/buildDashboard/kotlin/src/main/java" />
        <root url="file:///usr/local/share/gradle-5.4.1/samples/clientModuleDependencies/shared/src/main/java" />
        <root url="file:///usr/local/share/gradle-5.4.1/samples/codeQuality/groovy/src/main/java" />
        <root url="file:///usr/local/share/gradle-5.4.1/samples/codeQuality/kotlin/src/main/java" />
        <root url="file:///usr/local/share/gradle-5.4.1/samples/compositeBuilds/basic/groovy/my-app/src/main/java" />
        <root url="file:///usr/local/share/gradle-5.4.1/samples/compositeBuilds/basic/groovy/my-utils/number-utils/src/main/java" />
        <root url="file:///usr/local/share/gradle-5.4.1/samples/compositeBuilds/basic/groovy/my-utils/string-utils/src/main/java" />
        <root url="file:///usr/local/share/gradle-5.4.1/samples/compositeBuilds/basic/kotlin/my-app/src/main/java" />
        <root url="file:///usr/local/share/gradle-5.4.1/samples/compositeBuilds/basic/kotlin/my-utils/number-utils/src/main/java" />
        <root url="file:///usr/local/share/gradle-5.4.1/samples/compositeBuilds/basic/kotlin/my-utils/string-utils/src/main/java" />
        <root url="file:///usr/local/share/gradle-5.4.1/samples/compositeBuilds/declared-substitution/groovy/anonymous-library/src/main/java" />
        <root url="file:///usr/local/share/gradle-5.4.1/samples/compositeBuilds/declared-substitution/groovy/my-app/src/main/java" />
        <root url="file:///usr/local/share/gradle-5.4.1/samples/compositeBuilds/declared-substitution/kotlin/anonymous-library/src/main/java" />
        <root url="file:///usr/local/share/gradle-5.4.1/samples/compositeBuilds/declared-substitution/kotlin/my-app/src/main/java" />
        <root url="file:///usr/local/share/gradle-5.4.1/samples/compositeBuilds/hierarchical-multirepo/groovy/modules/number-utils/src/main/java" />
        <root url="file:///usr/local/share/gradle-5.4.1/samples/compositeBuilds/hierarchical-multirepo/groovy/modules/string-utils/src/main/java" />
        <root url="file:///usr/local/share/gradle-5.4.1/samples/compositeBuilds/hierarchical-multirepo/groovy/src/main/java" />
        <root url="file:///usr/local/share/gradle-5.4.1/samples/compositeBuilds/hierarchical-multirepo/kotlin/modules/number-utils/src/main/java" />
        <root url="file:///usr/local/share/gradle-5.4.1/samples/compositeBuilds/hierarchical-multirepo/kotlin/modules/string-utils/src/main/java" />
        <root url="file:///usr/local/share/gradle-5.4.1/samples/compositeBuilds/hierarchical-multirepo/kotlin/src/main/java" />
        <root url="file:///usr/local/share/gradle-5.4.1/samples/compositeBuilds/plugin-dev/groovy/greeting-plugin/src/main/java" />
        <root url="file:///usr/local/share/gradle-5.4.1/samples/compositeBuilds/plugin-dev/kotlin/greeting-plugin/src/main/java" />
        <root url="file:///usr/local/share/gradle-5.4.1/samples/ear/earCustomized/groovy/war/src/main/java" />
        <root url="file:///usr/local/share/gradle-5.4.1/samples/ear/earCustomized/kotlin/war/src/main/java" />
        <root url="file:///usr/local/share/gradle-5.4.1/samples/ear/earWithWar/groovy/war/src/main/java" />
        <root url="file:///usr/local/share/gradle-5.4.1/samples/ear/earWithWar/kotlin/war/src/main/java" />
        <root url="file:///usr/local/share/gradle-5.4.1/samples/groovy/crossCompilation/groovy/src/main/groovy" />
        <root url="file:///usr/local/share/gradle-5.4.1/samples/groovy/crossCompilation/groovy/src/main/java" />
        <root url="file:///usr/local/share/gradle-5.4.1/samples/groovy/crossCompilation/kotlin/src/main/groovy" />
        <root url="file:///usr/local/share/gradle-5.4.1/samples/groovy/crossCompilation/kotlin/src/main/java" />
        <root url="file:///usr/local/share/gradle-5.4.1/samples/groovy/mixedJavaAndGroovy/src/main/groovy" />
        <root url="file:///usr/local/share/gradle-5.4.1/samples/groovy/mixedJavaAndGroovy/src/main/java" />
        <root url="file:///usr/local/share/gradle-5.4.1/samples/groovy/multiproject/groovycDetector/src/main/java" />
        <root url="file:///usr/local/share/gradle-5.4.1/samples/groovy/multiproject/testproject/src/main/groovy" />
        <root url="file:///usr/local/share/gradle-5.4.1/samples/groovy/multiproject/testproject/src/main/java" />
        <root url="file:///usr/local/share/gradle-5.4.1/samples/groovy/multiproject/testproject/src/test/groovy" />
        <root url="file:///usr/local/share/gradle-5.4.1/samples/groovy/multiproject/testproject/src/test/java" />
        <root url="file:///usr/local/share/gradle-5.4.1/samples/ivy-publish/conditional-publishing/src/main/java" />
        <root url="file:///usr/local/share/gradle-5.4.1/samples/ivypublish/src/main/java" />
        <root url="file:///usr/local/share/gradle-5.4.1/samples/ivypublish/subproject/src/main/java" />
        <root url="file:///usr/local/share/gradle-5.4.1/samples/java-library/multiproject/app/src/main/java" />
        <root url="file:///usr/local/share/gradle-5.4.1/samples/java-library/multiproject/core/src/main/java" />
        <root url="file:///usr/local/share/gradle-5.4.1/samples/java-library/multiproject/utils/src/main/java" />
        <root url="file:///usr/local/share/gradle-5.4.1/samples/java-library/quickstart/groovy/src/main/java/org/gradle" />
        <root url="file:///usr/local/share/gradle-5.4.1/samples/java-library/quickstart/kotlin/src/main/java/org/gradle" />
        <root url="file:///usr/local/share/gradle-5.4.1/samples/java-library/with-groovy/groovy/a/src/main/java" />
        <root url="file:///usr/local/share/gradle-5.4.1/samples/java-library/with-groovy/groovy/b/src/main/java" />
        <root url="file:///usr/local/share/gradle-5.4.1/samples/java-library/with-groovy/kotlin/a/src/main/java" />
        <root url="file:///usr/local/share/gradle-5.4.1/samples/java-library/with-groovy/kotlin/b/src/main/java" />
        <root url="file:///usr/local/share/gradle-5.4.1/samples/java/apiAndImpl/src/api/java" />
        <root url="file:///usr/local/share/gradle-5.4.1/samples/java/apiAndImpl/src/impl/java" />
        <root url="file:///usr/local/share/gradle-5.4.1/samples/java/apiAndImpl/src/test/java" />
        <root url="file:///usr/local/share/gradle-5.4.1/samples/java/apt/groovy/src/main/java" />
        <root url="file:///usr/local/share/gradle-5.4.1/samples/java/apt/kotlin/src/main/java" />
        <root url="file:///usr/local/share/gradle-5.4.1/samples/java/base/prod/java" />
        <root url="file:///usr/local/share/gradle-5.4.1/samples/java/base/test/java" />
        <root url="file:///usr/local/share/gradle-5.4.1/samples/java/crossCompilation/groovy/src/main/java" />
        <root url="file:///usr/local/share/gradle-5.4.1/samples/java/crossCompilation/groovy/src/test/java" />
        <root url="file:///usr/local/share/gradle-5.4.1/samples/java/crossCompilation/kotlin/src/main/java" />
        <root url="file:///usr/local/share/gradle-5.4.1/samples/java/crossCompilation/kotlin/src/test/java" />
        <root url="file:///usr/local/share/gradle-5.4.1/samples/java/customizedLayout/groovy/src/java" />
        <root url="file:///usr/local/share/gradle-5.4.1/samples/java/customizedLayout/groovy/test/java" />
        <root url="file:///usr/local/share/gradle-5.4.1/samples/java/customizedLayout/kotlin/src/java" />
        <root url="file:///usr/local/share/gradle-5.4.1/samples/java/customizedLayout/kotlin/test/java" />
        <root url="file:///usr/local/share/gradle-5.4.1/samples/java/incrementalAnnotationProcessing/library/src/main/java" />
        <root url="file:///usr/local/share/gradle-5.4.1/samples/java/incrementalAnnotationProcessing/processor/src/main/java" />
        <root url="file:///usr/local/share/gradle-5.4.1/samples/java/incrementalAnnotationProcessing/user/src/main/java" />
        <root url="file:///usr/local/share/gradle-5.4.1/samples/java/multiproject/groovy/api/src/main/java" />
        <root url="file:///usr/local/share/gradle-5.4.1/samples/java/multiproject/groovy/buildSrc/src/main/java" />
        <root url="file:///usr/local/share/gradle-5.4.1/samples/java/multiproject/groovy/buildSrc/src/test/java" />
        <root url="file:///usr/local/share/gradle-5.4.1/samples/java/multiproject/groovy/services/shared/src/main/java" />
        <root url="file:///usr/local/share/gradle-5.4.1/samples/java/multiproject/groovy/services/webservice/src/main/java" />
        <root url="file:///usr/local/share/gradle-5.4.1/samples/java/multiproject/groovy/services/webservice/src/test/java" />
        <root url="file:///usr/local/share/gradle-5.4.1/samples/java/multiproject/groovy/shared/src/main/java" />
        <root url="file:///usr/local/share/gradle-5.4.1/samples/java/multiproject/groovy/shared/src/test/java" />
        <root url="file:///usr/local/share/gradle-5.4.1/samples/java/multiproject/kotlin/api/src/main/java" />
        <root url="file:///usr/local/share/gradle-5.4.1/samples/java/multiproject/kotlin/buildSrc/src/main/java" />
        <root url="file:///usr/local/share/gradle-5.4.1/samples/java/multiproject/kotlin/buildSrc/src/test/java" />
        <root url="file:///usr/local/share/gradle-5.4.1/samples/java/multiproject/kotlin/services/shared/src/main/java" />
        <root url="file:///usr/local/share/gradle-5.4.1/samples/java/multiproject/kotlin/services/webservice/src/main/java" />
        <root url="file:///usr/local/share/gradle-5.4.1/samples/java/multiproject/kotlin/services/webservice/src/test/java" />
        <root url="file:///usr/local/share/gradle-5.4.1/samples/java/multiproject/kotlin/shared/src/main/java" />
        <root url="file:///usr/local/share/gradle-5.4.1/samples/java/multiproject/kotlin/shared/src/test/java" />
        <root url="file:///usr/local/share/gradle-5.4.1/samples/java/onlyif/src/main/java" />
        <root url="file:///usr/local/share/gradle-5.4.1/samples/java/onlyif/src/test/java" />
        <root url="file:///usr/local/share/gradle-5.4.1/samples/java/quickstart/groovy/src/main/java" />
        <root url="file:///usr/local/share/gradle-5.4.1/samples/java/quickstart/groovy/src/test/java" />
        <root url="file:///usr/local/share/gradle-5.4.1/samples/java/quickstart/kotlin/src/main/java" />
        <root url="file:///usr/local/share/gradle-5.4.1/samples/java/quickstart/kotlin/src/test/java" />
        <root url="file:///usr/local/share/gradle-5.4.1/samples/java/testListener/src/test/java" />
        <root url="file:///usr/local/share/gradle-5.4.1/samples/java/withIntegrationTests/src/integration-test/java" />
        <root url="file:///usr/local/share/gradle-5.4.1/samples/java/withIntegrationTests/src/main/java" />
        <root url="file:///usr/local/share/gradle-5.4.1/samples/java/withIntegrationTests/src/test/java" />
        <root url="file:///usr/local/share/gradle-5.4.1/samples/javaGradlePlugin/groovy/src/main/java" />
        <root url="file:///usr/local/share/gradle-5.4.1/samples/javaGradlePlugin/kotlin/src/main/java" />
        <root url="file:///usr/local/share/gradle-5.4.1/samples/jvmComponents/scala/src/main/scala" />
        <root url="file:///usr/local/share/gradle-5.4.1/samples/kotlinDsl/multiProjectBuild/http/src/main/java" />
        <root url="file:///usr/local/share/gradle-5.4.1/samples/maven-publish/conditional-publishing/groovy/src/main/java" />
        <root url="file:///usr/local/share/gradle-5.4.1/samples/maven-publish/conditional-publishing/kotlin/src/main/java" />
        <root url="file:///usr/local/share/gradle-5.4.1/samples/maven-publish/javaProject/groovy/subproject/src/main/java" />
        <root url="file:///usr/local/share/gradle-5.4.1/samples/maven-publish/javaProject/kotlin/subproject/src/main/java" />
        <root url="file:///usr/local/share/gradle-5.4.1/samples/maven-publish/quickstart/groovy/src/main/java" />
        <root url="file:///usr/local/share/gradle-5.4.1/samples/maven-publish/quickstart/kotlin/src/main/java" />
        <root url="file:///usr/local/share/gradle-5.4.1/samples/maven/pomGeneration/groovy/src/main/java" />
        <root url="file:///usr/local/share/gradle-5.4.1/samples/maven/pomGeneration/kotlin/src/main/java" />
        <root url="file:///usr/local/share/gradle-5.4.1/samples/maven/quickstart/groovy/src/main/java" />
        <root url="file:///usr/local/share/gradle-5.4.1/samples/maven/quickstart/kotlin/src/main/java" />
        <root url="file:///usr/local/share/gradle-5.4.1/samples/play/advanced/app" />
        <root url="file:///usr/local/share/gradle-5.4.1/samples/play/multiproject/modules/util/src/main/java" />
        <root url="file:///usr/local/share/gradle-5.4.1/samples/play/play-2.6/app" />
        <root url="file:///usr/local/share/gradle-5.4.1/samples/play/sourcesets/additional/java" />
        <root url="file:///usr/local/share/gradle-5.4.1/samples/play/sourcesets/extra/java" />
        <root url="file:///usr/local/share/gradle-5.4.1/samples/plugins/dslWithBuildSrc/groovy/buildSrc/src/main/java" />
        <root url="file:///usr/local/share/gradle-5.4.1/samples/plugins/dslWithBuildSrc/kotlin/buildSrc/src/main/java" />
        <root url="file:///usr/local/share/gradle-5.4.1/samples/plugins/publishing/groovy/src/main/java" />
        <root url="file:///usr/local/share/gradle-5.4.1/samples/plugins/publishing/kotlin/src/main/java" />
        <root url="file:///usr/local/share/gradle-5.4.1/samples/scala/crossCompilation/groovy/src/main/java" />
        <root url="file:///usr/local/share/gradle-5.4.1/samples/scala/crossCompilation/groovy/src/main/scala" />
        <root url="file:///usr/local/share/gradle-5.4.1/samples/scala/crossCompilation/kotlin/src/main/java" />
        <root url="file:///usr/local/share/gradle-5.4.1/samples/scala/crossCompilation/kotlin/src/main/scala" />
        <root url="file:///usr/local/share/gradle-5.4.1/samples/scala/mixedJavaAndScala/src/main/java" />
        <root url="file:///usr/local/share/gradle-5.4.1/samples/scala/mixedJavaAndScala/src/main/scala" />
        <root url="file:///usr/local/share/gradle-5.4.1/samples/signing/conditional/groovy/src/main/java" />
        <root url="file:///usr/local/share/gradle-5.4.1/samples/signing/conditional/kotlin/src/main/java" />
        <root url="file:///usr/local/share/gradle-5.4.1/samples/signing/gnupg-signatory/groovy/src/main/java" />
        <root url="file:///usr/local/share/gradle-5.4.1/samples/signing/gnupg-signatory/kotlin/src/main/java" />
        <root url="file:///usr/local/share/gradle-5.4.1/samples/signing/maven-publish/groovy/src/main/java" />
        <root url="file:///usr/local/share/gradle-5.4.1/samples/signing/maven-publish/kotlin/src/main/java" />
        <root url="file:///usr/local/share/gradle-5.4.1/samples/signing/maven/groovy/src/main/java" />
        <root url="file:///usr/local/share/gradle-5.4.1/samples/signing/maven/kotlin/src/main/java" />
        <root url="file:///usr/local/share/gradle-5.4.1/samples/testKit/gradleRunner/junitQuickstart/groovy/src/test/java" />
        <root url="file:///usr/local/share/gradle-5.4.1/samples/testKit/gradleRunner/junitQuickstart/kotlin/src/test/java" />
        <root url="file:///usr/local/share/gradle-5.4.1/samples/testing/filtering/groovy/src/test/java" />
        <root url="file:///usr/local/share/gradle-5.4.1/samples/testing/filtering/kotlin/src/test/java" />
        <root url="file:///usr/local/share/gradle-5.4.1/samples/testing/jacoco/application/groovy/src/main/java" />
        <root url="file:///usr/local/share/gradle-5.4.1/samples/testing/jacoco/application/kotlin/src/main/java" />
        <root url="file:///usr/local/share/gradle-5.4.1/samples/testing/jacoco/quickstart/groovy/src/main/java" />
        <root url="file:///usr/local/share/gradle-5.4.1/samples/testing/jacoco/quickstart/groovy/src/test/java" />
        <root url="file:///usr/local/share/gradle-5.4.1/samples/testing/jacoco/quickstart/kotlin/src/main/java" />
        <root url="file:///usr/local/share/gradle-5.4.1/samples/testing/jacoco/quickstart/kotlin/src/test/java" />
        <root url="file:///usr/local/share/gradle-5.4.1/samples/testing/junit/categories/groovy/src/test/java" />
        <root url="file:///usr/local/share/gradle-5.4.1/samples/testing/junit/categories/kotlin/src/test/java" />
        <root url="file:///usr/local/share/gradle-5.4.1/samples/testing/junitplatform/engine/groovy/src/test/java" />
        <root url="file:///usr/local/share/gradle-5.4.1/samples/testing/junitplatform/engine/kotlin/src/test/java" />
        <root url="file:///usr/local/share/gradle-5.4.1/samples/testing/junitplatform/jupiter/groovy/src/test/java" />
        <root url="file:///usr/local/share/gradle-5.4.1/samples/testing/junitplatform/jupiter/kotlin/src/test/java" />
        <root url="file:///usr/local/share/gradle-5.4.1/samples/testing/junitplatform/mix/groovy/src/test/java" />
        <root url="file:///usr/local/share/gradle-5.4.1/samples/testing/junitplatform/mix/kotlin/src/test/java" />
        <root url="file:///usr/local/share/gradle-5.4.1/samples/testing/junitplatform/tagging/groovy/src/main/java" />
        <root url="file:///usr/local/share/gradle-5.4.1/samples/testing/junitplatform/tagging/groovy/src/test/java" />
        <root url="file:///usr/local/share/gradle-5.4.1/samples/testing/junitplatform/tagging/kotlin/src/main/java" />
        <root url="file:///usr/local/share/gradle-5.4.1/samples/testing/junitplatform/tagging/kotlin/src/test/java" />
        <root url="file:///usr/local/share/gradle-5.4.1/samples/testing/testReport/groovy/core/src/test/java" />
        <root url="file:///usr/local/share/gradle-5.4.1/samples/testing/testReport/groovy/util/src/test/java" />
        <root url="file:///usr/local/share/gradle-5.4.1/samples/testing/testReport/kotlin/core/src/test/java" />
        <root url="file:///usr/local/share/gradle-5.4.1/samples/testing/testReport/kotlin/util/src/test/java" />
        <root url="file:///usr/local/share/gradle-5.4.1/samples/testing/testng/groupbyinstances/groovy/src/test/java" />
        <root url="file:///usr/local/share/gradle-5.4.1/samples/testing/testng/groupbyinstances/kotlin/src/test/java" />
        <root url="file:///usr/local/share/gradle-5.4.1/samples/testing/testng/groups/groovy/src/test/java" />
        <root url="file:///usr/local/share/gradle-5.4.1/samples/testing/testng/groups/kotlin/src/test/java" />
        <root url="file:///usr/local/share/gradle-5.4.1/samples/testing/testng/java-passing/src/main/java" />
        <root url="file:///usr/local/share/gradle-5.4.1/samples/testing/testng/java-passing/src/test/java" />
        <root url="file:///usr/local/share/gradle-5.4.1/samples/testing/testng/preserveorder/groovy/src/test/java" />
        <root url="file:///usr/local/share/gradle-5.4.1/samples/testing/testng/preserveorder/kotlin/src/test/java" />
        <root url="file:///usr/local/share/gradle-5.4.1/samples/testing/testng/suitexmlbuilder/src/main/java" />
        <root url="file:///usr/local/share/gradle-5.4.1/samples/testing/testng/suitexmlbuilder/src/test/java" />
        <root url="file:///usr/local/share/gradle-5.4.1/samples/toolingApi/customModel/plugin/src/main/java" />
        <root url="file:///usr/local/share/gradle-5.4.1/samples/toolingApi/customModel/tooling/src/main/java" />
        <root url="file:///usr/local/share/gradle-5.4.1/samples/toolingApi/eclipse/src/main/java" />
        <root url="file:///usr/local/share/gradle-5.4.1/samples/toolingApi/idea/src/main/java" />
        <root url="file:///usr/local/share/gradle-5.4.1/samples/toolingApi/model/src/main/java" />
        <root url="file:///usr/local/share/gradle-5.4.1/samples/toolingApi/runBuild/groovy/src/main/java" />
        <root url="file:///usr/local/share/gradle-5.4.1/samples/toolingApi/runBuild/kotlin/src/main/java" />
        <root url="file:///usr/local/share/gradle-5.4.1/samples/userguide/ant/useExternalAntTaskWithConfig/groovy/src" />
        <root url="file:///usr/local/share/gradle-5.4.1/samples/userguide/ant/useExternalAntTaskWithConfig/kotlin/src" />
        <root url="file:///usr/local/share/gradle-5.4.1/samples/userguide/antMigration/fileDeps/groovy/src/main/java" />
        <root url="file:///usr/local/share/gradle-5.4.1/samples/userguide/antMigration/fileDeps/kotlin/src/main/java" />
        <root url="file:///usr/local/share/gradle-5.4.1/samples/userguide/antMigration/importBuild/groovy/src" />
        <root url="file:///usr/local/share/gradle-5.4.1/samples/userguide/antMigration/importBuild/kotlin/src" />
        <root url="file:///usr/local/share/gradle-5.4.1/samples/userguide/antMigration/multiProject/groovy/util/src" />
        <root url="file:///usr/local/share/gradle-5.4.1/samples/userguide/antMigration/multiProject/groovy/web/src" />
        <root url="file:///usr/local/share/gradle-5.4.1/samples/userguide/antMigration/multiProject/kotlin/util/src" />
        <root url="file:///usr/local/share/gradle-5.4.1/samples/userguide/antMigration/multiProject/kotlin/web/src" />
        <root url="file:///usr/local/share/gradle-5.4.1/samples/userguide/bestPractices/conditionalLogic/do/groovy/buildSrc/src/main/java" />
        <root url="file:///usr/local/share/gradle-5.4.1/samples/userguide/bestPractices/conditionalLogic/do/kotlin/buildSrc/src/main/java" />
        <root url="file:///usr/local/share/gradle-5.4.1/samples/userguide/bestPractices/taskDefinition/groovy/buildSrc/src/main/java" />
        <root url="file:///usr/local/share/gradle-5.4.1/samples/userguide/bestPractices/taskDefinition/kotlin/buildSrc/src/main/java" />
        <root url="file:///usr/local/share/gradle-5.4.1/samples/userguide/dependencyManagement/managingTransitiveDependencies/excludeForAllConfigurations/src/main/java" />
        <root url="file:///usr/local/share/gradle-5.4.1/samples/userguide/dependencyManagement/managingTransitiveDependencies/excludeForConfiguration/groovy/src/main/java" />
        <root url="file:///usr/local/share/gradle-5.4.1/samples/userguide/dependencyManagement/managingTransitiveDependencies/excludeForConfiguration/kotlin/src/main/java" />
        <root url="file:///usr/local/share/gradle-5.4.1/samples/userguide/dependencyManagement/managingTransitiveDependencies/excludeForDependency/groovy/src/main/java" />
        <root url="file:///usr/local/share/gradle-5.4.1/samples/userguide/dependencyManagement/managingTransitiveDependencies/excludeForDependency/kotlin/src/main/java" />
        <root url="file:///usr/local/share/gradle-5.4.1/samples/userguide/dependencyManagement/managingTransitiveDependencies/unresolved/groovy/src/main/java" />
        <root url="file:///usr/local/share/gradle-5.4.1/samples/userguide/dependencyManagement/managingTransitiveDependencies/unresolved/kotlin/src/main/java" />
        <root url="file:///usr/local/share/gradle-5.4.1/samples/userguide/files/archivesWithJavaPlugin/groovy/src/main/java" />
        <root url="file:///usr/local/share/gradle-5.4.1/samples/userguide/files/archivesWithJavaPlugin/kotlin/src/main/java" />
        <root url="file:///usr/local/share/gradle-5.4.1/samples/userguide/files/sampleJavaProject/groovy/src/main/java" />
        <root url="file:///usr/local/share/gradle-5.4.1/samples/userguide/files/sampleJavaProject/kotlin/src/main/java" />
        <root url="file:///usr/local/share/gradle-5.4.1/samples/userguide/java/basic/groovy/src/intTest/java" />
        <root url="file:///usr/local/share/gradle-5.4.1/samples/userguide/java/basic/groovy/src/main/java" />
        <root url="file:///usr/local/share/gradle-5.4.1/samples/userguide/java/basic/groovy/src/test/java" />
        <root url="file:///usr/local/share/gradle-5.4.1/samples/userguide/java/basic/kotlin/src/intTest/java" />
        <root url="file:///usr/local/share/gradle-5.4.1/samples/userguide/java/basic/kotlin/src/main/java" />
        <root url="file:///usr/local/share/gradle-5.4.1/samples/userguide/java/basic/kotlin/src/test/java" />
        <root url="file:///usr/local/share/gradle-5.4.1/samples/userguide/java/customDirs/groovy/test" />
        <root url="file:///usr/local/share/gradle-5.4.1/samples/userguide/java/customDirs/kotlin/test" />
        <root url="file:///usr/local/share/gradle-5.4.1/samples/userguide/java/sourceSets/groovy/src/intTest/java" />
        <root url="file:///usr/local/share/gradle-5.4.1/samples/userguide/java/sourceSets/kotlin/src/intTest/java" />
        <root url="file:///usr/local/share/gradle-5.4.1/samples/userguide/mavenMigration/basic/groovy/src/intTest/java" />
        <root url="file:///usr/local/share/gradle-5.4.1/samples/userguide/mavenMigration/basic/groovy/src/main/java" />
        <root url="file:///usr/local/share/gradle-5.4.1/samples/userguide/mavenMigration/basic/groovy/src/test/java" />
        <root url="file:///usr/local/share/gradle-5.4.1/samples/userguide/mavenMigration/basic/kotlin/src/intTest/java" />
        <root url="file:///usr/local/share/gradle-5.4.1/samples/userguide/mavenMigration/basic/kotlin/src/main/java" />
        <root url="file:///usr/local/share/gradle-5.4.1/samples/userguide/mavenMigration/basic/kotlin/src/test/java" />
        <root url="file:///usr/local/share/gradle-5.4.1/samples/userguide/multiproject/dependencies/java/groovy/api/src/main/java" />
        <root url="file:///usr/local/share/gradle-5.4.1/samples/userguide/multiproject/dependencies/java/groovy/api/src/test/java" />
        <root url="file:///usr/local/share/gradle-5.4.1/samples/userguide/multiproject/dependencies/java/groovy/services/personService/src/main/java" />
        <root url="file:///usr/local/share/gradle-5.4.1/samples/userguide/multiproject/dependencies/java/groovy/services/personService/src/test/java" />
        <root url="file:///usr/local/share/gradle-5.4.1/samples/userguide/multiproject/dependencies/java/groovy/shared/src/main/java" />
        <root url="file:///usr/local/share/gradle-5.4.1/samples/userguide/multiproject/dependencies/java/groovy/shared/src/test/java" />
        <root url="file:///usr/local/share/gradle-5.4.1/samples/userguide/multiproject/dependencies/java/kotlin/api/src/main/java" />
        <root url="file:///usr/local/share/gradle-5.4.1/samples/userguide/multiproject/dependencies/java/kotlin/api/src/test/java" />
        <root url="file:///usr/local/share/gradle-5.4.1/samples/userguide/multiproject/dependencies/java/kotlin/services/personService/src/main/java" />
        <root url="file:///usr/local/share/gradle-5.4.1/samples/userguide/multiproject/dependencies/java/kotlin/services/personService/src/test/java" />
        <root url="file:///usr/local/share/gradle-5.4.1/samples/userguide/multiproject/dependencies/java/kotlin/shared/src/main/java" />
        <root url="file:///usr/local/share/gradle-5.4.1/samples/userguide/multiproject/dependencies/java/kotlin/shared/src/test/java" />
        <root url="file:///usr/local/share/gradle-5.4.1/samples/userguide/multiproject/dependencies/javaWithCustomConf/groovy/api/src/main/java" />
        <root url="file:///usr/local/share/gradle-5.4.1/samples/userguide/multiproject/dependencies/javaWithCustomConf/groovy/shared/src/main/java" />
        <root url="file:///usr/local/share/gradle-5.4.1/samples/userguide/multiproject/dependencies/javaWithCustomConf/kotlin/api/src/main/java" />
        <root url="file:///usr/local/share/gradle-5.4.1/samples/userguide/multiproject/dependencies/javaWithCustomConf/kotlin/shared/src/main/java" />
        <root url="file:///usr/local/share/gradle-5.4.1/samples/userguide/multiproject/dependencies/outgoingArtifact/groovy/buildSrc/src/main/java" />
        <root url="file:///usr/local/share/gradle-5.4.1/samples/userguide/multiproject/dependencies/outgoingArtifact/groovy/consumer/src/main/java" />
        <root url="file:///usr/local/share/gradle-5.4.1/samples/userguide/multiproject/dependencies/outgoingArtifact/groovy/consumer/src/test/java" />
        <root url="file:///usr/local/share/gradle-5.4.1/samples/userguide/multiproject/dependencies/outgoingArtifact/kotlin/buildSrc/src/main/java" />
        <root url="file:///usr/local/share/gradle-5.4.1/samples/userguide/multiproject/dependencies/outgoingArtifact/kotlin/consumer/src/main/java" />
        <root url="file:///usr/local/share/gradle-5.4.1/samples/userguide/multiproject/dependencies/outgoingArtifact/kotlin/consumer/src/test/java" />
        <root url="file:///usr/local/share/gradle-5.4.1/samples/userguide/multiproject/dependencies/webDist/groovy/date/src/main/java" />
        <root url="file:///usr/local/share/gradle-5.4.1/samples/userguide/multiproject/dependencies/webDist/groovy/hello/src/main/java" />
        <root url="file:///usr/local/share/gradle-5.4.1/samples/userguide/multiproject/dependencies/webDist/kotlin/date/src/main/java" />
        <root url="file:///usr/local/share/gradle-5.4.1/samples/userguide/multiproject/dependencies/webDist/kotlin/hello/src/main/java" />
        <root url="file:///usr/local/share/gradle-5.4.1/samples/userguide/organizingGradleProjects/separatedTestTypes/groovy/src/integTest/java" />
        <root url="file:///usr/local/share/gradle-5.4.1/samples/userguide/organizingGradleProjects/separatedTestTypes/groovy/src/main/java" />
        <root url="file:///usr/local/share/gradle-5.4.1/samples/userguide/organizingGradleProjects/separatedTestTypes/groovy/src/test/java" />
        <root url="file:///usr/local/share/gradle-5.4.1/samples/userguide/organizingGradleProjects/separatedTestTypes/kotlin/src/integTest/java" />
        <root url="file:///usr/local/share/gradle-5.4.1/samples/userguide/organizingGradleProjects/separatedTestTypes/kotlin/src/main/java" />
        <root url="file:///usr/local/share/gradle-5.4.1/samples/userguide/organizingGradleProjects/separatedTestTypes/kotlin/src/test/java" />
        <root url="file:///usr/local/share/gradle-5.4.1/samples/userguide/publishing/javaLibrary/groovy/src/main/java" />
        <root url="file:///usr/local/share/gradle-5.4.1/samples/userguide/publishing/javaLibrary/kotlin/src/main/java" />
        <root url="file:///usr/local/share/gradle-5.4.1/samples/userguide/tasks/commandLineOption/optionValues/groovy/buildSrc/src/main/java" />
        <root url="file:///usr/local/share/gradle-5.4.1/samples/userguide/tasks/commandLineOption/optionValues/kotlin/buildSrc/src/main/java" />
        <root url="file:///usr/local/share/gradle-5.4.1/samples/userguide/tasks/commandLineOption/stringOption/groovy/buildSrc/src/main/java" />
        <root url="file:///usr/local/share/gradle-5.4.1/samples/userguide/tasks/commandLineOption/stringOption/kotlin/buildSrc/src/main/java" />
        <root url="file:///usr/local/share/gradle-5.4.1/samples/userguide/tasks/incrementalBuild/customTaskClass/groovy/buildSrc/src/main/java" />
        <root url="file:///usr/local/share/gradle-5.4.1/samples/userguide/tasks/incrementalBuild/customTaskClass/kotlin/buildSrc/src/main/java" />
        <root url="file:///usr/local/share/gradle-5.4.1/samples/userguide/tasks/incrementalBuild/incrementalBuildAdvanced/groovy/buildSrc/src/main/java" />
        <root url="file:///usr/local/share/gradle-5.4.1/samples/userguide/tasks/incrementalBuild/incrementalBuildAdvanced/groovy/src/main/java" />
        <root url="file:///usr/local/share/gradle-5.4.1/samples/userguide/tasks/incrementalBuild/incrementalBuildAdvanced/groovy/src/test/java" />
        <root url="file:///usr/local/share/gradle-5.4.1/samples/userguide/tasks/incrementalBuild/incrementalBuildAdvanced/kotlin/buildSrc/src/main/java" />
        <root url="file:///usr/local/share/gradle-5.4.1/samples/userguide/tasks/incrementalBuild/incrementalBuildAdvanced/kotlin/src/main/java" />
        <root url="file:///usr/local/share/gradle-5.4.1/samples/userguide/tasks/incrementalBuild/incrementalBuildAdvanced/kotlin/src/test/java" />
        <root url="file:///usr/local/share/gradle-5.4.1/samples/userguide/tasks/serviceInjection/groovy/buildSrc/src/main/java" />
        <root url="file:///usr/local/share/gradle-5.4.1/samples/webApplication/customized/groovy/src/main/java" />
        <root url="file:///usr/local/share/gradle-5.4.1/samples/webApplication/customized/groovy/src/test/java" />
        <root url="file:///usr/local/share/gradle-5.4.1/samples/webApplication/customized/kotlin/src/main/java" />
        <root url="file:///usr/local/share/gradle-5.4.1/samples/webApplication/customized/kotlin/src/test/java" />
        <root url="file:///usr/local/share/gradle-5.4.1/samples/webApplication/quickstart/groovy/src/main/java" />
        <root url="file:///usr/local/share/gradle-5.4.1/samples/webApplication/quickstart/kotlin/src/main/java" />
        <root url="file:///usr/local/share/gradle-5.4.1/src/announce" />
        <root url="file:///usr/local/share/gradle-5.4.1/src/antlr" />
        <root url="file:///usr/local/share/gradle-5.4.1/src/base-services" />
        <root url="file:///usr/local/share/gradle-5.4.1/src/base-services-groovy" />
        <root url="file:///usr/local/share/gradle-5.4.1/src/build-cache" />
        <root url="file:///usr/local/share/gradle-5.4.1/src/build-cache-http" />
        <root url="file:///usr/local/share/gradle-5.4.1/src/build-cache-packaging" />
        <root url="file:///usr/local/share/gradle-5.4.1/src/build-comparison" />
        <root url="file:///usr/local/share/gradle-5.4.1/src/build-init" />
        <root url="file:///usr/local/share/gradle-5.4.1/src/build-option" />
        <root url="file:///usr/local/share/gradle-5.4.1/src/build-profile" />
        <root url="file:///usr/local/share/gradle-5.4.1/src/cli" />
        <root url="file:///usr/local/share/gradle-5.4.1/src/code-quality" />
        <root url="file:///usr/local/share/gradle-5.4.1/src/composite-builds" />
        <root url="file:///usr/local/share/gradle-5.4.1/src/core" />
        <root url="file:///usr/local/share/gradle-5.4.1/src/core-api" />
        <root url="file:///usr/local/share/gradle-5.4.1/src/dependency-management" />
        <root url="file:///usr/local/share/gradle-5.4.1/src/diagnostics" />
        <root url="file:///usr/local/share/gradle-5.4.1/src/ear" />
        <root url="file:///usr/local/share/gradle-5.4.1/src/execution" />
        <root url="file:///usr/local/share/gradle-5.4.1/src/files" />
        <root url="file:///usr/local/share/gradle-5.4.1/src/ide" />
        <root url="file:///usr/local/share/gradle-5.4.1/src/ide-native" />
        <root url="file:///usr/local/share/gradle-5.4.1/src/ide-play" />
        <root url="file:///usr/local/share/gradle-5.4.1/src/installation-beacon" />
        <root url="file:///usr/local/share/gradle-5.4.1/src/internal-android-performance-testing" />
        <root url="file:///usr/local/share/gradle-5.4.1/src/internal-integ-testing" />
        <root url="file:///usr/local/share/gradle-5.4.1/src/internal-performance-testing" />
        <root url="file:///usr/local/share/gradle-5.4.1/src/internal-testing" />
        <root url="file:///usr/local/share/gradle-5.4.1/src/ivy" />
        <root url="file:///usr/local/share/gradle-5.4.1/src/jacoco" />
        <root url="file:///usr/local/share/gradle-5.4.1/src/javascript" />
        <root url="file:///usr/local/share/gradle-5.4.1/src/jvm-services" />
        <root url="file:///usr/local/share/gradle-5.4.1/src/language-groovy" />
        <root url="file:///usr/local/share/gradle-5.4.1/src/language-java" />
        <root url="file:///usr/local/share/gradle-5.4.1/src/language-jvm" />
        <root url="file:///usr/local/share/gradle-5.4.1/src/language-native" />
        <root url="file:///usr/local/share/gradle-5.4.1/src/language-scala" />
        <root url="file:///usr/local/share/gradle-5.4.1/src/launcher" />
        <root url="file:///usr/local/share/gradle-5.4.1/src/logging" />
        <root url="file:///usr/local/share/gradle-5.4.1/src/maven" />
        <root url="file:///usr/local/share/gradle-5.4.1/src/messaging" />
        <root url="file:///usr/local/share/gradle-5.4.1/src/model-core" />
        <root url="file:///usr/local/share/gradle-5.4.1/src/model-groovy" />
        <root url="file:///usr/local/share/gradle-5.4.1/src/native" />
        <root url="file:///usr/local/share/gradle-5.4.1/src/osgi" />
        <root url="file:///usr/local/share/gradle-5.4.1/src/persistent-cache" />
        <root url="file:///usr/local/share/gradle-5.4.1/src/platform-base" />
        <root url="file:///usr/local/share/gradle-5.4.1/src/platform-jvm" />
        <root url="file:///usr/local/share/gradle-5.4.1/src/platform-native" />
        <root url="file:///usr/local/share/gradle-5.4.1/src/platform-play" />
        <root url="file:///usr/local/share/gradle-5.4.1/src/plugin-development" />
        <root url="file:///usr/local/share/gradle-5.4.1/src/plugin-use" />
        <root url="file:///usr/local/share/gradle-5.4.1/src/plugins" />
        <root url="file:///usr/local/share/gradle-5.4.1/src/process-services" />
        <root url="file:///usr/local/share/gradle-5.4.1/src/publish" />
        <root url="file:///usr/local/share/gradle-5.4.1/src/reporting" />
        <root url="file:///usr/local/share/gradle-5.4.1/src/resources" />
        <root url="file:///usr/local/share/gradle-5.4.1/src/resources-gcs" />
        <root url="file:///usr/local/share/gradle-5.4.1/src/resources-http" />
        <root url="file:///usr/local/share/gradle-5.4.1/src/resources-s3" />
        <root url="file:///usr/local/share/gradle-5.4.1/src/resources-sftp" />
        <root url="file:///usr/local/share/gradle-5.4.1/src/scala" />
        <root url="file:///usr/local/share/gradle-5.4.1/src/signing" />
        <root url="file:///usr/local/share/gradle-5.4.1/src/snapshots" />
        <root url="file:///usr/local/share/gradle-5.4.1/src/test-kit" />
        <root url="file:///usr/local/share/gradle-5.4.1/src/testing-base" />
        <root url="file:///usr/local/share/gradle-5.4.1/src/testing-junit-platform" />
        <root url="file:///usr/local/share/gradle-5.4.1/src/testing-jvm" />
        <root url="file:///usr/local/share/gradle-5.4.1/src/testing-native" />
        <root url="file:///usr/local/share/gradle-5.4.1/src/tooling-api" />
        <root url="file:///usr/local/share/gradle-5.4.1/src/tooling-api-builders" />
        <root url="file:///usr/local/share/gradle-5.4.1/src/tooling-native" />
        <root url="file:///usr/local/share/gradle-5.4.1/src/version-control" />
        <root url="file:///usr/local/share/gradle-5.4.1/src/workers" />
        <root url="file:///usr/local/share/gradle-5.4.1/src/wrapper" />
      </SOURCES>
    </library>
    <library name="groovy-2.4.5">
      <CLASSES>
        <root url="jar:///usr/share/groovy2/lib/asm4-tree.jar!/" />
        <root url="jar:///usr/share/groovy2/lib/bsf.jar!/" />
        <root url="jar:///usr/share/groovy2/lib/asm4-commons.jar!/" />
        <root url="jar:///usr/share/groovy2/lib/groovy-2.4.5.jar!/" />
        <root url="jar:///usr/share/groovy2/lib/antlr.jar!/" />
        <root url="jar:///usr/share/groovy2/lib/ant-antlr.jar!/" />
        <root url="jar:///usr/share/groovy2/lib/groovy-console.jar!/" />
        <root url="jar:///usr/share/groovy2/lib/groovy-sql.jar!/" />
        <root url="jar:///usr/share/groovy2/lib/commons-logging.jar!/" />
        <root url="jar:///usr/share/groovy2/lib/commons-cli.jar!/" />
        <root url="jar:///usr/share/groovy2/lib/groovy-servlet.jar!/" />
        <root url="jar:///usr/share/groovy2/lib/groovy-testng.jar!/" />
        <root url="jar:///usr/share/groovy2/lib/groovy-templates.jar!/" />
        <root url="jar:///usr/share/groovy2/lib/asm4-util.jar!/" />
        <root url="jar:///usr/share/groovy2/lib/groovy-xml.jar!/" />
        <root url="jar:///usr/share/groovy2/lib/junit4.jar!/" />
        <root url="jar:///usr/share/groovy2/lib/testng.jar!/" />
        <root url="jar:///usr/share/groovy2/lib/groovy-test.jar!/" />
        <root url="jar:///usr/share/groovy2/lib/groovy-jsr223.jar!/" />
        <root url="jar:///usr/share/groovy2/lib/asm4.jar!/" />
        <root url="jar:///usr/share/groovy2/lib/groovy-jmx.jar!/" />
        <root url="jar:///usr/share/groovy2/lib/jsr166y.jar!/" />
        <root url="jar:///usr/share/groovy2/lib/groovy-groovydoc.jar!/" />
        <root url="jar:///usr/share/groovy2/lib/groovy-docgenerator.jar!/" />
        <root url="jar:///usr/share/groovy2/lib/ant-launcher.jar!/" />
        <root url="jar:///usr/share/groovy2/lib/xstream.jar!/" />
        <root url="jar:///usr/share/groovy2/lib/ant.jar!/" />
        <root url="jar:///usr/share/groovy2/lib/groovy-ant.jar!/" />
        <root url="jar:///usr/share/groovy2/lib/ant-junit.jar!/" />
        <root url="jar:///usr/share/groovy2/lib/groovy-json.jar!/" />
        <root url="jar:///usr/share/groovy2/lib/jline2.jar!/" />
        <root url="jar:///usr/share/groovy2/lib/qdox.jar!/" />
        <root url="jar:///usr/share/groovy2/lib/groovy-groovysh.jar!/" />
        <root url="jar:///usr/share/groovy2/lib/jansi.jar!/" />
        <root url="jar:///usr/share/groovy2/lib/hamcrest-core.jar!/" />
        <root url="jar:///usr/share/groovy2/lib/jsp-api-2.1.jar!/" />
        <root url="jar:///usr/share/groovy2/lib/ivy.jar!/" />
        <root url="jar:///usr/share/groovy2/lib/groovy-bsf.jar!/" />
        <root url="jar:///usr/share/groovy2/lib/servlet-api-2.5.jar!/" />
        <root url="jar:///usr/share/groovy2/lib/jcommander.jar!/" />
        <root url="jar:///usr/share/groovy2/lib/groovy-swing.jar!/" />
        <root url="jar:///usr/share/groovy2/lib/asm4-analysis.jar!/" />
      </CLASSES>
      <JAVADOC />
      <SOURCES />
    </library>
    <library name="jenkins">
      <CLASSES>
        <root url="file://$USER_HOME$/jenkins-groovy/src" />
      </CLASSES>
      <JAVADOC />
      <NATIVE>
        <root url="file://$USER_HOME$/jenkins-groovy/src" />
      </NATIVE>
      <SOURCES>
        <root url="file://$USER_HOME$/jenkins-groovy/src" />
      </SOURCES>
      <jarDirectory url="file://$USER_HOME$/jenkins-groovy/src" recursive="false" />
      <jarDirectory url="file://$USER_HOME$/jenkins-groovy/src" recursive="false" type="SOURCES" />
    </library>
    <library name="jquery" type="javaScript">
      <properties>
        <option name="frameworkName" value="jQuery" />
        <sourceFilesUrls>
          <item url="file://$APPLICATION_CONFIG_DIR$/javascript/extLibs/http_bootswatch.com__vendor_jquery_dist_jquery.js" />
        </sourceFilesUrls>
      </properties>
      <CLASSES>
        <root url="file://$APPLICATION_CONFIG_DIR$/javascript/extLibs/http_bootswatch.com__vendor_jquery_dist_jquery.js" />
      </CLASSES>
      <DOCUMENTATION>
        <root url="http://api.jquery.com" />
      </DOCUMENTATION>
      <JAVADOC />
      <SOURCES />
    </library>
    <library name="jquery-3.2.1" type="javaScript">
      <properties>
        <option name="frameworkName" value="jQuery" />
      </properties>
      <CLASSES>
        <root url="file://$APPLICATION_CONFIG_DIR$/javascript/extLibs/http_code.jquery.com_jquery-3.2.1.js" />
      </CLASSES>
      <DOCUMENTATION>
        <root url="http://api.jquery.com" />
      </DOCUMENTATION>
      <JAVADOC />
      <SOURCES />
    </library>
    <library name="jquery-3.4.1" type="javaScript">
      <properties>
        <option name="frameworkName" value="jQuery" />
        <sourceFilesUrls>
          <item url="file://$APPLICATION_CONFIG_DIR$/javascript/extLibs/http_code.jquery.com_jquery-3.4.1.js" />
        </sourceFilesUrls>
      </properties>
      <CLASSES>
        <root url="file://$APPLICATION_CONFIG_DIR$/javascript/extLibs/http_code.jquery.com_jquery-3.4.1.js" />
      </CLASSES>
      <DOCUMENTATION>
        <root url="http://api.jquery.com" />
      </DOCUMENTATION>
      <JAVADOC />
      <SOURCES />
    </library>
    <library name="lib">
      <CLASSES>
        <root url="file://$APPLICATION_HOME_DIR$/lib" />
        <root url="jar://$USER_HOME$/apps/kotlin-stdlib.jar!/" />
        <root url="jar://$USER_HOME$/apps/kotlin-reflect.jar!/" />
        <root url="jar://$USER_HOME$/apps/kotlin-test.jar!/" />
        <root url="jar://$USER_HOME$/apps/kotlin-stdlib-jdk7.jar!/" />
        <root url="jar://$USER_HOME$/apps/kotlin-stdlib-jdk8.jar!/" />
      </CLASSES>
      <JAVADOC />
      <SOURCES>
        <root url="file://$APPLICATION_HOME_DIR$/lib" />
        <root url="jar://$USER_HOME$/apps/kotlin-stdlib-sources.jar!/" />
        <root url="jar://$USER_HOME$/apps/kotlin-reflect-sources.jar!/" />
        <root url="jar://$USER_HOME$/apps/kotlin-test-sources.jar!/" />
        <root url="jar://$USER_HOME$/apps/kotlin-stdlib-jdk7-sources.jar!/" />
        <root url="jar://$USER_HOME$/apps/kotlin-stdlib-jdk8-sources.jar!/" />
      </SOURCES>
      <jarDirectory url="file://$APPLICATION_HOME_DIR$/lib" recursive="false" />
      <jarDirectory url="file://$APPLICATION_HOME_DIR$/lib" recursive="false" type="SOURCES" />
    </library>
    <library name="popper" type="javaScript">
      <properties>
        <sourceFilesUrls>
          <item url="file://$APPLICATION_CONFIG_DIR$/javascript/extLibs/http_bootswatch.com__vendor_popper.js_dist_umd_popper.js" />
          <item url="file://$APPLICATION_CONFIG_DIR$/javascript/extLibs/http_cdnjs.cloudflare.com_ajax_libs_popper.js_1.14.7_umd_popper.js" />
        </sourceFilesUrls>
      </properties>
      <CLASSES>
        <root url="file://$APPLICATION_CONFIG_DIR$/javascript/extLibs/http_bootswatch.com__vendor_popper.js_dist_umd_popper.js" />
        <root url="file://$APPLICATION_CONFIG_DIR$/javascript/extLibs/http_cdnjs.cloudflare.com_ajax_libs_popper.js_1.12.9_popper.js" />
        <root url="file://$APPLICATION_CONFIG_DIR$/javascript/extLibs/http_cdnjs.cloudflare.com_ajax_libs_popper.js_1.14.7_umd_popper.js" />
      </CLASSES>
      <JAVADOC />
      <SOURCES />
    </library>
    <library name="src">
      <ANNOTATIONS>
        <root url="file://$USER_HOME$/jenkins-groovy/src/org/jenkinsci/plugins/docker/workflow" />
      </ANNOTATIONS>
      <CLASSES>
        <root url="file://$USER_HOME$/jenkins-groovy/src/org/jenkinsci/plugins/docker/workflow" />
      </CLASSES>
      <JAVADOC>
        <root url="file://$USER_HOME$/jenkins-groovy/src/org/jenkinsci/plugins/docker/workflow" />
      </JAVADOC>
      <NATIVE>
        <root url="file://$USER_HOME$/jenkins-groovy/src/org/jenkinsci/plugins/docker/workflow" />
      </NATIVE>
      <SOURCES>
        <root url="file://$USER_HOME$/jenkins-groovy/src" />
        <root url="file://$USER_HOME$/jenkins-groovy/src/org/jenkinsci/plugins/docker/workflow" />
      </SOURCES>
      <jarDirectory url="file://$USER_HOME$/jenkins-groovy/src/org/jenkinsci/plugins/docker/workflow" recursive="false" />
      <jarDirectory url="file://$USER_HOME$/jenkins-groovy/src/org/jenkinsci/plugins/docker/workflow" recursive="false" type="SOURCES" />
    </library>
    <library name="system" type="javaScript">
      <CLASSES>
        <root url="file://$APPLICATION_CONFIG_DIR$/javascript/extLibs/http_cdnjs.cloudflare.com_ajax_libs_systemjs_0.20.17_system.js" />
      </CLASSES>
      <JAVADOC />
      <SOURCES />
    </library>
    <library name="system-production" type="javaScript">
      <CLASSES>
        <root url="file://$APPLICATION_CONFIG_DIR$/javascript/extLibs/http_cdnjs.cloudflare.com_ajax_libs_systemjs_0.20.19_system-production.js" />
      </CLASSES>
      <JAVADOC />
      <SOURCES />
    </library>
    <library name="system.src" type="javaScript">
      <CLASSES>
        <root url="file://$APPLICATION_CONFIG_DIR$/javascript/extLibs/http_cdnjs.cloudflare.com_ajax_libs_systemjs_0.20.17_system.src.js" />
        <root url="file://$APPLICATION_CONFIG_DIR$/javascript/extLibs/http_cdnjs.cloudflare.com_ajax_libs_systemjs_0.20.19_system.src.js" />
      </CLASSES>
      <JAVADOC />
      <SOURCES />
    </library>
    <library name="v4-shims" type="javaScript">
      <CLASSES>
        <root url="file://$APPLICATION_CONFIG_DIR$/javascript/extLibs/http_use.fontawesome.com_releases_v5.0.10_js_v4-shims.js" />
      </CLASSES>
      <JAVADOC />
      <SOURCES />
    </library>
    <library name="webfont" type="javaScript">
      <properties>
        <sourceFilesUrls>
          <item url="file://$APPLICATION_CONFIG_DIR$/javascript/extLibs/http_ajax.googleapis.com_ajax_libs_webfont_1.6.16_webfont_debug.js" />
        </sourceFilesUrls>
      </properties>
      <CLASSES>
        <root url="file://$APPLICATION_CONFIG_DIR$/javascript/extLibs/http_ajax.googleapis.com_ajax_libs_webfont_1.6.16_webfont_debug.js" />
      </CLASSES>
      <JAVADOC />
      <SOURCES />
    </library>
    <library name="yargs-DefinitelyTyped" type="javaScript">
      <CLASSES>
        <root url="file://$APPLICATION_CONFIG_DIR$/javascript/extLibs/http_github.com_DefinitelyTyped_DefinitelyTyped_raw_master_types_yargs_index.d.ts" />
      </CLASSES>
      <JAVADOC />
      <SOURCES />
    </library>
  </component>
</application>