<application>
  <component name="dataSourceStorage" format="xml" multifile-model="true">
    <data-source source="LOCAL" name="pycrvs@127.0.0.1" uuid="a614dbd0-3e8e-4457-80c7-a09b4d36fdf3">
      <driver-ref>mysql.8</driver-ref>
      <synchronize>true</synchronize>
      <jdbc-driver>com.mysql.cj.jdbc.Driver</jdbc-driver>
      <jdbc-url>jdbc:mysql://127.0.0.1:3306/pycrvs</jdbc-url>
      <driver-properties>
        <property name="autoReconnect" value="true" />
        <property name="zeroDateTimeBehavior" value="CONVERT_TO_NULL" />
        <property name="tinyInt1isBit" value="false" />
        <property name="characterEncoding" value="utf8" />
        <property name="characterSetResults" value="utf8" />
        <property name="yearIsDateType" value="false" />
        <property name="serverTimezone" value="UTC" />
      </driver-properties>
    </data-source>
    <data-source source="LOCAL" name="admin_zwolle@zwolle.wmomotest.nl docker" uuid="23805c51-f2d0-401a-ad20-c0633828fb4f">
      <driver-ref>mysql.8</driver-ref>
      <synchronize>true</synchronize>
      <jdbc-driver>com.mysql.cj.jdbc.Driver</jdbc-driver>
      <jdbc-url>jdbc:mysql://127.0.0.1:3307/admin_zwolle</jdbc-url>
    </data-source>
    <data-source source="LOCAL" name="@localhost" uuid="61a08666-2187-497c-9a12-7df1138f88bd">
      <driver-ref>mysql</driver-ref>
      <synchronize>true</synchronize>
      <jdbc-driver>com.mysql.jdbc.Driver</jdbc-driver>
      <jdbc-url>jdbc:mysql://localhost:3306</jdbc-url>
      <driver-properties>
        <property name="autoReconnect" value="true" />
        <property name="zeroDateTimeBehavior" value="CONVERT_TO_NULL" />
        <property name="tinyInt1isBit" value="false" />
        <property name="characterEncoding" value="utf8" />
        <property name="characterSetResults" value="utf8" />
        <property name="yearIsDateType" value="false" />
      </driver-properties>
    </data-source>
    <data-source source="LOCAL" name="admin_packages@radic.ninja" uuid="75d9b20c-c030-44d5-8451-351bbb29879b">
      <driver-ref>mysql.8</driver-ref>
      <synchronize>true</synchronize>
      <jdbc-driver>com.mysql.cj.jdbc.Driver</jdbc-driver>
      <jdbc-url>jdbc:mysql://localhost:3306/admin_packages?serverTimezone=UTC</jdbc-url>
      <driver-properties>
        <property name="autoReconnect" value="true" />
        <property name="zeroDateTimeBehavior" value="CONVERT_TO_NULL" />
        <property name="tinyInt1isBit" value="false" />
        <property name="characterEncoding" value="utf8" />
        <property name="characterSetResults" value="utf8" />
        <property name="yearIsDateType" value="false" />
      </driver-properties>
    </data-source>
    <data-source source="LOCAL" name="admin_packages@wmomotest" uuid="73fe99c8-8e58-48cd-bba0-88a9a73a8f88">
      <driver-ref>mysql.8</driver-ref>
      <synchronize>true</synchronize>
      <jdbc-driver>com.mysql.cj.jdbc.Driver</jdbc-driver>
      <jdbc-url>jdbc:mysql://localhost:3306/admin_packages</jdbc-url>
      <driver-properties>
        <property name="autoReconnect" value="true" />
        <property name="zeroDateTimeBehavior" value="CONVERT_TO_NULL" />
        <property name="tinyInt1isBit" value="false" />
        <property name="characterEncoding" value="utf8" />
        <property name="characterSetResults" value="utf8" />
        <property name="yearIsDateType" value="false" />
        <property name="serverTimezone" value="UTC" />
      </driver-properties>
    </data-source>
    <data-source source="LOCAL" name="pyro@localhost" uuid="de07ed4d-9190-4ce6-b349-5edf7854e6b3">
      <driver-ref>mysql.8</driver-ref>
      <synchronize>true</synchronize>
      <jdbc-driver>com.mysql.cj.jdbc.Driver</jdbc-driver>
      <jdbc-url>jdbc:mysql://localhost:3306/pyro</jdbc-url>
      <driver-properties>
        <property name="autoReconnect" value="true" />
        <property name="zeroDateTimeBehavior" value="CONVERT_TO_NULL" />
        <property name="tinyInt1isBit" value="false" />
        <property name="characterEncoding" value="utf8" />
        <property name="characterSetResults" value="utf8" />
        <property name="yearIsDateType" value="false" />
        <property name="serverTimezone" value="UTC" />
      </driver-properties>
    </data-source>
    <data-source source="LOCAL" name="admin_py@py.radic.ninja" uuid="bc5588fe-abbb-4abe-90f0-4cc371548f06">
      <driver-ref>mysql.8</driver-ref>
      <synchronize>true</synchronize>
      <jdbc-driver>com.mysql.cj.jdbc.Driver</jdbc-driver>
      <jdbc-url>jdbc:mysql://localhost:3306/admin_py?serverTimezone=UTC</jdbc-url>
      <driver-properties>
        <property name="autoReconnect" value="true" />
        <property name="zeroDateTimeBehavior" value="CONVERT_TO_NULL" />
        <property name="tinyInt1isBit" value="false" />
        <property name="characterEncoding" value="utf8" />
        <property name="characterSetResults" value="utf8" />
        <property name="yearIsDateType" value="false" />
      </driver-properties>
    </data-source>
    <data-source source="LOCAL" name="docker" uuid="ce9869d9-5371-4aaa-851d-84a2173934dd">
      <driver-ref>mysql.8</driver-ref>
      <synchronize>true</synchronize>
      <jdbc-driver>com.mysql.cj.jdbc.Driver</jdbc-driver>
      <jdbc-url>jdbc:mysql://127.0.0.1:3307/crvs_zwd</jdbc-url>
    </data-source>
    <data-source source="LOCAL" name="admin_markant@wmomotest.nl" uuid="11a470c9-efbb-4fd2-a625-5c1114680b4c">
      <driver-ref>mysql.8</driver-ref>
      <synchronize>true</synchronize>
      <jdbc-driver>com.mysql.cj.jdbc.Driver</jdbc-driver>
      <jdbc-url>jdbc:mysql://localhost:3306/admin_markant</jdbc-url>
      <driver-properties>
        <property name="serverTimezone" value="UTC" />
      </driver-properties>
    </data-source>
    <data-source source="LOCAL" name="admin_sustvarius@wmomotest.nl" uuid="b33c2d6a-9a7c-4e2d-abac-4e10f1092c59">
      <driver-ref>mysql.8</driver-ref>
      <synchronize>true</synchronize>
      <jdbc-driver>com.mysql.cj.jdbc.Driver</jdbc-driver>
      <jdbc-url>jdbc:mysql://localhost:3306/admin_sustvarius</jdbc-url>
      <driver-properties>
        <property name="serverTimezone" value="UTC" />
      </driver-properties>
    </data-source>
    <data-source source="LOCAL" name="admin_crvs@wmomotest" uuid="925a5f6d-51d8-41f1-99a5-6c4f321d50fa">
      <driver-ref>mysql.8</driver-ref>
      <synchronize>true</synchronize>
      <jdbc-driver>com.mysql.cj.jdbc.Driver</jdbc-driver>
      <jdbc-url>jdbc:mysql://localhost:3306/admin_crvs</jdbc-url>
      <driver-properties>
        <property name="serverTimezone" value="UTC" />
      </driver-properties>
    </data-source>
    <data-source source="LOCAL" name="zwolle_staging@staging.crvs-zwd.nl" uuid="432abe1d-8021-49bc-8856-845b10ade5f7">
      <driver-ref>mysql</driver-ref>
      <synchronize>true</synchronize>
      <jdbc-driver>com.mysql.jdbc.Driver</jdbc-driver>
      <jdbc-url>jdbc:mysql://localhost:3306/zwolle_staging</jdbc-url>
    </data-source>
    <data-source source="LOCAL" name="zwolle_crvs@crvs-zwd.nl" uuid="e50f5066-79fe-417c-ae4d-88c4fa109a6b">
      <driver-ref>mysql</driver-ref>
      <synchronize>true</synchronize>
      <jdbc-driver>com.mysql.jdbc.Driver</jdbc-driver>
      <jdbc-url>jdbc:mysql://localhost:3306/zwolle_crvs</jdbc-url>
    </data-source>
    <data-source source="LOCAL" name="PostgreSQL - postgres@localhost" uuid="1f486330-9201-49e9-99ee-e788ad7c961e">
      <driver-ref>postgresql</driver-ref>
      <synchronize>true</synchronize>
      <remarks>sentry.wmomo.nl</remarks>
      <jdbc-driver>org.postgresql.Driver</jdbc-driver>
      <jdbc-url>jdbc:postgresql://localhost:5433/postgres</jdbc-url>
      <driver-properties>
        <property name="currentSchema" value="public" />
      </driver-properties>
    </data-source>
  </component>
</application>