<application>
  <component name="ExportableFileTemplateSettings">
    <j2ee_templates>
      <template name="Activity.java" reformat="true" live-template-enabled="false" enabled="false" />
      <template name="AndroidManifest.xml" reformat="true" live-template-enabled="false" enabled="false" />
      <template name="AnnotationType.java" reformat="true" live-template-enabled="false" enabled="false" />
      <template name="Application.java" reformat="true" live-template-enabled="false" enabled="false" />
      <template name="application.1_2.xml" reformat="true" live-template-enabled="false" enabled="false" />
      <template name="application.1_3.xml" reformat="true" live-template-enabled="false" enabled="false" />
      <template name="application.1_4.xml" reformat="true" live-template-enabled="false" enabled="false" />
      <template name="application.5.xml" reformat="true" live-template-enabled="false" enabled="false" />
      <template name="application.6.xml" reformat="true" live-template-enabled="false" enabled="false" />
      <template name="application.7.xml" reformat="true" live-template-enabled="false" enabled="false" />
      <template name="application.8.xml" reformat="true" live-template-enabled="false" enabled="false" />
      <template name="Broadcast_Receiver.java" reformat="true" live-template-enabled="false" enabled="false" />
      <template name="Class.java" reformat="true" live-template-enabled="false" enabled="false" />
      <template name="converter_template.java" reformat="true" live-template-enabled="false" enabled="false" />
      <template name="default.properties" reformat="true" live-template-enabled="false" enabled="false" />
      <template name="EJB Local Interface.java" reformat="true" live-template-enabled="false" enabled="false" />
      <template name="EJB Remote Interface.java" reformat="true" live-template-enabled="false" enabled="false" />
      <template name="ejb-jar.1_1.xml" reformat="true" live-template-enabled="false" enabled="false" />
      <template name="ejb-jar.2_0.xml" reformat="true" live-template-enabled="false" enabled="false" />
      <template name="ejb-jar.2_1.xml" reformat="true" live-template-enabled="false" enabled="false" />
      <template name="ejb-jar.3_0.xml" reformat="true" live-template-enabled="false" enabled="false" />
      <template name="ejb-jar.3_1.xml" reformat="true" live-template-enabled="false" enabled="false" />
      <template name="EnterpriseBean Interceptor 3.java" reformat="true" live-template-enabled="false" enabled="false" />
      <template name="Entity Bean Class BMP.java" reformat="true" live-template-enabled="false" enabled="false" />
      <template name="Entity Bean Class CMP 1x.java" reformat="true" live-template-enabled="false" enabled="false" />
      <template name="Entity Bean Class CMP 2x.java" reformat="true" live-template-enabled="false" enabled="false" />
      <template name="Entity Home Interface.java" reformat="true" live-template-enabled="false" enabled="false" />
      <template name="Entity Local Home Interface.java" reformat="true" live-template-enabled="false" enabled="false" />
      <template name="Enum.java" reformat="true" live-template-enabled="false" enabled="false" />
      <template name="Filter Annotated Class.java" reformat="true" live-template-enabled="false" enabled="false" />
      <template name="Filter Class.java" reformat="true" live-template-enabled="false" enabled="false" />
      <template name="Fragment.java" reformat="true" live-template-enabled="false" enabled="false" />
      <template name="generate_create.jsp" reformat="true" live-template-enabled="false" enabled="false" />
      <template name="generate_create2.jsp" reformat="true" live-template-enabled="false" enabled="false" />
      <template name="generate_edit.jsp" reformat="true" live-template-enabled="false" enabled="false" />
      <template name="generate_edit_inplace.jsp" reformat="true" live-template-enabled="false" enabled="false" />
      <template name="generate_list.jsp" reformat="true" live-template-enabled="false" enabled="false" />
      <template name="generate_table.jsp" reformat="true" live-template-enabled="false" enabled="false" />
      <template name="generate_view.jsp" reformat="true" live-template-enabled="false" enabled="false" />
      <template name="generate_view_M_N.jsp" reformat="true" live-template-enabled="false" enabled="false" />
      <template name="index_page_template.jsp" reformat="true" live-template-enabled="false" enabled="false" />
      <template name="Interface.java" reformat="true" live-template-enabled="false" enabled="false" />
      <template name="Jpa JoinColumn Annotation.kt" reformat="true" live-template-enabled="false" enabled="false" />
      <template name="Jsp File.jsp" reformat="true" live-template-enabled="true" enabled="false" />
      <template name="Jspx File.jspx" reformat="true" live-template-enabled="true" enabled="false" />
      <template name="Kotlin Entity.kt" reformat="true" live-template-enabled="false" enabled="false" />
      <template name="Kotlin Equals Method.kt" reformat="true" live-template-enabled="false" enabled="false" />
      <template name="Kotlin HashCode Method.kt" reformat="true" live-template-enabled="false" enabled="false" />
      <template name="Kotlin Property.kt" reformat="true" live-template-enabled="false" enabled="false" />
      <template name="Kotlin Relation Dependent Property.kt" reformat="true" live-template-enabled="false" enabled="false" />
      <template name="Kotlin Relation Owner Property.kt" reformat="true" live-template-enabled="false" enabled="false" />
      <template name="Kotlin ToString Method.kt" reformat="true" live-template-enabled="false" enabled="false" />
      <template name="layoutResourceFile.xml" reformat="true" live-template-enabled="false" enabled="false" />
      <template name="layoutResourceFile_vertical.xml" reformat="true" live-template-enabled="false" enabled="false" />
      <template name="Listener Annotated Class.java" reformat="true" live-template-enabled="false" enabled="false" />
      <template name="Listener Class.java" reformat="true" live-template-enabled="false" enabled="false" />
      <template name="managed_bean_template1.java" reformat="true" live-template-enabled="false" enabled="false" />
      <template name="Message Driven Bean Class.java" reformat="true" live-template-enabled="false" enabled="false" />
      <template name="Message Driven Bean Class 3.java" reformat="true" live-template-enabled="false" enabled="false" />
      <template name="navigationResourceFile.xml" reformat="true" live-template-enabled="false" enabled="false" />
      <template name="orm_1_0.xml" reformat="true" live-template-enabled="false" enabled="false" />
      <template name="orm_2_0.xml" reformat="true" live-template-enabled="false" enabled="false" />
      <template name="orm_2_1.xml" reformat="true" live-template-enabled="false" enabled="false" />
      <template name="persistence.xml" reformat="true" live-template-enabled="false" enabled="false" />
      <template name="persistence_2_0.xml" reformat="true" live-template-enabled="false" enabled="false" />
      <template name="persistence_2_1.xml" reformat="true" live-template-enabled="false" enabled="false" />
      <template name="persistence_2_2.xml" reformat="true" live-template-enabled="false" enabled="false" />
      <template name="Persistent Embeddable Class 3.java" reformat="true" live-template-enabled="false" enabled="false" />
      <template name="Persistent Entity Class 3.java" reformat="true" live-template-enabled="false" enabled="false" />
      <template name="Remote_Interface.aidl" reformat="true" live-template-enabled="false" enabled="false" />
      <template name="resourceFile.xml" reformat="true" live-template-enabled="false" enabled="false" />
      <template name="Service.java" reformat="true" live-template-enabled="false" enabled="false" />
      <template name="Servlet Annotated Class.java" reformat="true" live-template-enabled="false" enabled="false" />
      <template name="Servlet Class.java" reformat="true" live-template-enabled="false" enabled="false" />
      <template name="Session Bean Class Singleton.java" reformat="true" live-template-enabled="false" enabled="false" />
      <template name="Session Bean Class Stateful.java" reformat="true" live-template-enabled="false" enabled="false" />
      <template name="Session Bean Class Stateful 3.java" reformat="true" live-template-enabled="false" enabled="false" />
      <template name="Session Bean Class Stateless.java" reformat="true" live-template-enabled="false" enabled="false" />
      <template name="Session Bean Class Stateless 3.java" reformat="true" live-template-enabled="false" enabled="false" />
      <template name="Session Home Interface.java" reformat="true" live-template-enabled="false" enabled="false" />
      <template name="Session Local Home Interface.java" reformat="true" live-template-enabled="false" enabled="false" />
      <template name="Session Service Endpoint Interface.java" reformat="true" live-template-enabled="false" enabled="false" />
      <template name="Singleton.java" reformat="true" live-template-enabled="false" enabled="false" />
      <template name="Tag Library Descriptor.tld" reformat="true" live-template-enabled="false" enabled="false" />
      <template name="user_defined_create.jsp" reformat="true" live-template-enabled="false" enabled="false" />
      <template name="user_defined_edit.jsp" reformat="true" live-template-enabled="false" enabled="false" />
      <template name="user_defined_list.jsp" reformat="true" live-template-enabled="false" enabled="false" />
      <template name="user_defined_managed_bean.java" reformat="true" live-template-enabled="false" enabled="false" />
      <template name="user_defined_view.jsp" reformat="true" live-template-enabled="false" enabled="false" />
      <template name="valueResourceFile.xml" reformat="true" live-template-enabled="false" enabled="false" />
      <template name="web.2_2.xml" reformat="true" live-template-enabled="false" enabled="false" />
      <template name="web.2_3.xml" reformat="true" live-template-enabled="false" enabled="false" />
      <template name="web.2_4.xml" reformat="true" live-template-enabled="false" enabled="false" />
      <template name="web.2_5.xml" reformat="true" live-template-enabled="false" enabled="false" />
      <template name="web.3_0.xml" reformat="true" live-template-enabled="false" enabled="false" />
      <template name="web.3_1.xml" reformat="true" live-template-enabled="false" enabled="false" />
      <template name="web.4_0.xml" reformat="true" live-template-enabled="false" enabled="false" />
    </j2ee_templates>
  </component>
</application>