<application>
  <component name="FileTypeManager" version="17">
    <extensionMap>
      <mapping pattern="jenkins" type=".env file" />
      <mapping ext="stub" type="Blade" />
      <removed_mapping ext="html" approved="true" type="HTML" />
      <mapping pattern=".php_cs.cache" type="JSON" />
      <mapping pattern="*.php.cache" type="PHP" />
      <mapping pattern=".php_cs" type="PHP" />
      <mapping pattern="crvs" type="PHP" />
      <mapping pattern="asdf" type="PLAIN_TEXT" />
      <mapping pattern="error_log" type="PLAIN_TEXT" />
      <mapping pattern="9ae94e6d0dc233fc10f1b93eae45b5292d8b32f5" type="PLAIN_TEXT" />
      <mapping pattern=".classes" type="PLAIN_TEXT" />
      <mapping pattern="addons/radic/module_node_type-extension/src" type="PLAIN_TEXT" />
      <mapping pattern="e501d0d1218e6759d350baf0d29de985607445c4" type="PLAIN_TEXT" />
      <mapping pattern=".attach_pid19101" type="PLAIN_TEXT" />
      <mapping pattern="167337f7f103e1a699eef1b96049cb1caa2b11ab" type="PLAIN_TEXT" />
      <mapping pattern="env-jenkins" type="PLAIN_TEXT" />
      <mapping pattern=".attach_pid1886" type="PLAIN_TEXT" />
      <mapping pattern=".protected.list" type="PLAIN_TEXT" />
      <mapping pattern="config" type="PLAIN_TEXT" />
      <mapping pattern="f62aba7f76861f48a82e79b52024240d74b4e289" type="PLAIN_TEXT" />
      <mapping pattern="9e0ccef4125ac3161d79446617bc4ffb1a875bc9" type="PLAIN_TEXT" />
      <mapping ext="lst" type="PLAIN_TEXT" />
      <mapping ext="ser" type="PLAIN_TEXT" />
      <mapping ext="pub" type="PLAIN_TEXT" />
      <mapping ext="lombok" type="PLAIN_TEXT" />
      <mapping ext="yml\" type="PLAIN_TEXT" />
      <mapping ext="marker" type="PLAIN_TEXT" />
      <mapping ext="rdb" type="PLAIN_TEXT" />
      <mapping ext="nps" type="PLAIN_TEXT" />
      <mapping ext="pem" type="PLAIN_TEXT" />
      <mapping ext="key" type="PLAIN_TEXT" />
      <mapping ext="bak" type="PLAIN_TEXT" />
      <mapping ext="_xml" type="PLAIN_TEXT" />
      <mapping ext="legacy" type="PLAIN_TEXT" />
      <mapping ext="bitbucket" type="PLAIN_TEXT" />
      <mapping ext="exec" type="PLAIN_TEXT" />
      <mapping pattern="*/templates/*/*.html" type="Smarty" />
      <removed_mapping pattern="templates/*/*.html" approved="true" type="Smarty" />
      <removed_mapping ext="html" approved="true" type="HTML" />
      <mapping ext="fnc" type="DBN-PSQL" />
      <mapping ext="jenkinsfile" type="Groovy" />
      <mapping ext="pkb" type="DBN-PSQL" />
      <mapping ext="pkg" type="DBN-PSQL" />
      <mapping ext="pks" type="DBN-PSQL" />
      <mapping ext="prc" type="DBN-PSQL" />
      <mapping ext="tpb" type="DBN-PSQL" />
      <mapping ext="tpe" type="DBN-PSQL" />
      <mapping ext="tps" type="DBN-PSQL" />
      <mapping ext="trg" type="DBN-PSQL" />
      <mapping ext="vw" type="DBN-SQL" />
      <mapping pattern="Jenkinsfile" type="Groovy" />
      <mapping pattern="builder" type="Bash" />
      <mapping pattern="compose" type="Bash" />
      <mapping pattern="fs" type="Bash" />
      <mapping pattern="scripts" type="Bash" />
    </extensionMap>
  </component>
</application>