<application>
  <component name="FindSettings">
    <option name="customScope" value="All Places" />
    <option name="defaultScopeName" value="All Places" />
    <option name="SEARCH_SCOPE" value="All Places" />
    <mask>*.properties</mask>
    <mask>*.html</mask>
    <mask>*.jsp</mask>
    <mask>*.xml</mask>
    <mask>*.java</mask>
    <mask>*.js</mask>
    <mask>*.as</mask>
    <mask>*.css</mask>
    <mask>*.mxml</mask>
    <mask>*.json</mask>
    <mask>*.tsx</mask>
    <mask>*.yml</mask>
    <mask>*.groovy</mask>
    <mask>*.ts*</mask>
    <mask>*.scss</mask>
    <mask>*config*.json</mask>
    <mask>*.php</mask>
  </component>
</application>