<application>
  <component name="GitToolBoxAppSettings2">
    <option name="extrasConfig">
      <ExtrasConfig>
        <option name="autoFetchEnabledOverride">
          <BoolConfigOverride>
            <option name="value" value="true" />
          </BoolConfigOverride>
        </option>
      </ExtrasConfig>
    </option>
    <option name="previousVersionMigrated" value="true" />
    <option name="showEditorInlineBlame" value="false" />
    <option name="version" value="3" />
  </component>
</application>