<application>
  <component name="ExternalResourceManagerImpl">
    <resource url="http://plugins.intellij.net/xstructure/ns/xstructure_1_0.xsd" location="$USER_HOME$/file:/home/radic/.IntelliJIdea15/config/plugins/xstructure/lib/xstructure.jar!/org/sylfra/idea/plugins/xstructure/resources/schemas/xstructure_1_0.xsd" />
    <resource url="http://plugins.intellij.net/xstructure/ns/xstructure_1_1.xsd" location="$USER_HOME$/file:/home/radic/.IntelliJIdea15/config/plugins/xstructure/lib/xstructure.jar!/org/sylfra/idea/plugins/xstructure/resources/schemas/xstructure_1_1.xsd" />
    <resource url="http://pmd.sf.net/ruleset/1.0.0" location="$USER_HOME$/.idea/system/extResources/8a117d51_ruleset_xml_schema.xsd" />
    <resource url="http://pmd.sf.net/ruleset_xml_schema.xsd" location="$USER_HOME$/.idea/system/extResources/8a117d51_ruleset_xml_schema.xsd" />
    <resource url="http://schema.phpunit.de/4.5/phpunit.xsd" location="/mnt/ramdisk/.idea/system/extResources/17eb8f02_phpunit.xsd" />
    <resource url="http://schema.phpunit.de/5.0/phpunit.xsd" location="$USER_HOME$/codex" />
    <resource url="http://xml.phpdox.net/config" location="$USER_HOME$/.idea/system/extResources/ae7505c4_config.xml" />
    <resource url="https://schema.phpunit.de/5.2/phpunit.xsd" location="$USER_HOME$/.idea/system/extResources/9263b0a3_phpunit.xsd" />
    <resource url="https://schema.phpunit.de/6.3/phpunit.xsd" location="$USER_HOME$/.IntelliJIdea2019.1/system/extResources/dac22165_phpunit.xsd.xml" />
    <resource url="https://schema.phpunit.de/7.5/phpunit.xsd" location="$USER_HOME$/.idea-php/system/extResources/11a398a8_phpunit.xsd" />
    <resource url="https://schema.phpunit.de/8.1/phpunit.xsd" location="$USER_HOME$/.IntelliJIdea2019.1/system/extResources/b172e8e5_phpunit.xsd" />
    <resource url="urn:magento:framework:ObjectManager/etc/config.xsd" location="/mnt/fat/php/projects/magento2/vendor/magento/framework/ObjectManager/etc/config.xsd" />
  </component>
</application>