<application>
  <component name="LogHighlightingSettings">
    <Patterns>
      <list>
        <LogHighlightingPattern enabled="false" pattern="^\s*e(rror)?\s*$" action="HIGHLIGHT_LINE" fg="-65536" bold="true" stripe="true" />
        <LogHighlightingPattern enabled="false" pattern="^\s*w(arning)?\s*$" action="HIGHLIGHT_LINE" fg="-22016" bold="true" />
        <LogHighlightingPattern enabled="false" pattern="^\s*i(nfo)?\s*$" action="HIGHLIGHT_LINE" fg="-12599489" />
        <LogHighlightingPattern pattern="^[^.]+\.(ERROR):" action="HIGHLIGHT_LINE" fg="-65497" bold="true" stripe="true" />
        <LogHighlightingPattern pattern="^[^.]+\.(EMERGENCY):" action="HIGHLIGHT_LINE" fg="-65497" italic="true" stripe="true" />
        <LogHighlightingPattern pattern="^(Stack|\#\d)" fg="-9206371" stripe="true" />
      </list>
    </Patterns>
    <parsing>
      <list>
        <LogParsingPattern name="Pipe-separated" pattern="^(?s)([^|]*)\|([^|]*)\|([^|]*)\|(.*)$" timePattern="HH:mm:ss.SSS" linePattern="^\d" timeId="0" severityId="1" categoryId="2" />
        <LogParsingPattern name="IntelliJ IDEA" pattern="^([^\[]+)(\[[\s\d]+])\s*(\w*)\s*-\s*(\S*)\s*-(.+)$" timePattern="yyyy-MM-dd HH:mm:ss,SSS" linePattern="^\d" timeId="0" severityId="2" categoryId="3" />
        <LogParsingPattern enabled="false" name="TeamCity build log" pattern="^\[([^]]+)](.):\s*(\[[^]]+])?(.*)$" timePattern="HH:mm:ss" linePattern="^\[" timeId="0" severityId="1" categoryId="2" />
        <LogParsingPattern name="Laravel" pattern="^\[([^]]+)]\s?([^.]+)\.([\w]+):(.*)$" />
        <LogParsingPattern name="lv" pattern="^\[([\d\s:-]+)\] ([^.]+)\.([^:]+): (.*)$" timePattern="yyyy-MM-dd HH:mm:ss" timeId="0" severityId="1" categoryId="1" fullmatch="true" />
        <LogParsingPattern name="lv2" pattern="^\[(.*)\] (.+?)\.([A-Z]+): (.*)" timePattern="yyyy-MM-dd HH:mm:ss" linePattern="^\[" timeId="0" severityId="2" categoryId="1" fullmatch="true" />
      </list>
    </parsing>
    <settingsVersion>3</settingsVersion>
    <lastAddedDefaultFormat>3</lastAddedDefaultFormat>
  </component>
</application>