<application>
  <component name="MaterialThemeConfig">
    <option name="compactDropdowns" value="true" />
    <option name="compactSidebar" value="true" />
    <option name="fileIcons" value="false" />
    <option name="isCompactMenus" value="true" />
    <option name="isCompactStatusBar" value="true" />
    <option name="isCompactTables" value="true" />
    <option name="isContrastMode" value="true" />
    <option name="isCustomTreeIndentEnabled" value="true" />
    <option name="isDecoratedFolders" value="false" />
    <option name="isWizardShown" value="true" />
    <option name="pristineConfig" value="false" />
    <option name="treeFontSizeEnabled" value="true" />
    <option name="customSidebarHeight" value="22" />
    <option name="tabOpacity" value="68" />
    <option name="highlightThickness" value="1" />
    <option name="indicatorThickness" value="5" />
    <option name="leftTreeIndent" value="8" />
    <option name="settingsSelectedTab" value="3" />
    <option name="tabsHeight" value="30" />
    <option name="accentColor" value="42a5f5" />
    <option name="selectedTheme" value="CUSTOM" />
    <option name="userId" value="7a147cfb:168890851be:-8000" />
    <option name="version" value="4.11.5" />
    <option name="tabHighlightPosition" value="Full" />
  </component>
</application>