<application>
  <component name="nginxServers">
    <NginxServerDescriptor>
      <option name="configPath" value="/etc/nginx/nginx.conf" />
      <option name="errorLogPath" value="/var/log/nginx/error.log" />
      <option name="executablePath" value="/usr/sbin/nginx" />
      <option name="globals" value="" />
      <option name="httpLogPath" value="/var/log/nginx/access.log" />
      <option name="id" value="nginx.descriptor.1576759420276" />
      <option name="name" value="nginx/Unix [1.14.0]" />
      <option name="pidPath" value="/run/nginx.pid" />
    </NginxServerDescriptor>
  </component>
</application>