<application>
  <component name="OSFileAssociationPreferences">
    <option name="fileTypeNames">
      <list>
        <option value="Blade" />
        <option value="Groovy" />
        <option value="IDEA_MODULE" />
        <option value="IDEA_PROJECT" />
        <option value="IDEA_WORKSPACE" />
        <option value="Markdown" />
        <option value="PHP" />
        <option value="PHP-x-ctp" />
        <option value="PHP-x-hphp" />
        <option value="PHP-x-inc" />
        <option value="PHP-x-module" />
        <option value="PHP-x-php4" />
        <option value="PHP-x-php5" />
        <option value="PHP-x-phtml" />
        <option value="PHAR" />
        <option value="PostCSS" />
        <option value="SCSS" />
        <option value="SQL" />
        <option value="Smarty" />
        <option value="Stylus" />
        <option value="Twig" />
        <option value="TypeScript" />
        <option value="TypeScript JSX" />
        <option value="VTL" />
        <option value="Vue.js" />
        <option value="XML" />
        <option value="XML-x-ant" />
        <option value="XML-x-fxml" />
        <option value="XML-x-jhm" />
        <option value="XML-x-jnlp" />
        <option value="XML-x-jrxml" />
        <option value="XML-x-rng" />
        <option value="XML-x-tld" />
        <option value="XML-x-wsdl" />
        <option value="XML-x-xsd" />
        <option value="XML-x-xsl" />
        <option value="XML-x-xslt" />
        <option value="XML-x-xul" />
        <option value="YAML" />
      </list>
    </option>
    <option name="ideLocationHash" value="6904CC7AA984F5D638720EEF4C4CA744" />
  </component>
</application>