<application>
  <component name="AppInspectionProfilesVisibleTreeState">
    <entry key="Default">
      <profile-state>
        <expanded-state>
          <State />
        </expanded-state>
        <selected-state>
          <State>
            <id>Angular</id>
          </State>
        </selected-state>
      </profile-state>
    </entry>
  </component>
  <component name="BuiltInServerOptions" allowUnsignedRequests="true" />
  <component name="CVS bar">
    <add>true</add>
    <undoAdd>true</undoAdd>
    <edit>true</edit>
    <unedit>true</unedit>
    <commit>true</commit>
    <update>true</update>
    <checkout>true</checkout>
    <diff>true</diff>
    <showHistory>true</showHistory>
    <hide>false</hide>
    <updateBeforeEdit>false</updateBeforeEdit>
    <diffMode>SELECTED</diffMode>
  </component>
  <component name="Clover">
    <option name="sid" value="BTIG-G7LU-S87D-KO3K" />
  </component>
  <component name="CodeStyleSchemes">
    <option name="CURRENT_SCHEME_NAME" value="Default" />
  </component>
  <component name="CodeStyleSchemesUIConfiguration">
    <option name="RECENT_IMPORT_FILE_LOCATION" value="file:$USER_HOME$/Default.xml" />
  </component>
  <component name="CvsApplicationLevelConfiguration">
    <option name="PATH_TO_PASSWORD_FILE" value="$userdir/.cvspass" />
  </component>
  <component name="DBNavigator.Application.Settings">
    <enable-debug-mode value="false" />
    <enable-developer-mode value="false" />
    <show-plugin-conflict-dialog value="false" />
  </component>
  <component name="DuplocatorSettings">
    <option name="SELECTED_PROFILES">
      <set>
        <option value="JavaScript" />
      </set>
    </option>
    <option name="LAST_SELECTED_LANGUAGE" value="JavaScript" />
  </component>
  <component name="GlobalAntConfiguration">
    <filtersTableLayout />
    <propertiesTableLayout />
  </component>
  <component name="ImportConfiguration">
    <option name="VENDOR" />
    <option name="RELEASE_TAG" />
    <option name="LOG_MESSAGE" />
    <option name="CHECKOUT_AFTER_IMPORT" value="true" />
    <option name="KEYWORD_SUBSTITUTION_WRAPPERS" value="" />
    <option name="MAKE_NEW_FILES_READ_ONLY" value="false" />
  </component>
  <component name="NodeJsLocalInterpreters">
    <local-interpreter path="$USER_HOME$/.nvm/versions/node/v12.10.0/bin/node">
      <version-cache version="12.10.0" last-modified="1567612069000" />
    </local-interpreter>
    <local-interpreter path="$USER_HOME$/.nvm/versions/node/v10.16.0/bin/node">
      <version-cache version="10.16.0" last-modified="1559079372000" />
    </local-interpreter>
    <local-interpreter path="$USER_HOME$/.nvm/versions/node/v8.16.1/bin/node">
      <version-cache version="8.16.1" last-modified="1565893883000" />
    </local-interpreter>
  </component>
  <component name="NodeLocalInterpreterManager">
    <node-interpreter path="/usr/local/bin/node" version="(Does not exist)" last-modified="1490350942504" />
  </component>
  <component name="PropertiesComponent">
    <property name="AFTER.DISTRACTION.MODE.ARE_GUTTER_ICONS_SHOWN" value="false" />
    <property name="AFTER.DISTRACTION.MODE.ARE_LINE_NUMBERS_SHOWN" value="false" />
    <property name="AFTER.DISTRACTION.MODE.EDITOR_TAB_PLACEMENT" value="0" />
    <property name="AFTER.DISTRACTION.MODE.HIDE_TOOL_STRIPES" value="true" />
    <property name="AFTER.DISTRACTION.MODE.IS_FOLDING_OUTLINE_SHOWN" value="false" />
    <property name="AFTER.DISTRACTION.MODE.IS_INDENT_GUIDES_SHOWN" value="false" />
    <property name="AFTER.DISTRACTION.MODE.IS_RIGHT_MARGIN_SHOWN" value="false" />
    <property name="AFTER.DISTRACTION.MODE.IS_WHITESPACES_SHOWN" value="false" />
    <property name="AFTER.DISTRACTION.MODE.SHOW_BREADCRUMBS" value="false" />
    <property name="AFTER.DISTRACTION.MODE.SHOW_MAIN_TOOLBAR" value="false" />
    <property name="AFTER.DISTRACTION.MODE.SHOW_METHOD_SEPARATORS" value="false" />
    <property name="AFTER.DISTRACTION.MODE.SHOW_NAVIGATION_BAR" value="false" />
    <property name="AFTER.DISTRACTION.MODE.SHOW_STATUS_BAR" value="false" />
    <property name="BEFORE.DISTRACTION.MODE.ARE_GUTTER_ICONS_SHOWN" value="true" />
    <property name="BEFORE.DISTRACTION.MODE.ARE_LINE_NUMBERS_SHOWN" value="true" />
    <property name="BEFORE.DISTRACTION.MODE.EDITOR_TAB_PLACEMENT" value="2" />
    <property name="BEFORE.DISTRACTION.MODE.HIDE_TOOL_STRIPES" value="false" />
    <property name="BEFORE.DISTRACTION.MODE.IS_FOLDING_OUTLINE_SHOWN" value="true" />
    <property name="BEFORE.DISTRACTION.MODE.IS_INDENT_GUIDES_SHOWN" value="false" />
    <property name="BEFORE.DISTRACTION.MODE.IS_RIGHT_MARGIN_SHOWN" value="true" />
    <property name="BEFORE.DISTRACTION.MODE.IS_WHITESPACES_SHOWN" value="false" />
    <property name="BEFORE.DISTRACTION.MODE.SHOW_BREADCRUMBS" value="true" />
    <property name="BEFORE.DISTRACTION.MODE.SHOW_MAIN_TOOLBAR" value="false" />
    <property name="BEFORE.DISTRACTION.MODE.SHOW_METHOD_SEPARATORS" value="true" />
    <property name="BEFORE.DISTRACTION.MODE.SHOW_NAVIGATION_BAR" value="true" />
    <property name="BEFORE.DISTRACTION.MODE.SHOW_STATUS_BAR" value="true" />
    <property name="CUSTOMIZE_ACTIONS" value="stop" />
    <property name="ColorChooser.RecentColors" value="90-118-131-255,,,239-239-175-255,,,90-90-90-255,,,255-194-25-255,,,37-40-45-255,,,255-193-50-255,,,32-36-43-255,,,239-103-75-255,,,27-167-27-127,,,253-105-77-127,,,0-0-0-255,,,82-82-82-255,,,82-27-27-255,,,137-102-16-255,,,137-132-21-255,,,76-21-9-255,,,197-197-197-255,,,198-198-198-255,,,51-51-51-255,,,155-155-155-255" />
    <property name="CommitChangeListDialog.DETAILS_SPLITTER_PROPORTION_2" value="0.65899867" />
    <property name="CommitChangeListDialog.SPLITTER_PROPORTION_2" value="0.62854445" />
    <property name="CommittedChanges.SplitterProportions.0" value="700" />
    <property name="CommittedChanges.SplitterProportions.1" value="500" />
    <property name="Copy.OpenInEditor" value="true" />
    <property name="DBE.Default.Dialect" value="MySQL" />
    <property name="DbRenameDialog.previewExpanded" value="true" />
    <property name="Default.savedEditorTheme" value="_@user_Default" />
    <property name="Descriptions" value="Everything" />
    <property name="ExpandBeforeRunStepsPanel" value="true" />
    <property name="ExpandRunDashboardTypesPanel" value="false" />
    <property name="ExternalToolDialog.advanced.expanded" value="true" />
    <property name="FileTemplates.SelectedTemplate" value="HTML File" />
    <property name="FindSplitterProportion" value="0.5788257" />
    <property name="GradleModuleWizard.inheritGroupId" value="true" />
    <property name="GradleModuleWizard.inheritVersion" value="true" />
    <property name="GradleSupport.showInternalTestNodes" value="false" />
    <property name="INSPECTION_FILTER_HISTORY" value="long&#10;cs fixer&#10;php cs fi&#10;import&#10;unne" />
    <property name="Ideolog.Settings.TopProportion" value="0.60128206" />
    <property name="InstalledPluginsSearchHistory" value="/enabled&#10;php&#10;p&#10;live te&#10;live t" />
    <property name="JSHintOptionsTreeView.TREE_SCROLL_BAR_HORIZONTAL" value="0" />
    <property name="JSHintOptionsTreeView.TREE_SCROLL_BAR_VERTICAL" value="0" />
    <property name="JSHintOptionsTreeView.TREE_SELECTED_NODE_ID" value="1" />
    <property name="KEYMAP" value="restart t&#10;step into&#10;debug&#10;step&#10;step over" />
    <property name="KEYMAP_IN_QUICK_LISTS" value="external tools" />
    <property name="LAST_INJECTED_LANGUAGE" value="Vue" />
    <property name="LayoutCode.codeCleanup" value="true" />
    <property name="LayoutCode.optimizeImports" value="true" />
    <property name="LayoutCode.processChangedText" value="false" />
    <property name="LayoutCode.rearrangeEntries" value="true" />
    <property name="LayoutCode.rearrangeEntriesECMAScript 6" value="false" />
    <property name="LayoutCode.rearrangeEntriesPHP" value="false" />
    <property name="MYSQL_DUMP_CLI_PACK_LAST_USED_CONFIGURATION" value="MYSQL_PROPERTIES" />
    <property name="MYSQL_PROPERTIES_COMMAND" value="&quot;admin_packages&quot; --result-file=&quot;/home/radic/dump.sql&quot; --complete-insert" />
    <property name="MYSQL_PROPERTIES_EXPANDED" value="true" />
    <property name="MYSQL_PROPERTIES_PATH" value="/usr/bin/mysqldump" />
    <property name="MYSQL_PROPERTIES_VARIANTS_-753420028" value="--databases --all-databases -A -Y --all-tablespaces -y --no-tablespaces --add-drop-database --add-drop-table --skip-add-drop-table --add-drop-trigger --add-locks --skip-add-locks --allow-keywords --apply-slave-statements --bind-address= --character-sets-dir= -i --comments --skip-comments --compatible= --compact --skip-disable-keys --skip-set-charset -c --complete-insert -C --compress -a --create-options --skip-create-options -B -# --debug --debug-check --debug-info --default-character-set= --delete-master-logs --master-data -K --disable-keys --dump-slave --lock-all-tables --single-transaction --lock-tables -E --events -e --extended-insert --skip-extended-insert --fields-terminated-by= --fields-enclosed-by= --fields-optionally-enclosed-by= --fields-escaped-by= -F --flush-logs --databases= --flush-privileges -f --force --help --hex-blob -h --host= --ignore-error= --ignore-table= --include-master-host-port --insert-ignore --lines-terminated-by= -x -l --skip-lock-tables --log-error= --max-allowed-packet= --net-buffer-length= --no-autocommit -n --no-create-db -t --no-create-info -d --no-data -N --no-set-names --opt --quick --set-charset --skip-opt --order-by-primary -p --password -P --port= --protocol= -q --skip-quick -Q --quote-names --skip-quote-names --replace -r --result-file= -R --routines --set-gtid-purged --dump-date --skip-dump-date -S --socket= --secure-auth --ssl-mode= --ssl --ssl-mode --skip-ssl --ssl-verify-server-cert --ssl-ca= --ssl-capath= --ssl-cert= --ssl-cipher= --ssl-key= --ssl-crl= --ssl-crlpath= --tls-version= -T --tab= --tables --triggers --skip-triggers --tz-utc --skip-tz-utc -u --user= -v --verbose -V --version -w --where= -X --xml --plugin-dir= --default-auth= --enable-cleartext-plugin" />
    <property name="MYSQL_RESTORE_CLI_PACK_LAST_USED_CONFIGURATION" value="MYSQL_RESTORE_KEY" />
    <property name="MYSQL_RESTORE_KEY_COMMAND" value="&lt; &quot;/home/radic/dump.sql&quot; --database=packages" />
    <property name="MYSQL_RESTORE_KEY_EXPANDED" value="true" />
    <property name="MYSQL_RESTORE_KEY_PATH" value="/usr/bin/mysql" />
    <property name="MYSQL_RESTORE_KEY_VARIANTS_-2069723376" value="--help -I --auto-rehash --disable-auto-rehash --skip-auto-rehash -A --no-auto-rehash --auto-vertical-output -B --batch --silent --bind-address= --binary-as-hex --character-sets-dir= --column-type-info -c --comments --skip-comments -C --compress -# --debug --debug-check -T --debug-info -D --database= --default-character-set= --delimiter= --enable-cleartext-plugin -e --execute= --force -E --vertical -f --histignore= -G --named-commands --disable-named-commands -i --ignore-spaces --init-command= --local-infile -b --no-beep -h --host= -H --html -X --xml --line-numbers --skip-line-numbers -L -n --unbuffered --column-names --skip-column-names -N --sigint-ignore -o --one-database --pager --disable-pager -p --password -P --port= --prompt= --protocol= -q --quick -r --raw --reconnect --disable-reconnect --skip-reconnect -s -S --socket= --ssl-mode= --ssl --ssl-mode --skip-ssl --ssl-verify-server-cert --ssl-ca= --ssl-capath= --ssl-cert= --ssl-cipher= --ssl-key= --ssl-crl= --ssl-crlpath= --tls-version= -t --table --tee= --disable-tee -u --user= -U --safe-updates --i-am-a-dummy -v --verbose -V --version -w --wait --connect-timeout= --max-allowed-packet= --net-buffer-length= --select-limit= --max-join-size= --secure-auth --server-arg= --show-warnings -j --syslog --plugin-dir= --default-auth= --binary-mode --connect-expired-password" />
    <property name="MarketplacePluginsSearchHistory" value="phpstan&#10;phpst&#10;php&#10;json5&#10;json" />
    <property name="MavenModuleWizard.inheritGroupId" value="true" />
    <property name="MavenModuleWizard.inheritVersion" value="true" />
    <property name="MemberChooser.copyJavadoc" value="false" />
    <property name="MemberChooser.showClasses" value="true" />
    <property name="PLUGIN_FILTER" value="git&#10;tas&#10;git flow&#10;task&#10;model" />
    <property name="PhpStorm.InitialConfiguration" value="true" />
    <property name="PhpUnit.Splitter.Proportion" value="0.33084947" />
    <property name="PhpUnitSupport.hideIgnoredTests" value="true" />
    <property name="PhpUnitSupport.hidePassedTests" value="false" />
    <property name="PhpUnitSupport.sortTestsByDuration" value="true" />
    <property name="PluginConfigurable.selectionTab" value="1" />
    <property name="Regexes" value=".*" />
    <property name="Removers" value="" />
    <property name="SearchEveryWhereHistory" value="attribu&#10;header.t&#10;U&#10;lighthouse&#10;metada" />
    <property name="SettingsSearchHistory" value="profi&#10;exter&#10;toolbox&#10;todo&#10;gf" />
    <property name="SplitFileEditor.Proportion" value="0.7720663" />
    <property name="SqlStructureView.filterD.file.structure.state" value="true" />
    <property name="TrendingPluginsSearchHistory" value="php inspect&#10;angular&#10;vue&#10;polymer&#10;vagrant" />
    <property name="XDebuggerExpressionEditor_Use_Soft_Wraps" value="true" />
    <property name="build.toolwindow.Sync.selection.state" value="com.intellij.build.BuildTreeConsoleView" />
    <property name="build.toolwindow.run.selection.state" value="consoleView" />
    <property name="com.intellij.database.actions.DdlActions$DeleteProvider2$1.previewExpanded" value="true" />
    <property name="com.intellij.history.integration.ui.views.DirectoryHistoryDialog.0" value="300" />
    <property name="com.intellij.history.integration.ui.views.DirectoryHistoryDialog.searchHistory" value="model" />
    <property name="com.intellij.history.integration.ui.views.FileHistoryDialog.0" value="191" />
    <property name="com.intellij.history.integration.ui.views.FileHistoryDialog.1" value="800" />
    <property name="com.intellij.history.integration.ui.views.SelectionHistoryDialog.0" value="300" />
    <property name="com.intellij.history.integration.ui.views.SelectionHistoryDialog.1" value="800" />
    <property name="com.intellij.openapi.roots.ui.configuration.TabbedModuleEditor.selectedEditor" value="Sources" />
    <property name="com.intellij.remoteServer.impl.runtime.ui.ServersToolWindowContent:com.intellij.docker.view.DockerViewContribution.0" value="300" />
    <property name="create.project.preferred.importer" value="Existing Sources" />
    <property name="decompiler.legal.notice.accepted" value="true" />
    <property name="defaultJdkConfigured" value="true" />
    <property name="delete.locally.added.files" value="true" />
    <property name="dir.diff.panel.divider.location" value="383" />
    <property name="dir.diff.space.button.info" value="3" />
    <property name="duplicate.index.options.PHP.anonymizeFunctions" value="true" />
    <property name="duplicate.index.options.PHP.anonymizeIdentifiers" value="true" />
    <property name="duplicate.index.options.PHP.anonymizeLiterals" value="true" />
    <property name="duplicate.index.options.PHP.enabledLanguage" value="true" />
    <property name="es6.show.auto.import" value="true" />
    <property name="evlsprt3.192" value="18" />
    <property name="evlsprt3.193" value="19" />
    <property name="export.settings.path" value="$USER_HOME$/ide-settings/idea-php-settings.zip" />
    <property name="file.chooser.recent.files" value="/mnt/old/home/radic/mylink/zwolle&#10;/home/radic/projects/pyro/.tmp/streams-platform-2&#10;/home/radic/.xdebug/cachegrind.out.428&#10;/home/radic/.xdebug/cachegrind.out.428.049bf1&#10;/home/radic/.xdebug/pyro.artisan.test.out.32301&#10;/home/radic/.xdebug/pyro.artisan.test.out.25858&#10;/usr/bin/php7.2&#10;/home/radic/.xdebug/pyro.artisan.test.out.25608&#10;/home/radic/.xdebug/pyro.artisan.test.out.25325&#10;/home/radic/.xdebug/pyro.artisan.test.out.19149&#10;/home/radic/.xdebug/cachegrind.out.17741&#10;/home/radic/.xdebug/cachegrind.out.16994&#10;/home/radic/.xdebug/cachegrind.out.14748&#10;/home/radic/.xdebug/cachegrind.out.14747&#10;/home/radic/.xdebug/cachegrind.out.30096&#10;/home/radic/.xdebug/cachegrind.out.27132&#10;/home/radic/.xdebug/cachegrind.out.27137&#10;/home/radic/projects/laradic/laradic/idea&#10;/home/radic/projects/pyro/storage/framework/views/twig&#10;/home/radic/projects/pyro/storage/views/twig&#10;/home/radic/projects/pyro&#10;/home/radic/projects/pyro/Dockerfile&#10;/home/radic/projects/pyro/bin/php-cs-fixer&#10;/home/radic/mylink/zwolle/packages/crvs-legacy/src&#10;/home/radic/projects/codex.wmomo.nl/artisan&#10;/home/radic/projects/pyro/local_history1.patch&#10;/home/radic/mylink/vrijwilligersplatform.info&#10;/home/radic/projects/packages.wmomo.nl/app/cache/prod/twig&#10;/home/radic/projects/packages.radic.ninja&#10;/home/radic/.ssh/id_rsa" />
    <property name="file.gist.reindex.count" value="3102733" />
    <property name="fileTypeChangedCounter" value="206" />
    <property name="find.popup.splitter" value="0.6435331" />
    <property name="ide.memory.adjusted" value="true" />
    <property name="import_error_directory" value="$USER_HOME$" />
    <property name="import_write_errors" value="true" />
    <property name="insert_as_null" value="true" />
    <property name="installed.kotlin.plugin.version" value="1.3.21-release-IJ2019.1-3" />
    <property name="jdk.selected.FLEXMARK_JAVA_EXTENSION" value="1.8" />
    <property name="jdk.selected.JAVA_MODULE" value="1.8" />
    <property name="js.chrome.debugger.port.98ca6316-2f89-46d9-a9e5-fa9e2b0625b3" value="44133" />
    <property name="js.only.type.based.completion" value="true" />
    <property name="js.overrides.completion" value="true" />
    <property name="js.rename.search.for.text.occurrences" value="false" />
    <property name="js.rename.search.in.comments" value="false" />
    <property name="js.var.names.completion" value="true" />
    <property name="js.var.names.completion.kind" value="TYPES_FOR_PARAMS" />
    <property name="kotlin.lastUpdateCheck" value="1561723300360" />
    <property name="last.imported.location" value="$USER_HOME$/projects/pyro/.idea/pyro.iml" />
    <property name="mt.showStatisticsAgreement" value="true" />
    <property name="param.hints.settings.last.edited.language" value="PHP" />
    <property name="plugins.preselection.path" value="/mnt/fat/downloads" />
    <property name="project.wizard.group" value="org.jetbrains.plugins.gradle.service.project.wizard.GradleModuleBuilder" />
    <property name="project.wizard.template" value="Maven" />
    <property name="selected.color.option.type" value="HTML_TAG_TREE_LEVEL1" />
    <property name="settings.code.style.selected.tab.CSS" value="Blank Lines" />
    <property name="settings.code.style.selected.tab.Groovy" value="Wrapping and Braces" />
    <property name="settings.code.style.selected.tab.HTML" value="Other" />
    <property name="settings.code.style.selected.tab.JAVA" value="Blank Lines" />
    <property name="settings.code.style.selected.tab.JavaScript" value="Punctuation" />
    <property name="settings.code.style.selected.tab.PHP" value="Blank Lines" />
    <property name="settings.code.style.selected.tab.SCSS" value="Other" />
    <property name="settings.code.style.selected.tab.Sybase" value="Tabs and Indents" />
    <property name="settings.code.style.selected.tab.TypeScript" value="Arrangement" />
    <property name="settings.code.style.selected.tab.yaml" value="Wrapping and Braces" />
    <property name="show.vcs.annotation.aspect.Author" value="false" />
    <property name="show.vcs.annotation.aspect.Commit number" value="true" />
    <property name="split.preview.anchors.proportion" value="0.7" />
    <property name="split.proportion" value="0.33" />
    <property name="tasks.pass.word.conversion.enforced" value="true" />
    <property name="ts.lib.d.ts.version" value="3.7.2" />
    <property name="typescript.show.auto.import" value="true" />
    <property name="vcs.history.diff.splitter.proportion" value="0.21511322" />
    <property name="vcs.log.changes.splitter.proportion" value="0.47341555" />
  </component>
  <component name="PropertiesSeparatorManager">
    <file url="file:///mnt/safe/projects/SwiftApi/gradle.properties" separator="\u002e" />
    <file url="file:///mnt/safe/projects/sponge/run/server.properties" separator="\u002e" />
    <file url="file:///mnt/safe/projects/sponge-plugin/gradle.properties" separator="\u002e" />
  </component>
  <component name="PyTestFrameworkService">
    <option name="SDK_TO_PYTEST">
      <map>
        <entry key="/usr/bin/python2.7" value="false" />
      </map>
    </option>
  </component>
  <component name="RecentTaskRepositories">
    <JIRA shared="true" url="https://sebwite.atlassian.net">
      <option name="apiType" value="REST_2_0" />
      <commitMessageFormat>{id} {summary}</commitMessageFormat>
      <option name="inCloud" value="false" />
      <option name="jiraVersion" value="7.1.0-OD-02-030" />
      <option name="loginAnonymously" value="false" />
      <option name="preferredCloseTaskState" />
      <option name="preferredOpenTaskState" />
      <option name="searchQuery" value="assignee = currentUser() and resolution = Unresolved order by updated" />
      <option name="shouldFormatCommitMessage" value="true" />
      <option name="useHttpAuthentication" value="true" />
      <option name="useProxy" value="false" />
      <username>robin</username>
    </JIRA>
    <JIRA shared="true" url="http://jira.radic.nl:8080">
      <option name="apiType" value="REST_2_0" />
      <commitMessageFormat>{id} {summary}</commitMessageFormat>
      <option name="inCloud" value="false" />
      <option name="jiraVersion" value="7.1.0" />
      <option name="loginAnonymously" value="false" />
      <option name="preferredCloseTaskState" />
      <option name="preferredOpenTaskState" />
      <option name="searchQuery" value="assignee = currentUser() and resolution = Unresolved order by updated" />
      <option name="shouldFormatCommitMessage" value="false" />
      <option name="useHttpAuthentication" value="true" />
      <option name="useProxy" value="false" />
      <username>radic</username>
    </JIRA>
    <JIRA shared="true" url="https://projects.wmomo.nl">
      <option name="apiType" value="REST_2_0" />
      <commitMessageFormat>{id} {summary}</commitMessageFormat>
      <option name="inCloud" value="false" />
      <option name="jiraVersion" value="8.3.3" />
      <option name="loginAnonymously" value="false" />
      <option name="preferredCloseTaskState" />
      <option name="preferredOpenTaskState" />
      <option name="searchQuery" value="status != Done " />
      <option name="shouldFormatCommitMessage" value="true" />
      <option name="useHttpAuthentication" value="true" />
      <option name="useProxy" value="false" />
      <username>radic</username>
    </JIRA>
    <FogBugz shared="false" url="https://example.fogbugz.com">
      <commitMessageFormat>{id} {summary}</commitMessageFormat>
      <token />
      <option name="loginAnonymously" value="false" />
      <option name="preferredCloseTaskState" />
      <option name="preferredOpenTaskState" />
      <option name="shouldFormatCommitMessage" value="false" />
      <option name="useHttpAuthentication" value="false" />
      <option name="useProxy" value="false" />
      <username />
    </FogBugz>
    <JIRA shared="false" url="http://build.radic.nl:8080">
      <option name="apiType" value="REST_2_0" />
      <commitMessageFormat>{id} {summary}</commitMessageFormat>
      <option name="inCloud" value="false" />
      <option name="jiraVersion" value="7.1.0" />
      <option name="loginAnonymously" value="false" />
      <option name="preferredCloseTaskState" />
      <option name="preferredOpenTaskState" />
      <option name="searchQuery" value="assignee = currentUser() and resolution = Unresolved order by updated" />
      <option name="shouldFormatCommitMessage" value="true" />
      <option name="useHttpAuthentication" value="true" />
      <option name="useProxy" value="false" />
      <username>radic</username>
    </JIRA>
    <Generic shared="true" url="https://api.bitbucket.org/1.0/repositories/codex-project/graph">
      <commitMessageFormat>{summary} #{id}</commitMessageFormat>
      <option name="downloadTasksInSeparateRequests" value="false" />
      <option name="loginAnonymously" value="false" />
      <option name="loginMethodType" value="GET" />
      <option name="loginUrl" value="" />
      <option name="preferredCloseTaskState" />
      <option name="preferredOpenTaskState" />
      <option name="responseHandlers">
        <XPathResponseHandler>
          <selectors>
            <selector name="tasks" path="" />
            <selector name="id" path="" />
            <selector name="summary" path="" />
            <selector name="description" path="" />
            <selector name="updated" path="" />
            <selector name="created" path="" />
            <selector name="closed" path="" />
            <selector name="issueUrl" path="" />
            <selector name="singleTask-id" path="" />
            <selector name="singleTask-summary" path="" />
            <selector name="singleTask-description" path="" />
            <selector name="singleTask-updated" path="" />
            <selector name="singleTask-created" path="" />
            <selector name="singleTask-closed" path="" />
            <selector name="singleTask-issueUrl" path="" />
          </selectors>
        </XPathResponseHandler>
        <JsonResponseHandler>
          <selectors>
            <selector name="tasks" path="values[*]" />
            <selector name="id" path="id" />
            <selector name="summary" path="title" />
            <selector name="description" path="" />
            <selector name="updated" path="" />
            <selector name="created" path="" />
            <selector name="closed" path="" />
            <selector name="issueUrl" path="" />
            <selector name="singleTask-id" path="id" />
            <selector name="singleTask-summary" path="title" />
            <selector name="singleTask-description" path="content.raw" />
            <selector name="singleTask-updated" path="updated_on" />
            <selector name="singleTask-created" path="created_on" />
            <selector name="singleTask-closed" path="" />
            <selector name="singleTask-issueUrl" path="links.html.href" />
          </selectors>
        </JsonResponseHandler>
        <RegExResponseHandler>
          <option name="taskRegex" value="" />
        </RegExResponseHandler>
      </option>
      <option name="responseType" value="JSON" />
      <option name="shouldFormatCommitMessage" value="true" />
      <option name="singleTaskMethodType" value="GET" />
      <option name="singleTaskUrl" value="{serverUrl}/issues/{id}" />
      <option name="subtypeName" />
      <option name="tasksListMethodType" value="GET" />
      <option name="tasksListUrl" value="{serverUrl}/graph/issues?q=%28state+%3D+%22new%22+OR+state+%3D+%22open%22%29" />
      <option name="templateVariables">
        <list />
      </option>
      <option name="useHttpAuthentication" value="false" />
      <option name="useProxy" value="false" />
      <username>rradic@hotmail.com</username>
    </Generic>
    <GitHub shared="false" url="https://github.com">
      <option name="assignedIssuesOnly" value="false" />
      <commitMessageFormat>{id} {summary}</commitMessageFormat>
      <option name="loginAnonymously" value="false" />
      <option name="preferredCloseTaskState" />
      <option name="preferredOpenTaskState" />
      <option name="repoAuthor" value="robinradic" />
      <option name="repoName" value="blade-extensions" />
      <option name="shouldFormatCommitMessage" value="true" />
      <option name="useHttpAuthentication" value="false" />
      <option name="useProxy" value="false" />
      <option name="user" value="" />
      <username />
    </GitHub>
    <JIRA shared="true" url="http://localhost:8980">
      <option name="apiType" value="REST_2_0" />
      <commitMessageFormat>{id} {summary}</commitMessageFormat>
      <option name="inCloud" value="false" />
      <option name="jiraVersion" value="7.4.3" />
      <option name="loginAnonymously" value="false" />
      <option name="preferredCloseTaskState" />
      <option name="preferredOpenTaskState" />
      <option name="searchQuery" value="assignee = currentUser() and resolution = Unresolved order by updated" />
      <option name="shouldFormatCommitMessage" value="false" />
      <option name="useHttpAuthentication" value="true" />
      <option name="useProxy" value="false" />
      <username>radic</username>
    </JIRA>
    <Generic shared="true" url="https://api.bitbucket.org/1.0/repositories/mylink/leeuwarden">
      <commitMessageFormat>{id} {summary}</commitMessageFormat>
      <option name="downloadTasksInSeparateRequests" value="false" />
      <option name="loginAnonymously" value="false" />
      <option name="loginMethodType" value="GET" />
      <option name="loginUrl" value="" />
      <option name="preferredCloseTaskState" />
      <option name="preferredOpenTaskState" />
      <option name="responseHandlers">
        <XPathResponseHandler>
          <selectors>
            <selector name="tasks" path="" />
            <selector name="id" path="" />
            <selector name="summary" path="" />
            <selector name="description" path="" />
            <selector name="updated" path="" />
            <selector name="created" path="" />
            <selector name="closed" path="" />
            <selector name="issueUrl" path="" />
            <selector name="singleTask-id" path="" />
            <selector name="singleTask-summary" path="" />
            <selector name="singleTask-description" path="" />
            <selector name="singleTask-updated" path="" />
            <selector name="singleTask-created" path="" />
            <selector name="singleTask-closed" path="" />
            <selector name="singleTask-issueUrl" path="" />
          </selectors>
        </XPathResponseHandler>
        <JsonResponseHandler>
          <selectors>
            <selector name="tasks" path="issues[*]" />
            <selector name="id" path="local_id" />
            <selector name="summary" path="title" />
            <selector name="description" path="content" />
            <selector name="updated" path="" />
            <selector name="created" path="" />
            <selector name="closed" path="" />
            <selector name="issueUrl" path="" />
            <selector name="singleTask-id" path="local_id" />
            <selector name="singleTask-summary" path="title" />
            <selector name="singleTask-description" path="content" />
            <selector name="singleTask-updated" path="updated_on" />
            <selector name="singleTask-created" path="created_on" />
            <selector name="singleTask-closed" path="" />
            <selector name="singleTask-issueUrl" path="links.html.href" />
          </selectors>
        </JsonResponseHandler>
        <RegExResponseHandler>
          <option name="taskRegex" value="" />
        </RegExResponseHandler>
      </option>
      <option name="responseType" value="JSON" />
      <option name="shouldFormatCommitMessage" value="true" />
      <option name="singleTaskMethodType" value="GET" />
      <option name="singleTaskUrl" value="{serverUrl}/issues/{id}" />
      <option name="subtypeName" />
      <option name="tasksListMethodType" value="GET" />
      <option name="tasksListUrl" value="{serverUrl}/issues?q=%28state+%3D+%22new%22+OR+state+%3D+%22open%22%29" />
      <option name="templateVariables">
        <list />
      </option>
      <option name="useHttpAuthentication" value="true" />
      <option name="useProxy" value="false" />
      <username>robinradic</username>
    </Generic>
    <JIRA shared="true" url="https://jira.pluut.nl">
      <option name="apiType" value="REST_2_0" />
      <commitMessageFormat>{id} {summary}</commitMessageFormat>
      <option name="inCloud" value="false" />
      <option name="jiraVersion" value="7.3.5" />
      <option name="loginAnonymously" value="false" />
      <option name="preferredCloseTaskState" />
      <option name="preferredOpenTaskState" />
      <option name="searchQuery" value="resolution = Unresolved order by updated" />
      <option name="shouldFormatCommitMessage" value="false" />
      <option name="useHttpAuthentication" value="true" />
      <option name="useProxy" value="false" />
      <username>robin</username>
    </JIRA>
  </component>
  <component name="RubyCucumber" number="6" string0="calabash-android" string1="calabash-cucumber" string2="cucumber-api-steps" string3="factory_girl" string4="json_spec" string5="rails3-jquery-autocomplete" />
  <component name="SvgViewer.Settings">
    <option name="PLUGIN_ENABLED" value="true" />
  </component>
  <component name="SystemNotifications">
    <option name="NOTIFICATIONS">
      <set>
        <option value="Compiler (success)" />
      </set>
    </option>
  </component>
  <component name="TabdirConfiguration">
    <option name="charsInName" value="5" />
    <option name="countMaxDirsFromStart" value="true" />
    <option name="dirSeparator" value="|" />
    <option name="filesExtensions" value="" />
    <option name="maxDirsToShow" value="3" />
    <option name="projectConfigEnabled" value="false" />
    <option name="reduceDirNames" value="true" />
    <option name="relativeTo" />
    <option name="removeDuplicates" value="false" />
    <option name="titleFormat" value="[{0}] {1}" />
    <option name="useExtensions" value="Do not use" />
  </component>
  <component name="TeamCityHistory">
    <option name="HISTORY" value="http://192.168.178.59:8111&amp;^%$#@radic@#$%^&amp;http://localhost:8431&amp;^%$#@admin" />
  </component>
  <component name="com.intellij.ide.fileTemplates.impl.FileTemplateManagerImpl">
    <recent_templates>
      <option name="RECENT_TEMPLATES">
        <value>
          <list size="0" />
        </value>
      </option>
    </recent_templates>
  </component>
  <component name="com.intellij.javaee.ExternalResourceManagerImpl">
    <resource url="http://plugins.intellij.net/xstructure/ns/xstructure_1_1.xsd" location="$USER_HOME$/file:/home/radic/.IntelliJIdea13/config/plugins/xstructure/lib/xstructure.jar!/org/sylfra/idea/plugins/xstructure/resources/schemas/xstructure_1_1.xsd" />
    <resource url="http://plugins.intellij.net/xstructure/ns/xstructure_1_0.xsd" location="$USER_HOME$/file:/home/radic/.IntelliJIdea13/config/plugins/xstructure/lib/xstructure.jar!/org/sylfra/idea/plugins/xstructure/resources/schemas/xstructure_1_0.xsd" />
    <ignored-resource url="http://exslt.org/strings" />
    <ignored-resource url="http://relaxng.org/ns/compatibility/annotations/1.0" />
    <ignored-resource url="http://exslt.org/dates-and-times" />
    <ignored-resource url="http://exslt.org/math" />
    <ignored-resource url="http://exslt.org/dynamic" />
    <ignored-resource url="http://exslt.org/sets" />
    <ignored-resource url="tapestry:parameter" />
    <ignored-resource url="http://www.w3.org/1998/Math/MathML" />
    <ignored-resource url="urn:idea:xslt-plugin#extensions" />
    <ignored-resource url="http://exslt.org/common" />
    <ignored-resource url="http://www.w3.org/2000/svg" />
    <CATALOG_PROPERTIES>$USER_HOME$/radicos/source/examples-docs/kiwi.xsd</CATALOG_PROPERTIES>
  </component>
  <component name="com.intellij.openapi.diff.impl.external.DiffManagerImpl" COMPARISON_POLICY="Ignore spaces" />
</application>