<application>
  <component name="ParameterNameHintsSettings">
    <blacklists>
      <blacklist language="TypeScript" />
      <blacklist language="Java" />
      <blacklist language="XML" />
      <blacklist language="JavaScript" />
      <blacklist language="PHP">
        <removed pattern="" />
      </blacklist>
      <blacklist language="YAML" />
      <blacklist language="SQL" />
    </blacklists>
    <option id="php.show.names.for.all.args" value="true" />
    <disabledLanguages>
      <language id="PHP" />
    </disabledLanguages>
  </component>
</application>