<application>
  <component name="MessDetector">
    <phpmd_settings>
      <MessDetectorConfiguration tool_path="/mnt/fat/php/projects/magento2/vendor/bin/phpmd" />
    </phpmd_settings>
  </component>
  <component name="PhpDebugGeneral" xdebug_resolve_breakpoints="false" />
  <component name="PhpInterpreters">
    <interpreters>
      <interpreter id="eee67804-0999-4de9-9005-6ccce8ae4e5a" name="PHP 7.3" home="/usr/bin/php" debugger_id="php.debugger.XDebug" />
      <interpreter id="a1eb0251-6671-418e-a985-5eb80745bec3" name="PHP 7.2" home="/usr/bin/php7.2" debugger_id="php.debugger.XDebug" />
      <interpreter id="33c9a8f2-5a9a-4ca4-a746-44a69a7092be" name="PHP 7.4" home="/usr/bin/php7.4" debugger_id="php.debugger.XDebug" />
    </interpreters>
  </component>
  <component name="PhpInterpretersPhpInfoCache">
    <phpInfoCache>
      <interpreter name="PHP 7.3">
        <phpinfo binary_type="PHP" php_cli="/usr/bin/php7.3" path_separator=":" version="7.3.16-1+ubuntu18.04.1+deb.sury.org+1">
          <additional_php_ini>/etc/php/7.3/cli/conf.d/10-mysqlnd.ini, /etc/php/7.3/cli/conf.d/10-opcache.ini, /etc/php/7.3/cli/conf.d/10-pdo.ini, /etc/php/7.3/cli/conf.d/15-xml.ini, /etc/php/7.3/cli/conf.d/20-bcmath.ini, /etc/php/7.3/cli/conf.d/20-bz2.ini, /etc/php/7.3/cli/conf.d/20-calendar.ini, /etc/php/7.3/cli/conf.d/20-ctype.ini, /etc/php/7.3/cli/conf.d/20-curl.ini, /etc/php/7.3/cli/conf.d/20-dom.ini, /etc/php/7.3/cli/conf.d/20-exif.ini, /etc/php/7.3/cli/conf.d/20-fileinfo.ini, /etc/php/7.3/cli/conf.d/20-ftp.ini, /etc/php/7.3/cli/conf.d/20-gd.ini, /etc/php/7.3/cli/conf.d/20-gettext.ini, /etc/php/7.3/cli/conf.d/20-gmp.ini, /etc/php/7.3/cli/conf.d/20-iconv.ini, /etc/php/7.3/cli/conf.d/20-igbinary.ini, /etc/php/7.3/cli/conf.d/20-intl.ini, /etc/php/7.3/cli/conf.d/20-json.ini, /etc/php/7.3/cli/conf.d/20-mbstring.ini, /etc/php/7.3/cli/conf.d/20-mysqli.ini, /etc/php/7.3/cli/conf.d/20-pdo_mysql.ini, /etc/php/7.3/cli/conf.d/20-pdo_sqlite.ini, /etc/php/7.3/cli/conf.d/20-phar.ini, /etc/php/7.3/cli/conf.d/20-posix.ini, /etc/php/7.3/cli/conf.d/20-readline.ini, /etc/php/7.3/cli/conf.d/20-redis.ini, /etc/php/7.3/cli/conf.d/20-shmop.ini, /etc/php/7.3/cli/conf.d/20-simplexml.ini, /etc/php/7.3/cli/conf.d/20-soap.ini, /etc/php/7.3/cli/conf.d/20-sockets.ini, /etc/php/7.3/cli/conf.d/20-sqlite3.ini, /etc/php/7.3/cli/conf.d/20-sysvmsg.ini, /etc/php/7.3/cli/conf.d/20-sysvsem.ini, /etc/php/7.3/cli/conf.d/20-sysvshm.ini, /etc/php/7.3/cli/conf.d/20-tokenizer.ini, /etc/php/7.3/cli/conf.d/20-wddx.ini, /etc/php/7.3/cli/conf.d/20-xdebug.ini, /etc/php/7.3/cli/conf.d/20-xmlreader.ini, /etc/php/7.3/cli/conf.d/20-xmlrpc.ini, /etc/php/7.3/cli/conf.d/20-xmlwriter.ini, /etc/php/7.3/cli/conf.d/20-xsl.ini, /etc/php/7.3/cli/conf.d/20-zip.ini</additional_php_ini>
          <configuration_file>/etc/php/7.3/cli/php.ini</configuration_file>
          <configuration_options>
            <configuration_option name="include_path" value=".:/usr/share/php" />
          </configuration_options>
          <debuggers>
            <debugger_info debugger="xdebug" debugger_version="2.9.3">
              <debug_extensions />
            </debugger_info>
          </debuggers>
          <loaded_extensions>
            <extension name="Core" />
            <extension name="PDO" />
            <extension name="Phar" />
            <extension name="Reflection" />
            <extension name="SPL" />
            <extension name="SimpleXML" />
            <extension name="Zend OPcache" />
            <extension name="bcmath" />
            <extension name="bz2" />
            <extension name="calendar" />
            <extension name="ctype" />
            <extension name="curl" />
            <extension name="date" />
            <extension name="dom" />
            <extension name="exif" />
            <extension name="fileinfo" />
            <extension name="filter" />
            <extension name="ftp" />
            <extension name="gd" />
            <extension name="gettext" />
            <extension name="gmp" />
            <extension name="hash" />
            <extension name="iconv" />
            <extension name="igbinary" />
            <extension name="intl" />
            <extension name="json" />
            <extension name="libxml" />
            <extension name="mbstring" />
            <extension name="mysqli" />
            <extension name="mysqlnd" />
            <extension name="openssl" />
            <extension name="pcntl" />
            <extension name="pcre" />
            <extension name="pdo_mysql" />
            <extension name="pdo_sqlite" />
            <extension name="posix" />
            <extension name="readline" />
            <extension name="redis" />
            <extension name="session" />
            <extension name="shmop" />
            <extension name="soap" />
            <extension name="sockets" />
            <extension name="sodium" />
            <extension name="sqlite3" />
            <extension name="standard" />
            <extension name="sysvmsg" />
            <extension name="sysvsem" />
            <extension name="sysvshm" />
            <extension name="tokenizer" />
            <extension name="wddx" />
            <extension name="xdebug" />
            <extension name="xml" />
            <extension name="xmlreader" />
            <extension name="xmlrpc" />
            <extension name="xmlwriter" />
            <extension name="xsl" />
            <extension name="zip" />
            <extension name="zlib" />
          </loaded_extensions>
        </phpinfo>
      </interpreter>
      <interpreter name="PHP 7.4">
        <phpinfo binary_type="PHP" php_cli="/usr/bin/php7.4" path_separator=":" version="7.4.1">
          <additional_php_ini>/etc/php/7.4/cli/conf.d/10-mysqlnd.ini, /etc/php/7.4/cli/conf.d/10-opcache.ini, /etc/php/7.4/cli/conf.d/10-pdo.ini, /etc/php/7.4/cli/conf.d/15-xml.ini, /etc/php/7.4/cli/conf.d/20-bcmath.ini, /etc/php/7.4/cli/conf.d/20-calendar.ini, /etc/php/7.4/cli/conf.d/20-ctype.ini, /etc/php/7.4/cli/conf.d/20-curl.ini, /etc/php/7.4/cli/conf.d/20-dom.ini, /etc/php/7.4/cli/conf.d/20-exif.ini, /etc/php/7.4/cli/conf.d/20-ffi.ini, /etc/php/7.4/cli/conf.d/20-fileinfo.ini, /etc/php/7.4/cli/conf.d/20-ftp.ini, /etc/php/7.4/cli/conf.d/20-gd.ini, /etc/php/7.4/cli/conf.d/20-gettext.ini, /etc/php/7.4/cli/conf.d/20-iconv.ini, /etc/php/7.4/cli/conf.d/20-igbinary.ini, /etc/php/7.4/cli/conf.d/20-intl.ini, /etc/php/7.4/cli/conf.d/20-json.ini, /etc/php/7.4/cli/conf.d/20-mbstring.ini, /etc/php/7.4/cli/conf.d/20-mysqli.ini, /etc/php/7.4/cli/conf.d/20-pdo_mysql.ini, /etc/php/7.4/cli/conf.d/20-pdo_sqlite.ini, /etc/php/7.4/cli/conf.d/20-phar.ini, /etc/php/7.4/cli/conf.d/20-posix.ini, /etc/php/7.4/cli/conf.d/20-readline.ini, /etc/php/7.4/cli/conf.d/20-redis.ini, /etc/php/7.4/cli/conf.d/20-shmop.ini, /etc/php/7.4/cli/conf.d/20-simplexml.ini, /etc/php/7.4/cli/conf.d/20-soap.ini, /etc/php/7.4/cli/conf.d/20-sockets.ini, /etc/php/7.4/cli/conf.d/20-sqlite3.ini, /etc/php/7.4/cli/conf.d/20-sysvmsg.ini, /etc/php/7.4/cli/conf.d/20-sysvsem.ini, /etc/php/7.4/cli/conf.d/20-sysvshm.ini, /etc/php/7.4/cli/conf.d/20-tokenizer.ini, /etc/php/7.4/cli/conf.d/20-xdebug.ini, /etc/php/7.4/cli/conf.d/20-xmlreader.ini, /etc/php/7.4/cli/conf.d/20-xmlwriter.ini, /etc/php/7.4/cli/conf.d/20-xsl.ini, /etc/php/7.4/cli/conf.d/20-zip.ini</additional_php_ini>
          <configuration_file>/etc/php/7.4/cli/php.ini</configuration_file>
          <configuration_options>
            <configuration_option name="include_path" value=".:/usr/share/php" />
          </configuration_options>
          <debuggers>
            <debugger_info debugger="xdebug" debugger_version="2.9.0">
              <debug_extensions />
            </debugger_info>
          </debuggers>
          <loaded_extensions>
            <extension name="Core" />
            <extension name="FFI" />
            <extension name="PDO" />
            <extension name="Phar" />
            <extension name="Reflection" />
            <extension name="SPL" />
            <extension name="SimpleXML" />
            <extension name="Zend OPcache" />
            <extension name="bcmath" />
            <extension name="calendar" />
            <extension name="ctype" />
            <extension name="curl" />
            <extension name="date" />
            <extension name="dom" />
            <extension name="exif" />
            <extension name="fileinfo" />
            <extension name="filter" />
            <extension name="ftp" />
            <extension name="gd" />
            <extension name="gettext" />
            <extension name="hash" />
            <extension name="iconv" />
            <extension name="igbinary" />
            <extension name="intl" />
            <extension name="json" />
            <extension name="libxml" />
            <extension name="mbstring" />
            <extension name="mysqli" />
            <extension name="mysqlnd" />
            <extension name="openssl" />
            <extension name="pcntl" />
            <extension name="pcre" />
            <extension name="pdo_mysql" />
            <extension name="pdo_sqlite" />
            <extension name="posix" />
            <extension name="readline" />
            <extension name="redis" />
            <extension name="session" />
            <extension name="shmop" />
            <extension name="soap" />
            <extension name="sockets" />
            <extension name="sodium" />
            <extension name="sqlite3" />
            <extension name="standard" />
            <extension name="sysvmsg" />
            <extension name="sysvsem" />
            <extension name="sysvshm" />
            <extension name="tokenizer" />
            <extension name="xdebug" />
            <extension name="xml" />
            <extension name="xmlreader" />
            <extension name="xmlwriter" />
            <extension name="xsl" />
            <extension name="zip" />
            <extension name="zlib" />
          </loaded_extensions>
        </phpinfo>
      </interpreter>
      <interpreter name="PHP 7.2">
        <phpinfo binary_type="PHP" php_cli="/usr/bin/php7.2" path_separator=":" version="7.2.29-1+ubuntu18.04.1+deb.sury.org+1">
          <additional_php_ini>/etc/php/7.2/cli/conf.d/10-mysqlnd.ini, /etc/php/7.2/cli/conf.d/10-opcache.ini, /etc/php/7.2/cli/conf.d/10-pdo.ini, /etc/php/7.2/cli/conf.d/15-xml.ini, /etc/php/7.2/cli/conf.d/20-bcmath.ini, /etc/php/7.2/cli/conf.d/20-calendar.ini, /etc/php/7.2/cli/conf.d/20-ctype.ini, /etc/php/7.2/cli/conf.d/20-curl.ini, /etc/php/7.2/cli/conf.d/20-dom.ini, /etc/php/7.2/cli/conf.d/20-exif.ini, /etc/php/7.2/cli/conf.d/20-fileinfo.ini, /etc/php/7.2/cli/conf.d/20-ftp.ini, /etc/php/7.2/cli/conf.d/20-gd.ini, /etc/php/7.2/cli/conf.d/20-gettext.ini, /etc/php/7.2/cli/conf.d/20-iconv.ini, /etc/php/7.2/cli/conf.d/20-igbinary.ini, /etc/php/7.2/cli/conf.d/20-json.ini, /etc/php/7.2/cli/conf.d/20-mbstring.ini, /etc/php/7.2/cli/conf.d/20-mysqli.ini, /etc/php/7.2/cli/conf.d/20-pdo_mysql.ini, /etc/php/7.2/cli/conf.d/20-phar.ini, /etc/php/7.2/cli/conf.d/20-posix.ini, /etc/php/7.2/cli/conf.d/20-readline.ini, /etc/php/7.2/cli/conf.d/20-redis.ini, /etc/php/7.2/cli/conf.d/20-shmop.ini, /etc/php/7.2/cli/conf.d/20-simplexml.ini, /etc/php/7.2/cli/conf.d/20-soap.ini, /etc/php/7.2/cli/conf.d/20-sockets.ini, /etc/php/7.2/cli/conf.d/20-sysvmsg.ini, /etc/php/7.2/cli/conf.d/20-sysvsem.ini, /etc/php/7.2/cli/conf.d/20-sysvshm.ini, /etc/php/7.2/cli/conf.d/20-tokenizer.ini, /etc/php/7.2/cli/conf.d/20-wddx.ini, /etc/php/7.2/cli/conf.d/20-xdebug.ini, /etc/php/7.2/cli/conf.d/20-xmlreader.ini, /etc/php/7.2/cli/conf.d/20-xmlwriter.ini, /etc/php/7.2/cli/conf.d/20-xsl.ini</additional_php_ini>
          <configuration_file>/etc/php/7.2/cli/php.ini</configuration_file>
          <configuration_options>
            <configuration_option name="include_path" value=".:/usr/share/php" />
          </configuration_options>
          <debuggers>
            <debugger_info debugger="xdebug" debugger_version="2.9.3">
              <debug_extensions />
            </debugger_info>
          </debuggers>
          <loaded_extensions>
            <extension name="Core" />
            <extension name="PDO" />
            <extension name="Phar" />
            <extension name="Reflection" />
            <extension name="SPL" />
            <extension name="SimpleXML" />
            <extension name="Zend OPcache" />
            <extension name="bcmath" />
            <extension name="calendar" />
            <extension name="ctype" />
            <extension name="curl" />
            <extension name="date" />
            <extension name="dom" />
            <extension name="exif" />
            <extension name="fileinfo" />
            <extension name="filter" />
            <extension name="ftp" />
            <extension name="gd" />
            <extension name="gettext" />
            <extension name="hash" />
            <extension name="iconv" />
            <extension name="igbinary" />
            <extension name="json" />
            <extension name="libxml" />
            <extension name="mbstring" />
            <extension name="mysqli" />
            <extension name="mysqlnd" />
            <extension name="openssl" />
            <extension name="pcntl" />
            <extension name="pcre" />
            <extension name="pdo_mysql" />
            <extension name="posix" />
            <extension name="readline" />
            <extension name="redis" />
            <extension name="session" />
            <extension name="shmop" />
            <extension name="soap" />
            <extension name="sockets" />
            <extension name="sodium" />
            <extension name="standard" />
            <extension name="sysvmsg" />
            <extension name="sysvsem" />
            <extension name="sysvshm" />
            <extension name="tokenizer" />
            <extension name="wddx" />
            <extension name="xdebug" />
            <extension name="xml" />
            <extension name="xmlreader" />
            <extension name="xmlwriter" />
            <extension name="xsl" />
            <extension name="zlib" />
          </loaded_extensions>
        </phpinfo>
      </interpreter>
    </phpInfoCache>
  </component>
</application>