<application>
  <component name="RemoteServerClientLibraries">
    <client-library id="docker-2.4.1">
      <file path="/mnt/ramdisk/.idea/system/remote-server-libraries/docker-2.4.1/jackson-jaxrs-json-provider-2.6.4.jar" />
      <file path="/mnt/ramdisk/.idea/system/remote-server-libraries/docker-2.4.1/jackson-jaxrs-base-2.6.4.jar" />
      <file path="/mnt/ramdisk/.idea/system/remote-server-libraries/docker-2.4.1/jersey-apache-connector-2.11.jar" />
      <file path="/mnt/ramdisk/.idea/system/remote-server-libraries/docker-2.4.1/jackson-module-jaxb-annotations-2.6.4.jar" />
      <file path="/mnt/ramdisk/.idea/system/remote-server-libraries/docker-2.4.1/jackson-core-2.6.4.jar" />
      <file path="/mnt/ramdisk/.idea/system/remote-server-libraries/docker-2.4.1/jackson-annotations-2.6.4.jar" />
      <file path="/mnt/ramdisk/.idea/system/remote-server-libraries/docker-2.4.1/javax.annotation-api-1.2.jar" />
      <file path="/mnt/ramdisk/.idea/system/remote-server-libraries/docker-2.4.1/osgi-resource-locator-1.0.1.jar" />
      <file path="/mnt/ramdisk/.idea/system/remote-server-libraries/docker-2.4.1/javax.ws.rs-api-2.0.jar" />
      <file path="/mnt/ramdisk/.idea/system/remote-server-libraries/docker-2.4.1/docker-java-3.0.0.jar" />
      <file path="/mnt/ramdisk/.idea/system/remote-server-libraries/docker-2.4.1/jersey-client-2.11.jar" />
      <file path="/mnt/ramdisk/.idea/system/remote-server-libraries/docker-2.4.1/hk2-api-2.3.0-b05.jar" />
      <file path="/mnt/ramdisk/.idea/system/remote-server-libraries/docker-2.4.1/hk2-utils-2.3.0-b05.jar" />
      <file path="/mnt/ramdisk/.idea/system/remote-server-libraries/docker-2.4.1/aopalliance-repackaged-2.3.0-b05.jar" />
      <file path="/mnt/ramdisk/.idea/system/remote-server-libraries/docker-2.4.1/javax.inject-2.3.0-b05.jar" />
      <file path="/mnt/ramdisk/.idea/system/remote-server-libraries/docker-2.4.1/commons-logging-1.1.3.jar" />
      <file path="/mnt/ramdisk/.idea/system/remote-server-libraries/docker-2.4.1/hk2-locator-2.3.0-b05.jar" />
      <file path="/mnt/ramdisk/.idea/system/remote-server-libraries/docker-2.4.1/httpcore-4.3.jar" />
      <file path="/mnt/ramdisk/.idea/system/remote-server-libraries/docker-2.4.1/commons-compress-1.5.jar" />
      <file path="/mnt/ramdisk/.idea/system/remote-server-libraries/docker-2.4.1/unix-socket-factory-2015-01-27T15-02-14.jar" />
      <file path="/mnt/ramdisk/.idea/system/remote-server-libraries/docker-2.4.1/javassist-3.18.1-GA.jar" />
      <file path="/mnt/ramdisk/.idea/system/remote-server-libraries/docker-2.4.1/xz-1.2.jar" />
      <file path="/mnt/ramdisk/.idea/system/remote-server-libraries/docker-2.4.1/commons-codec-1.8.jar" />
      <file path="/mnt/ramdisk/.idea/system/remote-server-libraries/docker-2.4.1/slf4j-api-1.7.5.jar" />
      <file path="/mnt/ramdisk/.idea/system/remote-server-libraries/docker-2.4.1/jcl-over-slf4j-1.7.12.jar" />
      <file path="/mnt/ramdisk/.idea/system/remote-server-libraries/docker-2.4.1/commons-io-2.3.jar" />
      <file path="/mnt/ramdisk/.idea/system/remote-server-libraries/docker-2.4.1/jersey-common-2.11.jar" />
      <file path="/mnt/ramdisk/.idea/system/remote-server-libraries/docker-2.4.1/javax.websocket-client-api-1.1.jar" />
      <file path="/mnt/ramdisk/.idea/system/remote-server-libraries/docker-2.4.1/bcpkix-jdk15on-1.51.jar" />
      <file path="/mnt/ramdisk/.idea/system/remote-server-libraries/docker-2.4.1/tomcat-websocket-8.0.22.jar" />
      <file path="/mnt/ramdisk/.idea/system/remote-server-libraries/docker-2.4.1/tomcat-util-8.0.22.jar" />
      <file path="/mnt/ramdisk/.idea/system/remote-server-libraries/docker-2.4.1/tomcat-juli-8.0.22.jar" />
      <file path="/mnt/ramdisk/.idea/system/remote-server-libraries/docker-2.4.1/commons-cli-1.3.1.jar" />
      <file path="/mnt/ramdisk/.idea/system/remote-server-libraries/docker-2.4.1/httpclient-4.3.1.jar" />
      <file path="/mnt/ramdisk/.idea/system/remote-server-libraries/docker-2.4.1/jackson-databind-2.6.4.jar" />
      <file path="/mnt/ramdisk/.idea/system/remote-server-libraries/docker-2.4.1/snakeyaml-1.15.jar" />
      <file path="/mnt/ramdisk/.idea/system/remote-server-libraries/docker-2.4.1/commons-lang-2.6.jar" />
      <file path="/mnt/ramdisk/.idea/system/remote-server-libraries/docker-2.4.1/bcprov-jdk15on-1.51.jar" />
      <file path="/mnt/ramdisk/.idea/system/remote-server-libraries/docker-2.4.1/jersey-guava-2.11.jar" />
      <file path="/mnt/ramdisk/.idea/system/remote-server-libraries/docker-2.4.1/netty-all-4.1.5.Final.jar" />
      <file path="/mnt/ramdisk/.idea/system/remote-server-libraries/docker-2.4.1/guava-18.0.jar" />
    </client-library>
    <client-library id="docker-2.5.0">
      <file path="$USER_HOME$/.IntelliJIdea2017.1/system/remote-server-libraries/docker-2.5.0/jersey-apache-connector-2.11.jar" />
      <file path="$USER_HOME$/.IntelliJIdea2017.1/system/remote-server-libraries/docker-2.5.0/jackson-module-jaxb-annotations-2.6.4.jar" />
      <file path="$USER_HOME$/.IntelliJIdea2017.1/system/remote-server-libraries/docker-2.5.0/jackson-jaxrs-base-2.6.4.jar" />
      <file path="$USER_HOME$/.IntelliJIdea2017.1/system/remote-server-libraries/docker-2.5.0/jackson-jaxrs-json-provider-2.6.4.jar" />
      <file path="$USER_HOME$/.IntelliJIdea2017.1/system/remote-server-libraries/docker-2.5.0/jackson-annotations-2.6.4.jar" />
      <file path="$USER_HOME$/.IntelliJIdea2017.1/system/remote-server-libraries/docker-2.5.0/javax.annotation-api-1.2.jar" />
      <file path="$USER_HOME$/.IntelliJIdea2017.1/system/remote-server-libraries/docker-2.5.0/commons-logging-1.1.3.jar" />
      <file path="$USER_HOME$/.IntelliJIdea2017.1/system/remote-server-libraries/docker-2.5.0/jackson-core-2.6.4.jar" />
      <file path="$USER_HOME$/.IntelliJIdea2017.1/system/remote-server-libraries/docker-2.5.0/osgi-resource-locator-1.0.1.jar" />
      <file path="$USER_HOME$/.IntelliJIdea2017.1/system/remote-server-libraries/docker-2.5.0/httpcore-4.3.jar" />
      <file path="$USER_HOME$/.IntelliJIdea2017.1/system/remote-server-libraries/docker-2.5.0/javax.ws.rs-api-2.0.jar" />
      <file path="$USER_HOME$/.IntelliJIdea2017.1/system/remote-server-libraries/docker-2.5.0/docker-java-3.0.0.jar" />
      <file path="$USER_HOME$/.IntelliJIdea2017.1/system/remote-server-libraries/docker-2.5.0/hk2-api-2.3.0-b05.jar" />
      <file path="$USER_HOME$/.IntelliJIdea2017.1/system/remote-server-libraries/docker-2.5.0/aopalliance-repackaged-2.3.0-b05.jar" />
      <file path="$USER_HOME$/.IntelliJIdea2017.1/system/remote-server-libraries/docker-2.5.0/hk2-utils-2.3.0-b05.jar" />
      <file path="$USER_HOME$/.IntelliJIdea2017.1/system/remote-server-libraries/docker-2.5.0/javax.inject-2.3.0-b05.jar" />
      <file path="$USER_HOME$/.IntelliJIdea2017.1/system/remote-server-libraries/docker-2.5.0/jersey-client-2.11.jar" />
      <file path="$USER_HOME$/.IntelliJIdea2017.1/system/remote-server-libraries/docker-2.5.0/hk2-locator-2.3.0-b05.jar" />
      <file path="$USER_HOME$/.IntelliJIdea2017.1/system/remote-server-libraries/docker-2.5.0/unix-socket-factory-2015-01-27T15-02-14.jar" />
      <file path="$USER_HOME$/.IntelliJIdea2017.1/system/remote-server-libraries/docker-2.5.0/jackson-databind-2.6.4.jar" />
      <file path="$USER_HOME$/.IntelliJIdea2017.1/system/remote-server-libraries/docker-2.5.0/xz-1.2.jar" />
      <file path="$USER_HOME$/.IntelliJIdea2017.1/system/remote-server-libraries/docker-2.5.0/httpclient-4.3.1.jar" />
      <file path="$USER_HOME$/.IntelliJIdea2017.1/system/remote-server-libraries/docker-2.5.0/javassist-3.18.1-GA.jar" />
      <file path="$USER_HOME$/.IntelliJIdea2017.1/system/remote-server-libraries/docker-2.5.0/commons-codec-1.8.jar" />
      <file path="$USER_HOME$/.IntelliJIdea2017.1/system/remote-server-libraries/docker-2.5.0/commons-lang-2.6.jar" />
      <file path="$USER_HOME$/.IntelliJIdea2017.1/system/remote-server-libraries/docker-2.5.0/commons-compress-1.5.jar" />
      <file path="$USER_HOME$/.IntelliJIdea2017.1/system/remote-server-libraries/docker-2.5.0/commons-io-2.3.jar" />
      <file path="$USER_HOME$/.IntelliJIdea2017.1/system/remote-server-libraries/docker-2.5.0/slf4j-api-1.7.5.jar" />
      <file path="$USER_HOME$/.IntelliJIdea2017.1/system/remote-server-libraries/docker-2.5.0/jcl-over-slf4j-1.7.12.jar" />
      <file path="$USER_HOME$/.IntelliJIdea2017.1/system/remote-server-libraries/docker-2.5.0/jersey-common-2.11.jar" />
      <file path="$USER_HOME$/.IntelliJIdea2017.1/system/remote-server-libraries/docker-2.5.0/javax.websocket-client-api-1.1.jar" />
      <file path="$USER_HOME$/.IntelliJIdea2017.1/system/remote-server-libraries/docker-2.5.0/tomcat-juli-8.0.22.jar" />
      <file path="$USER_HOME$/.IntelliJIdea2017.1/system/remote-server-libraries/docker-2.5.0/tomcat-util-8.0.22.jar" />
      <file path="$USER_HOME$/.IntelliJIdea2017.1/system/remote-server-libraries/docker-2.5.0/commons-cli-1.3.1.jar" />
      <file path="$USER_HOME$/.IntelliJIdea2017.1/system/remote-server-libraries/docker-2.5.0/jersey-guava-2.11.jar" />
      <file path="$USER_HOME$/.IntelliJIdea2017.1/system/remote-server-libraries/docker-2.5.0/bcpkix-jdk15on-1.51.jar" />
      <file path="$USER_HOME$/.IntelliJIdea2017.1/system/remote-server-libraries/docker-2.5.0/unisockets-core_2.11-0.1.0.jar" />
      <file path="$USER_HOME$/.IntelliJIdea2017.1/system/remote-server-libraries/docker-2.5.0/tomcat-websocket-8.0.22.jar" />
      <file path="$USER_HOME$/.IntelliJIdea2017.1/system/remote-server-libraries/docker-2.5.0/jnr-unixsocket-0.14.jar" />
      <file path="$USER_HOME$/.IntelliJIdea2017.1/system/remote-server-libraries/docker-2.5.0/snakeyaml-1.15.jar" />
      <file path="$USER_HOME$/.IntelliJIdea2017.1/system/remote-server-libraries/docker-2.5.0/guava-18.0.jar" />
      <file path="$USER_HOME$/.IntelliJIdea2017.1/system/remote-server-libraries/docker-2.5.0/bcprov-jdk15on-1.51.jar" />
      <file path="$USER_HOME$/.IntelliJIdea2017.1/system/remote-server-libraries/docker-2.5.0/netty-all-4.1.7.Final-SNAPSHOT.jar" />
    </client-library>
    <client-library id="docker-2.6.0">
      <file path="$USER_HOME$/.idea/system/remote-server-libraries/docker-2.6.0/aopalliance-repackaged-2.4.0-b34.jar" />
      <file path="$USER_HOME$/.idea/system/remote-server-libraries/docker-2.6.0/commons-cli-1.3.1.jar" />
      <file path="$USER_HOME$/.idea/system/remote-server-libraries/docker-2.6.0/commons-io-2.5.jar" />
      <file path="$USER_HOME$/.idea/system/remote-server-libraries/docker-2.6.0/commons-codec-1.10.jar" />
      <file path="$USER_HOME$/.idea/system/remote-server-libraries/docker-2.6.0/commons-lang-2.6.jar" />
      <file path="$USER_HOME$/.idea/system/remote-server-libraries/docker-2.6.0/commons-compress-1.12.jar" />
      <file path="$USER_HOME$/.idea/system/remote-server-libraries/docker-2.6.0/hk2-api-2.4.0-b34.jar" />
      <file path="$USER_HOME$/.idea/system/remote-server-libraries/docker-2.6.0/bcpkix-jdk15on-1.54.jar" />
      <file path="$USER_HOME$/.idea/system/remote-server-libraries/docker-2.6.0/hk2-locator-2.4.0-b34.jar" />
      <file path="$USER_HOME$/.idea/system/remote-server-libraries/docker-2.6.0/hk2-utils-2.4.0-b34.jar" />
      <file path="$USER_HOME$/.idea/system/remote-server-libraries/docker-2.6.0/jackson-annotations-2.6.0.jar" />
      <file path="$USER_HOME$/.idea/system/remote-server-libraries/docker-2.6.0/httpcore-4.4.5.jar" />
      <file path="$USER_HOME$/.idea/system/remote-server-libraries/docker-2.6.0/jackson-jaxrs-base-2.6.4.jar" />
      <file path="$USER_HOME$/.idea/system/remote-server-libraries/docker-2.6.0/httpclient-4.5.jar" />
      <file path="$USER_HOME$/.idea/system/remote-server-libraries/docker-2.6.0/jackson-jaxrs-json-provider-2.6.4.jar" />
      <file path="$USER_HOME$/.idea/system/remote-server-libraries/docker-2.6.0/jackson-core-2.6.4.jar" />
      <file path="$USER_HOME$/.idea/system/remote-server-libraries/docker-2.6.0/jackson-module-jaxb-annotations-2.6.4.jar" />
      <file path="$USER_HOME$/.idea/system/remote-server-libraries/docker-2.6.0/javax.annotation-api-1.2.jar" />
      <file path="$USER_HOME$/.idea/system/remote-server-libraries/docker-2.6.0/javax.inject-2.4.0-b34.jar" />
      <file path="$USER_HOME$/.idea/system/remote-server-libraries/docker-2.6.0/docker-java-3.0.10.jar" />
      <file path="$USER_HOME$/.idea/system/remote-server-libraries/docker-2.6.0/javax.websocket-client-api-1.1.jar" />
      <file path="$USER_HOME$/.idea/system/remote-server-libraries/docker-2.6.0/jcl-over-slf4j-1.7.21.jar" />
      <file path="$USER_HOME$/.idea/system/remote-server-libraries/docker-2.6.0/javax.ws.rs-api-2.0.1.jar" />
      <file path="$USER_HOME$/.idea/system/remote-server-libraries/docker-2.6.0/javassist-3.18.1-GA.jar" />
      <file path="$USER_HOME$/.idea/system/remote-server-libraries/docker-2.6.0/jersey-apache-connector-2.23.1.jar" />
      <file path="$USER_HOME$/.idea/system/remote-server-libraries/docker-2.6.0/jersey-client-2.23.1.jar" />
      <file path="$USER_HOME$/.idea/system/remote-server-libraries/docker-2.6.0/jackson-databind-2.6.4.jar" />
      <file path="$USER_HOME$/.idea/system/remote-server-libraries/docker-2.6.0/guava-18.0.jar" />
      <file path="$USER_HOME$/.idea/system/remote-server-libraries/docker-2.6.0/junixsocket-common-2.0.4.jar" />
      <file path="$USER_HOME$/.idea/system/remote-server-libraries/docker-2.6.0/junixsocket-native-common-2.0.4.jar" />
      <file path="$USER_HOME$/.idea/system/remote-server-libraries/docker-2.6.0/jersey-guava-2.23.1.jar" />
      <file path="$USER_HOME$/.idea/system/remote-server-libraries/docker-2.6.0/osgi-resource-locator-1.0.1.jar" />
      <file path="$USER_HOME$/.idea/system/remote-server-libraries/docker-2.6.0/slf4j-api-1.7.21.jar" />
      <file path="$USER_HOME$/.idea/system/remote-server-libraries/docker-2.6.0/tomcat-juli-8.0.22.jar" />
      <file path="$USER_HOME$/.idea/system/remote-server-libraries/docker-2.6.0/native-lib-loader-2.0.2.jar" />
      <file path="$USER_HOME$/.idea/system/remote-server-libraries/docker-2.6.0/jersey-common-2.23.1.jar" />
      <file path="$USER_HOME$/.idea/system/remote-server-libraries/docker-2.6.0/snakeyaml-1.15.jar" />
      <file path="$USER_HOME$/.idea/system/remote-server-libraries/docker-2.6.0/netty-transport-native-epoll-4.1.12.Final-linux-x86_64.jar" />
      <file path="$USER_HOME$/.idea/system/remote-server-libraries/docker-2.6.0/log4j-1.2.17.jar" />
      <file path="$USER_HOME$/.idea/system/remote-server-libraries/docker-2.6.0/tomcat-servlet-api-8.0.22.jar" />
      <file path="$USER_HOME$/.idea/system/remote-server-libraries/docker-2.6.0/tomcat-util-8.0.22.jar" />
      <file path="$USER_HOME$/.idea/system/remote-server-libraries/docker-2.6.0/tomcat-websocket-api-8.0.22.jar" />
      <file path="$USER_HOME$/.idea/system/remote-server-libraries/docker-2.6.0/tomcat-websocket-8.0.22.jar" />
      <file path="$USER_HOME$/.idea/system/remote-server-libraries/docker-2.6.0/bcprov-jdk15on-1.54.jar" />
      <file path="$USER_HOME$/.idea/system/remote-server-libraries/docker-2.6.0/netty-all-4.1.12.Final.jar" />
    </client-library>
    <client-library id="docker-1.7.6">
      <file path="$USER_HOME$/.IntelliJIdea15/system/remote-server-libraries/docker-1.7.6/jackson-module-jaxb-annotations-2.1.2.jar" />
      <file path="$USER_HOME$/.IntelliJIdea15/system/remote-server-libraries/docker-1.7.6/jackson-annotations-2.1.1.jar" />
      <file path="$USER_HOME$/.IntelliJIdea15/system/remote-server-libraries/docker-1.7.6/jackson-jaxrs-json-provider-2.1.2.jar" />
      <file path="$USER_HOME$/.IntelliJIdea15/system/remote-server-libraries/docker-1.7.6/jersey-apache-connector-2.11.jar" />
      <file path="$USER_HOME$/.IntelliJIdea15/system/remote-server-libraries/docker-1.7.6/javax.annotation-api-1.2.jar" />
      <file path="$USER_HOME$/.IntelliJIdea15/system/remote-server-libraries/docker-1.7.6/commons-logging-1.1.3.jar" />
      <file path="$USER_HOME$/.IntelliJIdea15/system/remote-server-libraries/docker-1.7.6/jackson-core-2.1.2.jar" />
      <file path="$USER_HOME$/.IntelliJIdea15/system/remote-server-libraries/docker-1.7.6/osgi-resource-locator-1.0.1.jar" />
      <file path="$USER_HOME$/.IntelliJIdea15/system/remote-server-libraries/docker-1.7.6/docker-java-2.1.4.jar" />
      <file path="$USER_HOME$/.IntelliJIdea15/system/remote-server-libraries/docker-1.7.6/javax.ws.rs-api-2.0.jar" />
      <file path="$USER_HOME$/.IntelliJIdea15/system/remote-server-libraries/docker-1.7.6/hk2-api-2.3.0-b05.jar" />
      <file path="$USER_HOME$/.IntelliJIdea15/system/remote-server-libraries/docker-1.7.6/httpclient-4.3.1.jar" />
      <file path="$USER_HOME$/.IntelliJIdea15/system/remote-server-libraries/docker-1.7.6/httpcore-4.3.jar" />
      <file path="$USER_HOME$/.IntelliJIdea15/system/remote-server-libraries/docker-1.7.6/hk2-utils-2.3.0-b05.jar" />
      <file path="$USER_HOME$/.IntelliJIdea15/system/remote-server-libraries/docker-1.7.6/jersey-client-2.11.jar" />
      <file path="$USER_HOME$/.IntelliJIdea15/system/remote-server-libraries/docker-1.7.6/jackson-databind-2.1.2.jar" />
      <file path="$USER_HOME$/.IntelliJIdea15/system/remote-server-libraries/docker-1.7.6/aopalliance-repackaged-2.3.0-b05.jar" />
      <file path="$USER_HOME$/.IntelliJIdea15/system/remote-server-libraries/docker-1.7.6/javax.inject-2.3.0-b05.jar" />
      <file path="$USER_HOME$/.IntelliJIdea15/system/remote-server-libraries/docker-1.7.6/unix-socket-factory-2015-01-27T15-02-14.jar" />
      <file path="$USER_HOME$/.IntelliJIdea15/system/remote-server-libraries/docker-1.7.6/xz-1.2.jar" />
      <file path="$USER_HOME$/.IntelliJIdea15/system/remote-server-libraries/docker-1.7.6/commons-compress-1.5.jar" />
      <file path="$USER_HOME$/.IntelliJIdea15/system/remote-server-libraries/docker-1.7.6/hk2-locator-2.3.0-b05.jar" />
      <file path="$USER_HOME$/.IntelliJIdea15/system/remote-server-libraries/docker-1.7.6/commons-io-2.3.jar" />
      <file path="$USER_HOME$/.IntelliJIdea15/system/remote-server-libraries/docker-1.7.6/commons-codec-1.8.jar" />
      <file path="$USER_HOME$/.IntelliJIdea15/system/remote-server-libraries/docker-1.7.6/commons-lang-2.6.jar" />
      <file path="$USER_HOME$/.IntelliJIdea15/system/remote-server-libraries/docker-1.7.6/jersey-common-2.11.jar" />
      <file path="$USER_HOME$/.IntelliJIdea15/system/remote-server-libraries/docker-1.7.6/asm-4.0.jar" />
      <file path="$USER_HOME$/.IntelliJIdea15/system/remote-server-libraries/docker-1.7.6/jffi-1.2.7.jar" />
      <file path="$USER_HOME$/.IntelliJIdea15/system/remote-server-libraries/docker-1.7.6/asm-commons-4.0.jar" />
      <file path="$USER_HOME$/.IntelliJIdea15/system/remote-server-libraries/docker-1.7.6/asm-analysis-4.0.jar" />
      <file path="$USER_HOME$/.IntelliJIdea15/system/remote-server-libraries/docker-1.7.6/asm-util-4.0.jar" />
      <file path="$USER_HOME$/.IntelliJIdea15/system/remote-server-libraries/docker-1.7.6/jnr-ffi-1.0.3.jar" />
      <file path="$USER_HOME$/.IntelliJIdea15/system/remote-server-libraries/docker-1.7.6/asm-tree-4.0.jar" />
      <file path="$USER_HOME$/.IntelliJIdea15/system/remote-server-libraries/docker-1.7.6/jnr-enxio-0.4.jar" />
      <file path="$USER_HOME$/.IntelliJIdea15/system/remote-server-libraries/docker-1.7.6/slf4j-api-1.7.5.jar" />
      <file path="$USER_HOME$/.IntelliJIdea15/system/remote-server-libraries/docker-1.7.6/jcl-over-slf4j-1.7.12.jar" />
      <file path="$USER_HOME$/.IntelliJIdea15/system/remote-server-libraries/docker-1.7.6/jnr-constants-0.8.4.jar" />
      <file path="$USER_HOME$/.IntelliJIdea15/system/remote-server-libraries/docker-1.7.6/javassist-3.18.1-GA.jar" />
      <file path="$USER_HOME$/.IntelliJIdea15/system/remote-server-libraries/docker-1.7.6/jersey-guava-2.11.jar" />
      <file path="$USER_HOME$/.IntelliJIdea15/system/remote-server-libraries/docker-1.7.6/jnr-x86asm-1.0.2.jar" />
      <file path="$USER_HOME$/.IntelliJIdea15/system/remote-server-libraries/docker-1.7.6/javax.websocket-client-api-1.1.jar" />
      <file path="$USER_HOME$/.IntelliJIdea15/system/remote-server-libraries/docker-1.7.6/tomcat-util-8.0.22.jar" />
      <file path="$USER_HOME$/.IntelliJIdea15/system/remote-server-libraries/docker-1.7.6/commons-cli-1.3.1.jar" />
      <file path="$USER_HOME$/.IntelliJIdea15/system/remote-server-libraries/docker-1.7.6/tomcat-juli-8.0.22.jar" />
      <file path="$USER_HOME$/.IntelliJIdea15/system/remote-server-libraries/docker-1.7.6/tomcat-websocket-8.0.22.jar" />
      <file path="$USER_HOME$/.IntelliJIdea15/system/remote-server-libraries/docker-1.7.6/bcpkix-jdk15on-1.51.jar" />
      <file path="$USER_HOME$/.IntelliJIdea15/system/remote-server-libraries/docker-1.7.6/bcprov-jdk15on-1.51.jar" />
      <file path="$USER_HOME$/.IntelliJIdea15/system/remote-server-libraries/docker-1.7.6/guava-18.0.jar" />
    </client-library>
  </component>
</application>