<application>
  <component name="RemoteServers">
    <remote-server name="localhost" type="docker">
      <configuration email="">
        <option name="apiUrl" value="http://127.0.0.1:2375" />
      </configuration>
    </remote-server>
    <remote-server name="vps2" type="docker">
      <configuration email="">
        <option name="apiUrl" value="http://149.210.212.60:2376" />
      </configuration>
    </remote-server>
    <remote-server name="pluut" type="docker">
      <configuration>
        <option name="apiUrl" value="http://136.144.130.102:2376" />
      </configuration>
    </remote-server>
    <remote-server name="radic.ninja" type="docker">
      <configuration>
        <option name="apiUrl" value="tcp://192.168.178.59:2375/" />
      </configuration>
    </remote-server>
    <remote-server name="37.97.240.116" type="docker">
      <configuration>
        <option name="apiUrl" value="unix:///var/run/docker.sock" />
        <option name="certificatesPath" />
      </configuration>
    </remote-server>
    <remote-server name="Docker" type="docker">
      <configuration>
        <option name="apiUrl" value="unix:///var/run/docker.sock" />
        <option name="certificatesPath" />
      </configuration>
    </remote-server>
    <remote-server name="116.202.178.214" type="docker">
      <configuration>
        <option name="apiUrl" value="http://116.202.178.214:2375" />
      </configuration>
    </remote-server>
  </component>
</application>