<application>
  <component name="SshConfigs">
    <configs>
      <sshConfig host="149.210.212.60" id="9346a292-6465-42b4-ab09-6a7ff1447ed7" keyPath="$USER_HOME$/.ssh/id_rsa" port="60000" customName="packagist-sebwite" nameFormat="CUSTOM" />
      <sshConfig host="docs.sebwite.nl" id="bcc6e8a5-00b3-4c59-8af4-a1f8eaf0b8b5" keyPath="$USER_HOME$/.ssh/id_rsa" port="60000" customName="docs-sebwite@docs.sebwite.nl" nameFormat="CUSTOM" />
      <sshConfig host="radic.ninja" id="194120f3-13f9-49c2-b3aa-6e887e9165c8" keyPath="$USER_HOME$/.ssh/id_rsa" port="60000" nameFormat="DESCRIPTIVE" username="radic" />
      <sshConfig host="crvs.wmomotest.nl" id="a46c71b9-2bd5-4d6a-8c70-42cef3da3f58" keyPath="$USER_HOME$/.ssh/id_rsa" port="60000" nameFormat="DESCRIPTIVE" username="wmomo-plesk" />
      <sshConfig host="staging.crvs-zwd.nl" id="7829df74-e041-4b38-9230-aa4060c9785d" keyPath="$USER_HOME$/.ssh/id_rsa" port="22" nameFormat="DESCRIPTIVE" username="zwolle" />
      <sshConfig host="sentry.wmomo.nl" id="9fe269f6-c69a-41f3-aad5-0a4dab8b2354" keyPath="$USER_HOME$/.ssh/id_rsa" port="60000" nameFormat="DESCRIPTIVE" username="root" />
      <sshConfig host="149.210.212.60" id="9fc53209-8dc3-4a1c-ad02-7040f5c2b872" keyPath="$USER_HOME$/.ssh/id_rsa" port="60000" customName="packagist-sebwite" nameFormat="CUSTOM" />
      <sshConfig host="docs.sebwite.nl" id="6e642341-b198-433e-8642-311051497f27" keyPath="$USER_HOME$/.ssh/id_rsa" port="60000" customName="docs-sebwite@docs.sebwite.nl" nameFormat="CUSTOM" />
      <sshConfig host="staging.crvs-zwd.nl" id="471fdf4a-b147-46b7-9739-e059e4bdceb7" keyPath="$USER_HOME$/.ssh/id_rsa" nameFormat="DESCRIPTIVE" username="zwolle" />
      <sshConfig host="149.210.212.60" id="52ed90b5-00c6-4212-ac5e-98b5aefc9887" keyPath="$USER_HOME$/.ssh/id_rsa" port="60000" customName="packagist-sebwite" nameFormat="CUSTOM" />
      <sshConfig host="docs.sebwite.nl" id="657b89ae-b33d-4558-b3fc-cfc2661ef9f5" keyPath="$USER_HOME$/.ssh/id_rsa" port="60000" customName="docs-sebwite@docs.sebwite.nl" nameFormat="CUSTOM" />
      <sshConfig host="149.210.212.60" id="af5c1886-3b45-4ee6-928b-56b57fc5d690" keyPath="$USER_HOME$/.ssh/id_rsa" port="60000" customName="packagist-sebwite" nameFormat="CUSTOM" />
      <sshConfig host="docs.sebwite.nl" id="6c253ded-338f-483c-a4fc-e4ec9fd98dbb" keyPath="$USER_HOME$/.ssh/id_rsa" port="60000" customName="docs-sebwite@docs.sebwite.nl" nameFormat="CUSTOM" />
      <sshConfig host="packages.radic.ninja" id="bbcab9ca-6b27-41a0-83d0-ac9962149db6" keyPath="$USER_HOME$/.ssh/id_rsa" port="60000" customName="packages.radic.ninja" nameFormat="CUSTOM" username="radic-ninja" />
      <sshConfig host="packages.wmomo.nl" id="712ae2cf-88f0-47c7-af55-f0725655f798" keyPath="$USER_HOME$/.ssh/id_rsa" port="60000" customName="packages.wmomo.nl" nameFormat="CUSTOM" username="wmomo-packages" />
      <sshConfig host="zwolle.wmomotest.nl" id="16f1dbeb-a502-451e-8807-ccb82c3f940f" keyPath="$USER_HOME$/.ssh/id_rsa" port="60000" customName="wmomotest.nl zwolle" nameFormat="CUSTOM" username="wmomo-plesk" />
      <sshConfig host="markant-dev.wmomotest.nl" id="38b1c839-9c6e-4265-8ddf-1a3423bbffa8" keyPath="$USER_HOME$/.ssh/id_rsa" port="60000" customName="wmomotest.nl markant-dev" nameFormat="CUSTOM" username="wmomo-plesk" />
      <sshConfig host="packages.radic.ninja" id="65b3def4-0221-422f-a5b9-3b2fec465ce6" keyPath="$USER_HOME$/.ssh/id_rsa" port="60000" customName="radic.ninja" nameFormat="CUSTOM" username="radic-ninja" />
      <sshConfig host="py.radic.ninja" id="15e2adbd-2a11-4e9d-8f5f-ebc2fd41c694" keyPath="$USER_HOME$/.ssh/id_rsa" port="60000" customName="py.radic.ninja" nameFormat="CUSTOM" username="radic-ninja" />
      <sshConfig host="codex.wmomo.nl" id="38495f95-3e3a-4ce9-a7ee-145c4921f749" keyPath="$USER_HOME$/.ssh/id_rsa" port="60000" customName="codex.wmomo.nl" nameFormat="CUSTOM" username="wmomo-packages" />
      <sshConfig host="zwolle.wmomotest.nl" id="457eee5a-c153-4a42-bac8-bb8195b53fff" keyPath="$USER_HOME$/.ssh/id_rsa" port="60000" customName="wmomotest.nl markant" nameFormat="CUSTOM" username="wmomo-plesk" />
      <sshConfig host="wmomotest.nl" id="150e8058-cef9-4297-b8c7-dce9acaa1832" keyPath="$USER_HOME$/.ssh/id_rsa" port="60000" customName="wmomotest.nl" nameFormat="CUSTOM" username="wmomo-plesk" />
      <sshConfig host="zwolle.wmomotest.nl" id="19383351-d184-45c5-b1bf-79b7eb8e09d0" keyPath="$USER_HOME$/.ssh/id_rsa" port="60000" customName="wmomotest.nl crvs" nameFormat="CUSTOM" username="wmomo-plesk" />
      <sshConfig host="crvs-markant.nl" id="f96964d3-4274-4cc0-80c2-db0c14c98978" keyPath="$USER_HOME$/.ssh/id_rsa" port="22" customName="crvs-markant.nl" nameFormat="CUSTOM" username="markant" />
      <sshConfig host="crvs-sustvarius.nl" id="88603952-1d26-47ae-b276-0ecac227a758" keyPath="$USER_HOME$/.ssh/id_rsa" port="22" customName="crvs-sustvarius.nl" nameFormat="CUSTOM" username="sustva" />
      <sshConfig host="sustvarius.wmomotest.nl" id="57d59fdb-1c87-4c9e-aa09-02e67a49fe7b" keyPath="$USER_HOME$/.ssh/id_rsa" port="60000" customName="wmomotest.nl sustvarius" nameFormat="CUSTOM" username="wmomo-plesk" />
      <sshConfig host="crvs.nu" id="c699e657-82db-48d9-9fbe-0e034c27b530" keyPath="$USER_HOME$/.ssh/id_rsa" port="22" customName="crvs.nu" nameFormat="CUSTOM" username="crvsnu" />
      <sshConfig host="samenleeuwarden.nl" id="bb758a6c-5797-49d2-b774-9b42ffcb9bd0" keyPath="$USER_HOME$/.ssh/id_rsa" port="22" customName="samenleeuwarden.nl" nameFormat="CUSTOM" username="leeuwarden" />
      <sshConfig host="crvs-zwd.nl" id="fb9c4fc9-bc8a-4b10-99bb-b4dc7051b108" keyPath="$USER_HOME$/.ssh/id_rsa" port="22" customName="crvs-zwd.nl" nameFormat="CUSTOM" username="zwolle" />
      <sshConfig host="crvs-zwd.nl" id="da5bce83-9a50-469c-980a-b20978328614" keyPath="$USER_HOME$/.ssh/id_rsa" port="22" customName="crvs-zwd.nl staging" nameFormat="CUSTOM" username="zwolle" />
      <sshConfig host="crvs-vmca.nl" id="b068b41c-1860-4436-bd7b-66b66fedfc77" keyPath="$USER_HOME$/.ssh/id_rsa" port="22" customName="crvs-vmca.nl" nameFormat="CUSTOM" username="vmca" />
      <sshConfig host="crvs-manteling.nl" id="4a3f3a43-36ee-4ac5-9431-4fa7737439eb" keyPath="$USER_HOME$/.ssh/id_rsa" port="22" customName="crvs-manteling.nl" nameFormat="CUSTOM" username="manteling" />
      <sshConfig host="crvs-ahn.nl" id="61c1e5be-5cf7-418b-bfc4-3fae40ff7ca7" keyPath="$USER_HOME$/.ssh/id_rsa" port="22" customName="crvs-ahn.nl" nameFormat="CUSTOM" username="ahngein" />
      <sshConfig host="crvs.wmomo.nl" id="a0922eba-6d21-4223-8902-89a40a990f25" keyPath="$USER_HOME$/.ssh/id_rsa" port="60000" customName="crvs.wmomo.nl" nameFormat="CUSTOM" username="wmomo" />
      <sshConfig host="crvs.wmomo.nl" id="9831d11f-a4b7-4e39-a107-e33c6cc6f087" keyPath="$USER_HOME$/.ssh/id_rsa" port="60000" customName="wmomo.nl" nameFormat="CUSTOM" username="wmomo" />
      <sshConfig host="149.210.212.60" id="19532b2e-dccb-4df0-a656-1c967c6550ed" keyPath="$USER_HOME$/.ssh/id_rsa" port="60000" customName="packagist-sebwite" nameFormat="CUSTOM" />
      <sshConfig host="docs.sebwite.nl" id="bc55d16c-2b37-4927-aabd-091d124bf229" keyPath="$USER_HOME$/.ssh/id_rsa" port="60000" customName="docs-sebwite@docs.sebwite.nl" nameFormat="CUSTOM" />
      <sshConfig host="149.210.212.60" id="369109ee-e08a-4e43-8a06-b2bb1f8835eb" keyPath="$USER_HOME$/.ssh/id_rsa" port="60000" customName="packagist-sebwite" nameFormat="CUSTOM" />
      <sshConfig host="docs.sebwite.nl" id="80046631-e36d-43e0-b356-abaf2f7223ba" keyPath="$USER_HOME$/.ssh/id_rsa" port="60000" customName="docs-sebwite@docs.sebwite.nl" nameFormat="CUSTOM" />
      <sshConfig host="149.210.212.60" id="0ba24512-68b6-44c1-b5d9-a72b831123b8" keyPath="$USER_HOME$/.ssh/id_rsa" port="60000" customName="packagist-sebwite" nameFormat="CUSTOM" />
      <sshConfig host="docs.sebwite.nl" id="c07ff297-fd84-4764-96c9-a52c5ab4e899" keyPath="$USER_HOME$/.ssh/id_rsa" port="60000" customName="docs-sebwite@docs.sebwite.nl" nameFormat="CUSTOM" />
      <sshConfig host="149.210.212.60" id="72759b56-63a4-4fe5-a74e-0921bdd05284" keyPath="$USER_HOME$/.ssh/id_rsa" port="60000" customName="packagist-sebwite" nameFormat="CUSTOM" />
      <sshConfig host="docs.sebwite.nl" id="bfba7309-11fb-48b6-8853-eb4271976a31" keyPath="$USER_HOME$/.ssh/id_rsa" port="60000" customName="docs-sebwite@docs.sebwite.nl" nameFormat="CUSTOM" />
      <sshConfig host="149.210.212.60" id="95c2de2d-ddc9-4f62-9d19-36c1f02ca07c" keyPath="$USER_HOME$/.ssh/id_rsa" port="60000" customName="packagist-sebwite" nameFormat="CUSTOM" />
      <sshConfig host="docs.sebwite.nl" id="b96a15b3-22f5-4eda-92bf-d12fb3b0fe1a" keyPath="$USER_HOME$/.ssh/id_rsa" port="60000" customName="docs-sebwite@docs.sebwite.nl" nameFormat="CUSTOM" />
      <sshConfig host="149.210.212.60" id="e46f0645-7225-48e1-bbb0-f33f04e86941" keyPath="$USER_HOME$/.ssh/id_rsa" port="60000" customName="packagist-sebwite" nameFormat="CUSTOM" />
      <sshConfig host="docs.sebwite.nl" id="5fce2810-4e36-467a-ab6e-1be61696bc6d" keyPath="$USER_HOME$/.ssh/id_rsa" port="60000" customName="docs-sebwite@docs.sebwite.nl" nameFormat="CUSTOM" />
      <sshConfig host="149.210.212.60" id="ef198600-fc18-4424-8c2b-3a3e2258a1ef" keyPath="$USER_HOME$/.ssh/id_rsa" port="60000" customName="packagist-sebwite" nameFormat="CUSTOM" />
      <sshConfig host="docs.sebwite.nl" id="7c0eae5c-a6e2-4aeb-a5a8-e31c19e77464" keyPath="$USER_HOME$/.ssh/id_rsa" port="60000" customName="docs-sebwite@docs.sebwite.nl" nameFormat="CUSTOM" />
      <sshConfig host="149.210.212.60" id="7ebb929f-a0eb-43d5-8fe8-c35ee5c41ead" keyPath="$USER_HOME$/.ssh/id_rsa" port="60000" customName="packagist-sebwite" nameFormat="CUSTOM" />
      <sshConfig host="docs.sebwite.nl" id="1d573678-df5f-4260-a60f-f2bb17454057" keyPath="$USER_HOME$/.ssh/id_rsa" port="60000" customName="docs-sebwite@docs.sebwite.nl" nameFormat="CUSTOM" />
      <sshConfig host="149.210.212.60" id="03633360-baa3-4f35-b16b-8f738f0057a2" keyPath="$USER_HOME$/.ssh/id_rsa" port="60000" customName="packagist-sebwite" nameFormat="CUSTOM" />
      <sshConfig host="docs.sebwite.nl" id="8c2ac671-24ef-4a1f-81f9-dbfec11ec43d" keyPath="$USER_HOME$/.ssh/id_rsa" port="60000" customName="docs-sebwite@docs.sebwite.nl" nameFormat="CUSTOM" />
      <sshConfig host="149.210.212.60" id="dea08326-613f-4fc4-abd6-49900e219cdd" keyPath="$USER_HOME$/.ssh/id_rsa" port="60000" customName="packagist-sebwite" nameFormat="CUSTOM" />
      <sshConfig host="docs.sebwite.nl" id="18e82923-7b4c-4428-8931-bb7251684d8e" keyPath="$USER_HOME$/.ssh/id_rsa" port="60000" customName="docs-sebwite@docs.sebwite.nl" nameFormat="CUSTOM" />
      <sshConfig host="149.210.212.60" id="64028392-ab98-4911-a165-6ed7225ce926" keyPath="$USER_HOME$/.ssh/id_rsa" port="60000" customName="packagist-sebwite" nameFormat="CUSTOM" />
      <sshConfig host="docs.sebwite.nl" id="5d4696bf-8575-4203-9212-9b86a6005995" keyPath="$USER_HOME$/.ssh/id_rsa" port="60000" customName="docs-sebwite@docs.sebwite.nl" nameFormat="CUSTOM" />
      <sshConfig host="149.210.212.60" id="48713d26-5949-4b91-bf13-1e72a614eb2d" keyPath="$USER_HOME$/.ssh/id_rsa" port="60000" customName="packagist-sebwite" nameFormat="CUSTOM" />
      <sshConfig host="docs.sebwite.nl" id="b6866641-2481-4a66-b9d2-6f38f6a7d9b1" keyPath="$USER_HOME$/.ssh/id_rsa" port="60000" customName="docs-sebwite@docs.sebwite.nl" nameFormat="CUSTOM" />
      <sshConfig host="149.210.212.60" id="a84e1e36-060a-46bf-b09b-9126a6a80dc4" keyPath="$USER_HOME$/.ssh/id_rsa" port="60000" customName="packagist-sebwite" nameFormat="CUSTOM" />
      <sshConfig host="docs.sebwite.nl" id="ec33d783-9a1a-4d80-98a4-21bb30dc1814" keyPath="$USER_HOME$/.ssh/id_rsa" port="60000" customName="docs-sebwite@docs.sebwite.nl" nameFormat="CUSTOM" />
      <sshConfig host="149.210.212.60" id="abc6e9fb-18c0-4cde-884e-3ecfed272cc3" keyPath="$USER_HOME$/.ssh/id_rsa" port="60000" customName="packagist-sebwite" nameFormat="CUSTOM" />
      <sshConfig host="docs.sebwite.nl" id="3f895593-43ca-47cc-9291-5f2e8dc1d3ed" keyPath="$USER_HOME$/.ssh/id_rsa" port="60000" customName="docs-sebwite@docs.sebwite.nl" nameFormat="CUSTOM" />
      <sshConfig host="149.210.212.60" id="5a73624b-1f0e-46fa-b434-c182902e6343" keyPath="$USER_HOME$/.ssh/id_rsa" port="60000" customName="packagist-sebwite" nameFormat="CUSTOM" />
      <sshConfig host="docs.sebwite.nl" id="dbf5f410-5715-4935-8116-c60e141eeda6" keyPath="$USER_HOME$/.ssh/id_rsa" port="60000" customName="docs-sebwite@docs.sebwite.nl" nameFormat="CUSTOM" />
      <sshConfig host="149.210.212.60" id="ee61a86f-4265-46a1-8408-1abde413195d" keyPath="$USER_HOME$/.ssh/id_rsa" port="60000" customName="packagist-sebwite" nameFormat="CUSTOM" />
      <sshConfig host="docs.sebwite.nl" id="1e5b93a8-a9ca-4b33-939a-3a4bbad321e1" keyPath="$USER_HOME$/.ssh/id_rsa" port="60000" customName="docs-sebwite@docs.sebwite.nl" nameFormat="CUSTOM" />
      <sshConfig host="149.210.212.60" id="dfd737cd-f2a9-4210-8297-67c0c70deb62" keyPath="$USER_HOME$/.ssh/id_rsa" port="60000" customName="packagist-sebwite" nameFormat="CUSTOM" />
      <sshConfig host="docs.sebwite.nl" id="a5bdb8fc-89df-4257-978a-19add47c6767" keyPath="$USER_HOME$/.ssh/id_rsa" port="60000" customName="docs-sebwite@docs.sebwite.nl" nameFormat="CUSTOM" />
      <sshConfig host="149.210.212.60" id="2304d217-f88f-4ec8-ad13-1883104e4a39" keyPath="$USER_HOME$/.ssh/id_rsa" port="60000" customName="packagist-sebwite" nameFormat="CUSTOM" />
      <sshConfig host="docs.sebwite.nl" id="e21553e7-c1f9-46b3-adf9-f9afb15959cf" keyPath="$USER_HOME$/.ssh/id_rsa" port="60000" customName="docs-sebwite@docs.sebwite.nl" nameFormat="CUSTOM" />
      <sshConfig host="149.210.212.60" id="84fc7834-aec3-41a0-925c-5ef028283da2" keyPath="$USER_HOME$/.ssh/id_rsa" port="60000" customName="packagist-sebwite" nameFormat="CUSTOM" />
      <sshConfig host="docs.sebwite.nl" id="8a6febdc-f730-4229-83ff-9a4545a0930b" keyPath="$USER_HOME$/.ssh/id_rsa" port="60000" customName="docs-sebwite@docs.sebwite.nl" nameFormat="CUSTOM" />
      <sshConfig host="crvs.wmomo.nl" id="692e72d9-2ee3-4a2a-97fd-fbd68cfabd8e" keyPath="$USER_HOME$/.ssh/id_rsa" port="60000" customName="wmomo.nl" nameFormat="CUSTOM" username="wmomo" />
    </configs>
  </component>
</application>