<application>
  <component name="TaskSettings">
    <option name="ALWAYS_DISPLAY_COMBO" value="true" />
  </component>
  <component name="TaskStorage">
    <tasks>
      <task priority="Normal" completed="false" estimated="0" created="1545401529658" actual="0" highlighted="false" highlightingtype="Red" title="codex/core" description="">
        <task priority="Normal" completed="false" estimated="0" created="1545401617974" actual="0" highlighted="false" highlightingtype="Red" title="Integrate Merging with the AttributeDefinition " description="" />
      </task>
    </tasks>
  </component>
</application>