<application>
  <component name="WebServers">
    <option name="servers">
      <webServer id="dedc250e-a1bf-4a35-862c-0c590b13a3c4" name="zwolletest.nl" url="http://zwolletest.nl">
        <fileTransfer host="zwolletest.nl" port="21">
          <advancedOptions>
            <advancedOptions dataProtectionLevel="Private" passiveMode="true" shareSSLContext="true" />
          </advancedOptions>
          <option name="port" value="21" />
        </fileTransfer>
      </webServer>
      <webServer id="e88d9c11-e87e-43c3-a9c7-20baa72806c6" name="packagist-sebwite" url="http://149.210.212.60">
        <fileTransfer host="149.210.212.60" port="60000" privateKey="$USER_HOME$/.ssh/id_rsa" rootFolder="/www/packagist.sebwite.nl" accessType="SFTP" keyPair="true">
          <advancedOptions>
            <advancedOptions dataProtectionLevel="Private" />
          </advancedOptions>
          <option name="port" value="60000" />
        </fileTransfer>
      </webServer>
      <webServer id="159c736d-d228-46fc-b6bf-13d368788c24" name="docs-sebwite@docs.sebwite.nl" url="http://docs.sebwite.nl">
        <fileTransfer host="docs.sebwite.nl" port="60000" privateKey="$USER_HOME$/.ssh/id_rsa" rootFolder="/www/docs.sebwite.nl" accessType="SFTP" keyPair="true">
          <advancedOptions>
            <advancedOptions dataProtectionLevel="Private" />
          </advancedOptions>
          <option name="port" value="60000" />
        </fileTransfer>
      </webServer>
      <webServer id="047883bb-7aba-40ab-8009-8e7377df9620" name="wmomotestomgeving.nl" url="http://wmomotestomgeving.nl">
        <fileTransfer host="wmomotestomgeving.nl" port="21">
          <advancedOptions>
            <advancedOptions dataProtectionLevel="Private" passiveMode="true" shareSSLContext="true" />
          </advancedOptions>
          <option name="port" value="21" />
        </fileTransfer>
      </webServer>
      <webServer id="3f14ceb3-dc3f-465e-9382-9704b4044e8a" name="packages.radic.ninja" url="https://packages.radic.ninja">
        <fileTransfer host="packages.radic.ninja" port="60000" privateKey="$USER_HOME$/.ssh/id_rsa" rootFolder="/var/www/vhosts/radic.ninja" accessType="SFTP" keyPair="true">
          <advancedOptions>
            <advancedOptions dataProtectionLevel="Private" />
          </advancedOptions>
          <option name="port" value="60000" />
        </fileTransfer>
      </webServer>
      <webServer id="49a68e5e-51cb-4917-9c59-81b78ebafae6" name="packages.wmomo.nl" url="http://packages.wmomo.nl">
        <fileTransfer host="packages.wmomo.nl" port="60000" privateKey="$USER_HOME$/.ssh/id_rsa" rootFolder="/var/www/vhosts/wmomo.nl" accessType="SFTP" keyPair="true">
          <advancedOptions>
            <advancedOptions dataProtectionLevel="Private" passiveMode="true" shareSSLContext="true" />
          </advancedOptions>
          <option name="port" value="60000" />
        </fileTransfer>
      </webServer>
      <webServer id="b9a9ff3f-dd8d-47cf-b5c1-30b2042e5292" name="wmomo-plesk@zwolle.wmomotest.nl" url="http://zwolle.wmomotest.nl">
        <fileTransfer host="zwolle.wmomotest.nl" port="60000" privateKey="$USER_HOME$/.ssh/id_rsa" rootFolder="/var/www/vhosts/wmomotest.nl/zwolle.wmomotest.nl" accessType="SFTP" keyPair="true">
          <advancedOptions>
            <advancedOptions dataProtectionLevel="Private" passiveMode="true" shareSSLContext="true" />
          </advancedOptions>
          <option name="port" value="60000" />
        </fileTransfer>
      </webServer>
      <webServer id="90f881a3-49b4-47dd-8b4d-20e5e198d3d9" name="wmomo-plesk@markant-dev.wmomotest.nl" url="http://markant-dev.wmomotest.nl">
        <fileTransfer host="markant-dev.wmomotest.nl" port="60000" privateKey="$USER_HOME$/.ssh/id_rsa" rootFolder="/var/www/vhosts/wmomotest.nl/markant-dev.wmomotest.nl" accessType="SFTP" keyPair="true">
          <advancedOptions>
            <advancedOptions dataProtectionLevel="Private" passiveMode="true" shareSSLContext="true" />
          </advancedOptions>
          <option name="port" value="60000" />
        </fileTransfer>
      </webServer>
      <webServer id="7233a39d-05a4-438c-addc-08cfa9acc5b3" name="radic.ninja" url="https://radic.ninja">
        <fileTransfer host="packages.radic.ninja" port="60000" privateKey="$USER_HOME$/.ssh/id_rsa" rootFolder="/var/www/vhosts/radic.ninja" accessType="SFTP" keyPair="true">
          <advancedOptions>
            <advancedOptions dataProtectionLevel="Private" />
          </advancedOptions>
          <option name="port" value="60000" />
        </fileTransfer>
      </webServer>
      <webServer id="77f6fd09-d065-4542-afe9-a3b8b4d84bc2" name="py.radic.ninja" url="https://py.radic.ninja">
        <fileTransfer host="py.radic.ninja" port="60000" privateKey="$USER_HOME$/.ssh/id_rsa" rootFolder="/var/www/vhosts/radic.ninja/py.radic.ninja" accessType="SFTP" keyPair="true">
          <advancedOptions>
            <advancedOptions dataProtectionLevel="Private" />
          </advancedOptions>
          <option name="port" value="60000" />
        </fileTransfer>
      </webServer>
      <webServer id="203c9676-7566-4d76-908e-39405a362ec2" name="vrijwilligersplatform.info" url="https://vrijwilligersplatform.info">
        <fileTransfer host="vrijwilligersplatform.info" port="21">
          <advancedOptions>
            <advancedOptions dataProtectionLevel="Private" passiveMode="true" shareSSLContext="true" />
          </advancedOptions>
          <option name="port" value="21" />
        </fileTransfer>
      </webServer>
      <webServer id="f110fe58-9e9d-4355-8ad0-3bdc702eaed3" name="codex.wmomo.nl" url="http://codex.wmomo.nl">
        <fileTransfer host="codex.wmomo.nl" port="60000" privateKey="$USER_HOME$/.ssh/id_rsa" rootFolder="/var/www/vhosts/wmomo.nl" accessType="SFTP" keyPair="true">
          <advancedOptions>
            <advancedOptions dataProtectionLevel="Private" passiveMode="true" shareSSLContext="true" />
          </advancedOptions>
          <option name="port" value="60000" />
        </fileTransfer>
      </webServer>
    </option>
  </component>
</application>