<application>
  <component name="WebServers">
    <option name="servers">
      <webServer id="dedc250e-a1bf-4a35-862c-0c590b13a3c4" name="zwolletest.nl" url="http://zwolletest.nl">
        <fileTransfer host="zwolletest.nl" port="21">
          <advancedOptions>
            <advancedOptions dataProtectionLevel="Private" passiveMode="true" shareSSLContext="true" />
          </advancedOptions>
          <option name="port" value="21" />
        </fileTransfer>
      </webServer>
      <webServer id="e88d9c11-e87e-43c3-a9c7-20baa72806c6" name="packagist-sebwite" url="http://149.210.212.60">
        <fileTransfer host="149.210.212.60" port="60000" privateKey="$USER_HOME$/.ssh/id_rsa" rootFolder="/www/packagist.sebwite.nl" accessType="SFTP" keyPair="true">
          <advancedOptions>
            <advancedOptions dataProtectionLevel="Private" />
          </advancedOptions>
          <option name="port" value="60000" />
        </fileTransfer>
      </webServer>
      <webServer id="159c736d-d228-46fc-b6bf-13d368788c24" name="docs-sebwite@docs.sebwite.nl" url="http://docs.sebwite.nl">
        <fileTransfer host="docs.sebwite.nl" port="60000" privateKey="$USER_HOME$/.ssh/id_rsa" rootFolder="/www/docs.sebwite.nl" accessType="SFTP" keyPair="true">
          <advancedOptions>
            <advancedOptions dataProtectionLevel="Private" />
          </advancedOptions>
          <option name="port" value="60000" />
        </fileTransfer>
      </webServer>
      <webServer id="047883bb-7aba-40ab-8009-8e7377df9620" name="wmomotestomgeving.nl" url="http://wmomotestomgeving.nl">
        <fileTransfer host="wmomotestomgeving.nl" port="21" rootFolder="/public_html/leeuwarden">
          <advancedOptions>
            <advancedOptions dataProtectionLevel="Private" passiveMode="true" shareSSLContext="true" />
          </advancedOptions>
          <option name="port" value="21" />
        </fileTransfer>
      </webServer>
      <webServer id="3f14ceb3-dc3f-465e-9382-9704b4044e8a" name="packages.radic.ninja" url="https://packages.radic.ninja">
        <fileTransfer host="packages.radic.ninja" port="60000" privateKey="$USER_HOME$/.ssh/id_rsa" rootFolder="/var/www/vhosts/radic.ninja" accessType="SFTP" keyPair="true">
          <advancedOptions>
            <advancedOptions dataProtectionLevel="Private" />
          </advancedOptions>
          <option name="port" value="60000" />
        </fileTransfer>
      </webServer>
      <webServer id="49a68e5e-51cb-4917-9c59-81b78ebafae6" name="packages.wmomo.nl" url="http://packages.wmomo.nl">
        <fileTransfer host="packages.wmomo.nl" port="60000" privateKey="$USER_HOME$/.ssh/id_rsa" rootFolder="/var/www/vhosts/wmomo.nl" accessType="SFTP" keyPair="true">
          <advancedOptions>
            <advancedOptions dataProtectionLevel="Private" passiveMode="true" shareSSLContext="true" />
          </advancedOptions>
          <option name="port" value="60000" />
        </fileTransfer>
      </webServer>
      <webServer id="b9a9ff3f-dd8d-47cf-b5c1-30b2042e5292" name="wmomotest.nl zwolle" url="http://zwolle.wmomotest.nl">
        <fileTransfer host="zwolle.wmomotest.nl" port="60000" privateKey="$USER_HOME$/.ssh/id_rsa" rootFolder="/var/www/vhosts/wmomotest.nl/zwolle.wmomotest.nl" accessType="SFTP" keyPair="true">
          <advancedOptions>
            <advancedOptions dataProtectionLevel="Private" passiveMode="true" shareSSLContext="true" />
          </advancedOptions>
          <option name="port" value="60000" />
        </fileTransfer>
      </webServer>
      <webServer id="90f881a3-49b4-47dd-8b4d-20e5e198d3d9" name="wmomotest.nl markant-dev" url="http://markant-dev.wmomotest.nl">
        <fileTransfer host="markant-dev.wmomotest.nl" port="60000" privateKey="$USER_HOME$/.ssh/id_rsa" rootFolder="/var/www/vhosts/wmomotest.nl/markant-dev.wmomotest.nl" accessType="SFTP" keyPair="true">
          <advancedOptions>
            <advancedOptions dataProtectionLevel="Private" passiveMode="true" shareSSLContext="true" />
          </advancedOptions>
          <option name="port" value="60000" />
        </fileTransfer>
      </webServer>
      <webServer id="7233a39d-05a4-438c-addc-08cfa9acc5b3" name="radic.ninja" url="https://radic.ninja">
        <fileTransfer host="packages.radic.ninja" port="60000" privateKey="$USER_HOME$/.ssh/id_rsa" rootFolder="/var/www/vhosts/radic.ninja" accessType="SFTP" keyPair="true">
          <advancedOptions>
            <advancedOptions dataProtectionLevel="Private" />
          </advancedOptions>
          <option name="port" value="60000" />
        </fileTransfer>
      </webServer>
      <webServer id="77f6fd09-d065-4542-afe9-a3b8b4d84bc2" name="py.radic.ninja" url="https://py.radic.ninja">
        <fileTransfer host="py.radic.ninja" port="60000" privateKey="$USER_HOME$/.ssh/id_rsa" rootFolder="/var/www/vhosts/radic.ninja/py.radic.ninja" accessType="SFTP" keyPair="true">
          <advancedOptions>
            <advancedOptions dataProtectionLevel="Private" />
          </advancedOptions>
          <option name="port" value="60000" />
        </fileTransfer>
      </webServer>
      <webServer id="203c9676-7566-4d76-908e-39405a362ec2" name="vrijwilligersplatform.info" url="https://vrijwilligersplatform.info">
        <fileTransfer host="vrijwilligersplatform.info" port="21">
          <advancedOptions>
            <advancedOptions dataProtectionLevel="Private" passiveMode="true" shareSSLContext="true" />
          </advancedOptions>
          <option name="port" value="21" />
        </fileTransfer>
      </webServer>
      <webServer id="f110fe58-9e9d-4355-8ad0-3bdc702eaed3" name="codex.wmomo.nl" url="http://codex.wmomo.nl">
        <fileTransfer host="codex.wmomo.nl" port="60000" privateKey="$USER_HOME$/.ssh/id_rsa" rootFolder="/var/www/vhosts/wmomo.nl" accessType="SFTP" keyPair="true">
          <advancedOptions>
            <advancedOptions dataProtectionLevel="Private" passiveMode="true" shareSSLContext="true" />
          </advancedOptions>
          <option name="port" value="60000" />
        </fileTransfer>
      </webServer>
      <webServer id="5775a18d-328a-4215-9722-d32dc0c3ba29" name="wmomotest.nl markant" url="http://markant.wmomotest.nl">
        <fileTransfer host="zwolle.wmomotest.nl" port="60000" privateKey="$USER_HOME$/.ssh/id_rsa" rootFolder="/var/www/vhosts/wmomotest.nl/markant.wmomotest.nl" accessType="SFTP" keyPair="true">
          <advancedOptions>
            <advancedOptions dataProtectionLevel="Private" passiveMode="true" shareSSLContext="true" />
          </advancedOptions>
          <option name="port" value="60000" />
        </fileTransfer>
      </webServer>
      <webServer id="37af7cfb-bc60-4229-bec4-04e4d3985045" name="wmomotest.nl" url="https://wmomotest.nl">
        <fileTransfer host="wmomotest.nl" port="60000" privateKey="$USER_HOME$/.ssh/id_rsa" rootFolder="/var/www/vhosts/wmomotest.nl" accessType="SFTP" keyPair="true">
          <advancedOptions>
            <advancedOptions dataProtectionLevel="Private" passiveMode="true" shareSSLContext="true" />
          </advancedOptions>
          <option name="port" value="60000" />
        </fileTransfer>
      </webServer>
      <webServer id="d6e31ba9-dc3e-420e-853d-4f3b19e2d2c6" name="wmomotest.nl crvs" url="http://markant.wmomotest.nl">
        <fileTransfer host="zwolle.wmomotest.nl" port="60000" privateKey="$USER_HOME$/.ssh/id_rsa" rootFolder="/var/www/vhosts/wmomotest.nl/crvs.wmomotest.nl" accessType="SFTP" keyPair="true">
          <advancedOptions>
            <advancedOptions dataProtectionLevel="Private" passiveMode="true" shareSSLContext="true" />
          </advancedOptions>
          <option name="port" value="60000" />
        </fileTransfer>
      </webServer>
      <webServer id="be98227e-b022-4b7b-b0af-9f9314155688" name="crvs-markant.nl" url="https://crvs-markant.nl">
        <fileTransfer host="crvs-markant.nl" port="22" privateKey="$USER_HOME$/.ssh/id_rsa" rootFolder="/home/markant" accessType="SFTP" keyPair="true">
          <advancedOptions>
            <advancedOptions dataProtectionLevel="Private" passiveMode="true" shareSSLContext="true" />
          </advancedOptions>
          <option name="port" value="22" />
        </fileTransfer>
      </webServer>
      <webServer id="89b2264e-6337-4f74-bd8c-4885ccd50d8c" name="crvs-sustvarius.nl" url="https://crvs-markant.nl">
        <fileTransfer host="crvs-sustvarius.nl" port="22" privateKey="$USER_HOME$/.ssh/id_rsa" rootFolder="/home/sustva" accessType="SFTP" keyPair="true">
          <advancedOptions>
            <advancedOptions dataProtectionLevel="Private" passiveMode="true" shareSSLContext="true" />
          </advancedOptions>
          <option name="port" value="22" />
        </fileTransfer>
      </webServer>
      <webServer id="5b8f367f-32d0-44fd-ba17-8ca85b60b8fa" name="wmomotest.nl sustvarius" url="https://sustvarius.wmomotest.nl">
        <fileTransfer host="sustvarius.wmomotest.nl" port="60000" privateKey="$USER_HOME$/.ssh/id_rsa" rootFolder="/var/www/vhosts/wmomotest.nl/sustvarius.wmomotest.nl" accessType="SFTP" keyPair="true">
          <advancedOptions>
            <advancedOptions dataProtectionLevel="Private" passiveMode="true" shareSSLContext="true" />
          </advancedOptions>
          <option name="port" value="60000" />
        </fileTransfer>
      </webServer>
      <webServer id="adbd1f98-f341-4bc5-b045-60000a0803cf" name="crvs.nu" url="https://crvs.nu">
        <fileTransfer host="crvs.nu" port="22" privateKey="$USER_HOME$/.ssh/id_rsa" rootFolder="/home/crvsnu" accessType="SFTP" keyPair="true">
          <advancedOptions>
            <advancedOptions dataProtectionLevel="Private" passiveMode="true" shareSSLContext="true" />
          </advancedOptions>
          <option name="port" value="22" />
        </fileTransfer>
      </webServer>
      <webServer id="fc142d9e-fc70-4c1c-b934-6f91d2818e93" name="samenleeuwarden.nl" url="https://samenleeuwarden.nl">
        <fileTransfer host="samenleeuwarden.nl" port="22" privateKey="$USER_HOME$/.ssh/id_rsa" rootFolder="/home/leeuwarden/" accessType="SFTP" keyPair="true">
          <advancedOptions>
            <advancedOptions dataProtectionLevel="Private" passiveMode="true" shareSSLContext="true" />
          </advancedOptions>
          <option name="port" value="22" />
        </fileTransfer>
      </webServer>
      <webServer id="662e5bef-bd64-4eb2-b87c-6fe9cba459f7" name="crvs-zwd.nl" url="http://crvs-zwd.nl">
        <fileTransfer host="crvs-zwd.nl" port="22" privateKey="$USER_HOME$/.ssh/id_rsa" rootFolder="/home/zwolle" accessType="SFTP" keyPair="true">
          <advancedOptions>
            <advancedOptions dataProtectionLevel="Private" passiveMode="true" shareSSLContext="true" />
          </advancedOptions>
          <option name="port" value="22" />
        </fileTransfer>
      </webServer>
      <webServer id="c4354b02-00bc-4a9f-8cd7-87b2bc18aec1" name="crvs-zwd.nl staging" url="http://crvs-zwd.nl">
        <fileTransfer host="crvs-zwd.nl" port="22" privateKey="$USER_HOME$/.ssh/id_rsa" rootFolder="/home/zwolle/domains/staging.crvs-zwd.nl" accessType="SFTP" keyPair="true">
          <advancedOptions>
            <advancedOptions dataProtectionLevel="Private" passiveMode="true" shareSSLContext="true" />
          </advancedOptions>
          <option name="port" value="22" />
        </fileTransfer>
      </webServer>
      <webServer id="ece40eeb-2a54-4bbe-bbda-7d6cd3ac837a" name="crvs-vmca.nl" url="http://crvs-vmca.nl">
        <fileTransfer host="crvs-vmca.nl" port="22" privateKey="$USER_HOME$/.ssh/id_rsa" rootFolder="/home/vmca" accessType="SFTP" keyPair="true">
          <advancedOptions>
            <advancedOptions dataProtectionLevel="Private" passiveMode="true" shareSSLContext="true" />
          </advancedOptions>
          <option name="port" value="22" />
        </fileTransfer>
      </webServer>
      <webServer id="532e47e3-f1ee-472c-87fe-055e1c34dc54" name="crvs-manteling.nl" url="https://crvs-manteling.nl">
        <fileTransfer host="crvs-manteling.nl" port="22" privateKey="$USER_HOME$/.ssh/id_rsa" rootFolder="/home/manteling" accessType="SFTP" keyPair="true">
          <advancedOptions>
            <advancedOptions dataProtectionLevel="Private" passiveMode="true" shareSSLContext="true" />
          </advancedOptions>
          <option name="port" value="22" />
        </fileTransfer>
      </webServer>
      <webServer id="366c4f48-b3b4-4791-a4e1-3c76d0194143" name="crvs-ahn.nl" url="https://crvs-ahn.nl">
        <fileTransfer host="crvs-ahn.nl" port="22" privateKey="$USER_HOME$/.ssh/id_rsa" rootFolder="/home/ahngein" accessType="SFTP" keyPair="true">
          <advancedOptions>
            <advancedOptions dataProtectionLevel="Private" passiveMode="true" shareSSLContext="true" />
          </advancedOptions>
          <option name="port" value="22" />
        </fileTransfer>
      </webServer>
      <webServer id="77cb9480-984f-45fe-a38d-db313611d6bf" name="crvs.wmomo.nl" url="https://crvs.wmomo.nl">
        <fileTransfer host="crvs.wmomo.nl" port="60000" privateKey="$USER_HOME$/.ssh/id_rsa" rootFolder="/var/www/vhosts/wmomo.nl/crvs.wmomo.nl" accessType="SFTP" keyPair="true">
          <advancedOptions>
            <advancedOptions dataProtectionLevel="Private" passiveMode="true" shareSSLContext="true" />
          </advancedOptions>
          <option name="port" value="60000" />
        </fileTransfer>
      </webServer>
      <webServer id="af3b9a8d-5935-40e8-b7b8-a3e099d7c4d5" name="wmomo.nl" url="https://crvs.wmomo.nl">
        <fileTransfer host="crvs.wmomo.nl" port="60000" privateKey="$USER_HOME$/.ssh/id_rsa" rootFolder="/var/www/vhosts/wmomo.nl" accessType="SFTP" keyPair="true">
          <advancedOptions>
            <advancedOptions dataProtectionLevel="Private" passiveMode="true" shareSSLContext="true" />
          </advancedOptions>
          <option name="port" value="60000" />
        </fileTransfer>
      </webServer>
    </option>
  </component>
</application>