<application>
  <component name="AppStorage">
    <histories>
      <item value="date format" />
      <item value="retreived" />
      <item value="Codex::extend(AttributesExtension::class); Codex::extend(MarkdownExtension::class); Codex::extend(RestructuredTextExtension::class);" />
      <item value="push To" />
      <item value="progress" />
      <item value="driver Names" />
      <item value="Spider" />
      <item value="CP" />
      <item value="init" />
      <item value="string" />
      <item value="this" />
      <item value="events" />
      <item value="admin" />
      <item value="log Start" />
      <item value="Copyright" />
      <item value="sqlite" />
      <item value="drag To Create Event" />
      <item value="$address" />
      <item value="object" />
      <item value="{ \Platform::addWebpackEntry('@pyro/table_filters-extension'); TableBuilder::when('ready', function (TableBuilder $builder) { if ( ! $builder instanceof TableFiltersInterface) {" />
      <item value="Info" />
      <item value="Issue" />
      <item value="view" />
      <item value="ketenparnter id" />
      <item value="generic migrations" />
      <item value="description" />
      <item value="migrateOthers($migrator); }" />
      <item value="such" />
      <item value="sort" />
      <item value="Throwable" />
      <item value="Illuminate" />
      <item value="troughout" />
      <item value="static getDefaultConfig(){" />
      <item value="$row" />
      <item value="dispatch Now" />
      <item value="$dossier Model" />
      <item value="get Active Sheet" />
      <item value="assets" />
      <item value="api" />
      <item value="Crvs" />
      <item value="cd $MYDIR" />
      <item value="display name" />
      <item value="Medewerker" />
      <item value="base" />
      <item value="value" />
      <item value="set" />
      <item value="R 4 w%0 z 4 t" />
      <item value="artisan" />
      <item value="framework" />
      <item value="&quot;composer.scripts.json&quot;, &quot;composer.dependencies.json&quot;" />
    </histories>
    <option name="languageScores">
      <map>
        <entry key="CHINESE" value="22" />
        <entry key="ENGLISH" value="110" />
        <entry key="FRENCH" value="1" />
        <entry key="DUTCH" value="3" />
        <entry key="SWEDISH" value="1" />
      </map>
    </option>
  </component>
  <component name="Cache">
    <option name="lastTrimTime" value="1618418483947" />
  </component>
  <component name="Settings">
    <option name="googleTranslateSettings">
      <google-translate>
        <option name="useTranslateGoogleCom" value="true" />
      </google-translate>
    </option>
  </component>
</application>