<application>
  <component name="AppStorage">
    <histories>
      <item value="display name" />
      <item value="Medewerker" />
      <item value="base" />
      <item value="value" />
      <item value="set" />
      <item value="R 4 w%0 z 4 t" />
      <item value="artisan" />
      <item value="framework" />
      <item value="&quot;composer.scripts.json&quot;, &quot;composer.dependencies.json&quot;" />
      <item value="-&gt;set('deploy_path', '~/development.ci.wmomo.nl');" />
      <item value="this.tasks.forEach(task =&gt; { task.enabled = task.depends.map(id =&gt; this.getTask(id)).filter(task =&gt; !task.passed).length === 0; });" />
      <item value="http://novapackages.test/login/github/callback" />
      <item value="protected static $desc" />
      <item value="merge" />
      <item value="$checks" />
      <item value="disabled" />
      <item value="description" />
      <item value="Get Jenkins Job" />
      <item value="$request" />
      <item value="parallel" />
      <item value="File View Finder" />
      <item value="direct admin" />
      <item value="PHP Storm" />
      <item value="of" />
      <item value="exclude" />
      <item value="icon" />
      <item value="data" />
      <item value="$extensions" />
      <item value="link" />
      <item value="$id" />
      <item value="var" />
      <item value="json" />
      <item value="form" />
      <item value="Fr" />
      <item value="1" />
      <item value="idea" />
      <item value="Participant" />
      <item value="Domain" />
      <item value="Client Portal" />
      <item value="get Context" />
      <item value="$exit Code" />
      <item value="$this" />
      <item value="php" />
      <item value="Activity Seeder" />
      <item value="Admin Controller" />
      <item value="Add Activities To Profile Builders" />
      <item value="$asset" />
      <item value="css" />
      <item value="close" />
      <item value="Observer Changed Function" />
    </histories>
    <option name="languageScores">
      <map>
        <entry key="CHINESE" value="22" />
        <entry key="ENGLISH" value="81" />
        <entry key="FRENCH" value="1" />
        <entry key="DUTCH" value="1" />
        <entry key="SWEDISH" value="1" />
      </map>
    </option>
  </component>
  <component name="Settings">
    <option name="googleTranslateSettings">
      <google-translate>
        <option name="useTranslateGoogleCom" value="true" />
      </google-translate>
    </option>
    <option name="ignoreRegExp" value="" />
  </component>
</application>