<application>
  <component name="AppStorage">
    <histories>
      <item value="Participant" />
      <item value="Domain" />
      <item value="Client Portal" />
      <item value="get Context" />
      <item value="$exit Code" />
      <item value="$this" />
      <item value="php" />
      <item value="Activity Seeder" />
      <item value="Admin Controller" />
      <item value="Add Activities To Profile Builders" />
      <item value="$asset" />
      <item value="css" />
      <item value="close" />
      <item value="Observer Changed Function" />
      <item value="Application" />
      <item value="color" />
      <item value="name" />
      <item value="get Columns" />
      <item value="Examples" />
      <item value="$sort order" />
      <item value="$cache" />
      <item value="r" />
      <item value="dialog Vnode" />
      <item value="Action Registry" />
      <item value="string" />
      <item value="Parent Interface" />
      <item value="Fields Controller" />
      <item value="create" />
      <item value="klantportaal" />
      <item value="to Array" />
      <item value="injectable" />
      <item value="use HasEnabledAttribute; use HasTitleAttribute;" />
      <item value="$commit" />
      <item value="$refs" />
      <item value="pyro" />
      <item value="获取导出的所有文件类型" />
      <item value="目标组件渲染的事件" />
      <item value="req" />
      <item value="渲染类型" />
      <item value="表格的尺寸" />
      <item value="给表头单元格附加" />
      <item value="是否服务端排序" />
      <item value="是否允许排序" />
      <item value="Table Repository" />
      <item value="筛选配置项" />
      <item value="额外的参数" />
      <item value="当内容过长时显示为省略号" />
      <item value="当表头内容过长时显示为省略号" />
      <item value="配套的样式" />
      <item value="筛选渲染配置项" />
    </histories>
    <option name="languageScores">
      <map>
        <entry key="CHINESE" value="22" />
        <entry key="ENGLISH" value="51" />
        <entry key="FRENCH" value="1" />
      </map>
    </option>
  </component>
  <component name="Settings">
    <option name="googleTranslateSettings">
      <google-translate>
        <option name="useTranslateGoogleCom" value="true" />
      </google-translate>
    </option>
    <option name="ignoreRegExp" value="" />
  </component>
</application>