<keymap version="1" name="Visual Studio copy" parent="Visual Studio">
  <action id="DatabaseView.OpenFamilyAction" />
  <action id="EditSource" />
  <action id="ExternalSystem.OpenConfig" />
  <action id="Jdbc.OpenEditor.Data" />
  <action id="OpenBookmarkGroup" />
  <action id="ProjectViewEditSource" />
  <action id="RemoteHostView.EditSource" />
  <action id="Run">
    <keyboard-shortcut first-keystroke="ctrl f5" />
    <keyboard-shortcut first-keystroke="f4" />
  </action>
  <action id="Sql.EditParameter" />
</keymap>