<keymap version="1" name="XWin copy" parent="Default for XWin">
  <action id="CopyElement" />
  <action id="DatabaseView.OpenFamilyAction" />
  <action id="Debug">
    <keyboard-shortcut first-keystroke="shift f9" />
    <keyboard-shortcut first-keystroke="f5" />
  </action>
  <action id="EditSource" />
  <action id="ExternalSystem.OpenConfig" />
  <action id="Graph.RouteEdges" />
  <action id="IntroduceField" />
  <action id="Jdbc.OpenEditor.Data" />
  <action id="OpenBookmarkGroup" />
  <action id="ProjectViewEditSource" />
  <action id="ReformatCode">
    <keyboard-shortcut first-keystroke="ctrl alt l" />
    <keyboard-shortcut first-keystroke="ctrl alt f" />
  </action>
  <action id="RemoteHostView.EditSource" />
  <action id="Run">
    <keyboard-shortcut first-keystroke="shift f10" />
    <keyboard-shortcut first-keystroke="f4" />
  </action>
  <action id="ShowFilterPopup" />
  <action id="Sql.EditParameter" />
  <action id="StepInto">
    <keyboard-shortcut first-keystroke="f7" />
    <keyboard-shortcut first-keystroke="ctrl numpad6" />
  </action>
  <action id="StepOut">
    <keyboard-shortcut first-keystroke="shift f8" />
    <keyboard-shortcut first-keystroke="ctrl numpad4" />
  </action>
  <action id="StepOver">
    <keyboard-shortcut first-keystroke="f8" />
    <keyboard-shortcut first-keystroke="ctrl numpad2" />
  </action>
  <action id="UsageGrouping.FileStructure" />
</keymap>